id_zona,lat,lon,data_referencia,chuva_mm,temperatura_media,umidade_media,densidade_populacional,altitude_m,declividade_terreno,proximidade_curso_agua_km,tipo_solo,uso_solo,acessibilidade,atividade_sismica_recente,tipo_evento,ocorrencia_evento,risco_previsto,mes,estacao,regiao_brasil
Z_0001_CEN,-12.86759,-53.27449,2023-08-23,18.0,34.7,50.885867722067715,468.6,1106.0,6.9,2.2,latossolo,floresta,baixa,0,nenhum,0,MUITO BAIXO,8,inverno,CentroOeste_Cerrado_Pantanal
Z_0002_SUD,-18.99161,-40.68193,2024-05-02,281.1,24.7,92.8,4875.1,581.9,54.5,21.9,argiloso,urbano,alta,0,deslizamento,1,ALTO,5,outono,Sudeste_Montanhoso_Litoraneo
Z_0003_CEN,-18.80198,-56.07392,2024-12-28,147.4,37.5,51.5,347.0,1027.7,14.0,2.6,argiloso,pastagem,alta,0,incêndio,0,BAIXO,12,verao,CentroOeste_Cerrado_Pantanal
Z_0004_CEN,-7.72426,-46.35066,2024-09-27,173.0,18.4,59.2,232.4,854.6,19.1,7.6,latossolo,area_umida,alta,0,seca,0,BAIXO,9,primavera,CentroOeste_Cerrado_Pantanal
Z_0005_SUL,-28.72489,-53.90788,2023-06-25,240.3,25.4,56.1680941358414,3930.6,1778.0,14.0,18.5,arenoso_argiloso,pastagem,baixa,0,nenhum,0,MUITO BAIXO,6,inverno,Sul_Campos_Planalto
Z_0006_SUL,-26.28414,-57.15047,2023-01-10,115.1,20.5,74.0,4252.9,659.7,16.7,16.2,organico,rural,baixa,0,inundação,0,BAIXO,1,verao,Sul_Campos_Planalto
Z_0007_SUL,-32.19041,-48.49068,2023-11-13,248.7,31.3,87.8,442.7,778.2,17.7,4.1,organico,rural,media,0,vendaval,0,MÉDIO,11,primavera,Sul_Campos_Planalto
Z_0008_NOR,-4.03227,-64.9634,2024-10-17,287.7,32.8,74.9,3161.7,361.6,2.1,25.2,organico,rural,media,0,nenhum,0,MUITO BAIXO,10,primavera,Norte_Amazonia
Z_0009_NOR,-6.01013,-61.5415,2023-08-21,301.1,35.1,90.7,3380.5,489.5,2.8,9.3,organico,area_umida,baixa,1,inundação,0,MÉDIO,8,inverno,Norte_Amazonia
Z_0010_NOR,1.72219,-72.91076,2023-08-27,337.1,28.6,94.0,1093.9,343.4,2.6,47.8,argiloso,urbano,media,0,vendaval,0,BAIXO,8,inverno,Norte_Amazonia
Z_0011_NOR,-12.43208,-43.99106,2023-03-13,19.3,36.6,64.2,49.5,512.4,12.6,10.2,argiloso_seco,pastagem,baixa,0,nenhum,0,MUITO BAIXO,3,outono,Nordeste_Sertao
Z_0012_NOR,-2.79222,-73.60525,2024-04-11,323.3,24.4,79.2,572.5,289.2,13.9,65.7,argiloso,rural,baixa,0,inundação,0,BAIXO,4,outono,Norte_Amazonia
Z_0013_NOR,-3.58492,-66.77938,2024-02-29,328.4,25.4,83.4,3896.8,309.4,17.7,6.2,argiloso,area_umida,baixa,1,nenhum,0,MUITO BAIXO,2,verao,Norte_Amazonia
Z_0014_NOR,-0.22756,-49.22775,2024-01-10,245.6,29.5,74.8,1961.1,483.3,16.0,55.9,organico,area_umida,media,0,nenhum,0,MUITO BAIXO,1,verao,Norte_Amazonia
Z_0015_SUD,-20.71846,-43.94463,2023-06-20,91.9,18.8,55.15140069398834,2371.6,2590.8,28.7,13.2,organico,pastagem,baixa,1,deslizamento,0,BAIXO,6,inverno,Sudeste_Montanhoso_Litoraneo
Z_0016_SUD,-18.72266,-43.91152,2023-11-10,339.9,23.3,75.5,4128.4,1066.8,47.9,15.6,organico,pastagem,baixa,0,deslizamento,1,ALTO,11,primavera,Sudeste_Montanhoso_Litoraneo
Z_0017_NOR,-9.6755,-41.05456,2023-11-18,24.7,27.3,33.7,317.8,312.5,26.7,4.2,arenoso,rural,alta,0,nenhum,0,MUITO BAIXO,11,primavera,Nordeste_Sertao
Z_0018_NOR,-9.00875,-70.59463,2023-08-07,189.6,28.8,80.4,1759.5,352.2,10.2,37.6,arenoso,area_umida,baixa,0,inundação,0,MÉDIO,8,inverno,Norte_Amazonia
Z_0019_CEN,-22.31314,-58.41985,2024-06-05,27.6,33.4,58.05997099479686,484.2,1044.7,24.5,0.2,argiloso,area_umida,alta,0,nenhum,0,MUITO BAIXO,6,inverno,CentroOeste_Cerrado_Pantanal
Z_0020_NOR,-8.9043,-40.84555,2024-07-17,4.4,33.5,25.831330820362368,81.5,644.1,22.5,16.6,rochoso,rural,media,0,incêndio,1,MÉDIO,7,inverno,Nordeste_Sertao
Z_0021_SUD,-21.81518,-49.15524,2023-03-25,190.2,19.1,91.5,3922.3,2064.1,56.9,2.0,organico,rural,media,0,deslizamento,0,MÉDIO,3,outono,Sudeste_Montanhoso_Litoraneo
Z_0022_SUL,-33.3771,-49.70744,2024-09-21,163.5,13.4,51.3,4406.1,1133.2,20.3,7.5,organico,pastagem,baixa,0,nenhum,0,MUITO BAIXO,9,primavera,Sul_Campos_Planalto
Z_0023_NOR,-0.37185,-58.93019,2023-12-11,168.8,22.5,76.3,4338.1,216.6,6.7,1.9,argiloso,rural,media,1,nenhum,0,MUITO BAIXO,12,verao,Norte_Amazonia
Z_0024_NOR,-15.01291,-40.95543,2023-09-22,26.1,33.4,69.4,187.0,148.5,16.8,24.7,argiloso_seco,pastagem,baixa,0,nenhum,0,MUITO BAIXO,9,primavera,Nordeste_Sertao
Z_0025_CEN,-12.23781,-53.54279,2024-02-13,149.7,19.0,42.9,249.7,172.1,13.5,9.2,argiloso,area_umida,media,0,nenhum,0,MUITO BAIXO,2,verao,CentroOeste_Cerrado_Pantanal
Z_0026_SUL,-22.72332,-49.56459,2024-03-05,217.7,13.9,87.7,96.1,1307.6,16.2,3.4,argiloso,urbano,alta,0,inundação,0,BAIXO,3,outono,Sul_Campos_Planalto
Z_0027_NOR,-3.69375,-40.93436,2023-05-20,86.3,28.0,39.9,286.1,842.2,11.5,4.9,argiloso_seco,rural,media,0,nenhum,0,MUITO BAIXO,5,outono,Nordeste_Sertao
Z_0028_SUD,-24.494,-42.39171,2023-01-03,298.4,26.7,54.0,3581.9,12.5,48.0,19.2,rochoso,pastagem,baixa,0,nenhum,0,MUITO BAIXO,1,verao,Sudeste_Montanhoso_Litoraneo
Z_0029_NOR,-15.64356,-42.71281,2023-04-21,36.9,26.3,48.2,194.5,776.5,3.8,29.7,argiloso_seco,rural,baixa,0,nenhum,0,MUITO BAIXO,4,outono,Nordeste_Sertao
Z_0030_SUL,-32.87715,-56.65047,2023-05-01,165.6,10.7,81.4,4851.0,1396.5,19.4,29.3,arenoso_argiloso,floresta,media,0,nenhum,0,MUITO BAIXO,5,outono,Sul_Campos_Planalto
Z_0031_NOR,-10.38851,-43.96314,2023-07-27,14.2,25.9,42.39974154704166,367.9,992.9,21.8,26.6,arenoso,pastagem,baixa,0,nenhum,0,MUITO BAIXO,7,inverno,Nordeste_Sertao
Z_0032_SUD,-23.55406,-46.21218,2023-10-01,169.1,22.6,55.1,1616.6,799.2,32.8,28.2,rochoso,floresta,media,1,vendaval,0,BAIXO,10,primavera,Sudeste_Montanhoso_Litoraneo
Z_0033_NOR,3.61772,-67.01607,2024-04-17,379.6,24.3,73.9,4398.1,170.8,4.8,43.5,argiloso,urbano,alta,0,incêndio,0,BAIXO,4,outono,Norte_Amazonia
Z_0034_NOR,-13.10574,-38.51656,2024-03-23,59.2,28.7,49.5,87.7,700.3,0.4,16.9,argiloso_seco,rural,baixa,0,seca,0,BAIXO,3,outono,Nordeste_Sertao
Z_0035_NOR,-3.04734,-65.11497,2023-08-08,161.9,35.7,93.7,3272.6,218.0,18.0,1.3,argiloso,urbano,alta,0,nenhum,0,MUITO BAIXO,8,inverno,Norte_Amazonia
Z_0036_NOR,-7.80826,-40.04427,2023-05-02,26.5,39.4,64.4,332.5,395.5,15.2,23.1,arenoso,pastagem,alta,0,incêndio,0,BAIXO,5,outono,Nordeste_Sertao
Z_0037_SUD,-18.06881,-41.86117,2024-07-19,206.1,25.6,67.00785531879504,4584.0,2660.8,41.5,4.7,rochoso,urbano,alta,0,inundação,0,BAIXO,7,inverno,Sudeste_Montanhoso_Litoraneo
Z_0038_CEN,-15.45581,-48.18406,2024-08-05,17.5,18.1,10.51136203614399,74.4,720.9,5.1,28.8,latossolo,area_umida,media,0,seca,0,BAIXO,8,inverno,CentroOeste_Cerrado_Pantanal
Z_0039_SUD,-22.13117,-46.43774,2024-11-19,111.1,17.8,72.4,661.4,269.8,59.0,7.1,organico,urbano,alta,0,nenhum,0,MUITO BAIXO,11,primavera,Sudeste_Montanhoso_Litoraneo
Z_0040_NOR,-3.89971,-42.91995,2023-12-06,13.2,28.0,50.6,224.1,127.2,29.5,10.2,arenoso,rural,alta,0,nenhum,0,MUITO BAIXO,12,verao,Nordeste_Sertao
Z_0041_CEN,-23.42732,-48.87573,2023-05-07,131.2,26.4,36.2,404.5,325.5,0.6,7.0,latossolo,floresta,media,0,seca,0,BAIXO,5,outono,CentroOeste_Cerrado_Pantanal
Z_0042_NOR,-8.39567,-54.56861,2024-12-03,254.3,33.9,95.9,4514.8,402.4,10.1,68.6,argiloso,urbano,alta,0,nenhum,0,MUITO BAIXO,12,verao,Norte_Amazonia
Z_0043_NOR,2.25834,-53.93079,2024-03-24,408.6,26.3,89.7,3243.7,224.2,13.9,11.4,organico,urbano,media,0,inundação,0,BAIXO,3,outono,Norte_Amazonia
Z_0044_NOR,1.81067,-54.32235,2023-10-11,199.9,36.2,97.6,2558.2,64.8,11.0,20.2,argiloso,rural,baixa,0,inundação,0,MÉDIO,10,primavera,Norte_Amazonia
Z_0045_CEN,-20.14464,-59.41562,2023-03-26,143.2,33.1,72.1,33.9,928.9,3.0,17.8,latossolo,rural,media,0,incêndio,0,BAIXO,3,outono,CentroOeste_Cerrado_Pantanal
Z_0046_NOR,-11.7459,-42.19907,2024-11-28,99.2,40.8,34.0,239.3,869.8,7.9,11.4,rochoso,rural,baixa,0,seca,0,BAIXO,11,primavera,Nordeste_Sertao
Z_0047_NOR,-2.24644,-44.40248,2023-09-21,7.9,41.5,36.5,102.7,767.0,27.4,2.1,arenoso,pastagem,media,0,incêndio,0,MÉDIO,9,primavera,Nordeste_Sertao
Z_0048_SUD,-23.727,-46.80693,2023-02-10,343.7,26.6,68.1,2876.9,336.0,34.6,4.9,rochoso,floresta,baixa,0,nenhum,0,MUITO BAIXO,2,verao,Sudeste_Montanhoso_Litoraneo
Z_0049_NOR,-13.74029,-42.00911,2024-10-16,27.0,40.0,50.4,88.6,835.7,25.9,25.8,rochoso,rural,media,1,nenhum,0,MUITO BAIXO,10,primavera,Nordeste_Sertao
Z_0050_NOR,-2.08034,-38.42822,2024-11-14,12.7,21.9,27.4,33.5,575.5,0.6,14.1,arenoso,rural,baixa,0,incêndio,0,BAIXO,11,primavera,Nordeste_Sertao
Z_0051_CEN,-7.82324,-51.89077,2023-09-30,100.0,30.0,30.4,125.9,922.4,6.3,19.4,latossolo,rural,alta,0,nenhum,0,MUITO BAIXO,9,primavera,CentroOeste_Cerrado_Pantanal
Z_0052_CEN,-14.3069,-51.59875,2023-01-26,85.5,28.6,57.4,57.7,1002.9,9.8,4.1,argiloso,floresta,media,0,seca,0,BAIXO,1,verao,CentroOeste_Cerrado_Pantanal
Z_0053_NOR,-11.83449,-40.49783,2024-01-08,49.4,28.8,34.6,434.1,224.7,16.4,6.5,argiloso_seco,pastagem,alta,0,nenhum,0,MUITO BAIXO,1,verao,Nordeste_Sertao
Z_0054_SUL,-33.03717,-55.57927,2023-07-20,239.2,26.7,22.607585178805866,468.5,375.4,4.0,16.2,arenoso_argiloso,floresta,baixa,0,seca,0,BAIXO,7,inverno,Sul_Campos_Planalto
Z_0055_SUD,-19.82427,-48.7659,2023-03-31,86.3,15.0,77.2,4604.0,1710.6,30.8,14.6,rochoso,floresta,baixa,0,nenhum,0,MUITO BAIXO,3,outono,Sudeste_Montanhoso_Litoraneo
Z_0056_NOR,-4.17366,-44.76231,2024-08-02,1.2,26.2,10.0,119.1,247.0,11.8,6.5,arenoso,pastagem,baixa,0,seca,0,BAIXO,8,inverno,Nordeste_Sertao
Z_0057_NOR,-8.07861,-66.32944,2023-03-12,402.1,24.2,72.4,4521.6,243.1,20.0,19.6,argiloso,urbano,alta,0,inundação,0,BAIXO,3,outono,Norte_Amazonia
Z_0058_NOR,-2.62603,-55.93177,2023-08-12,266.6,27.2,70.4,3815.0,210.2,19.3,5.2,arenoso,area_umida,baixa,0,inundação,0,BAIXO,8,inverno,Norte_Amazonia
Z_0059_SUD,-18.36555,-41.26804,2023-10-21,305.7,34.9,83.0,4991.1,985.0,35.4,29.9,argiloso,rural,media,1,deslizamento,0,BAIXO,10,primavera,Sudeste_Montanhoso_Litoraneo
Z_0060_SUD,-21.3723,-45.36676,2024-08-23,240.4,20.1,34.274552658639294,4284.7,2214.4,56.7,25.3,organico,rural,baixa,0,deslizamento,1,ALTO,8,inverno,Sudeste_Montanhoso_Litoraneo
Z_0061_NOR,-15.28021,-40.46064,2024-11-30,80.7,39.5,65.8,59.3,596.0,11.5,5.6,rochoso,pastagem,alta,0,nenhum,0,MUITO BAIXO,11,primavera,Nordeste_Sertao
Z_0062_SUL,-33.17073,-55.65557,2024-01-09,193.1,21.5,40.2,1072.4,934.0,17.5,10.8,argiloso,rural,alta,0,nenhum,0,MUITO BAIXO,1,verao,Sul_Campos_Planalto
Z_0063_SUL,-22.0771,-55.9835,2023-12-30,239.8,26.3,79.4,3116.3,1323.6,22.0,29.2,organico,pastagem,media,0,nenhum,0,MUITO BAIXO,12,verao,Sul_Campos_Planalto
Z_0064_SUD,-19.34133,-46.67582,2023-06-09,238.5,19.4,46.28259145123975,626.1,2390.2,14.9,27.9,argiloso,floresta,baixa,2,nenhum,0,MUITO BAIXO,6,inverno,Sudeste_Montanhoso_Litoraneo
Z_0065_CEN,-14.06813,-59.12414,2024-08-02,27.8,28.2,17.80437931213325,432.3,1114.1,16.1,21.6,arenoso,area_umida,media,0,seca,0,BAIXO,8,inverno,CentroOeste_Cerrado_Pantanal
Z_0066_NOR,-10.65826,-39.23208,2024-01-20,56.1,39.6,34.4,330.8,636.4,13.1,0.4,arenoso,pastagem,media,0,seca,0,BAIXO,1,verao,Nordeste_Sertao
Z_0067_NOR,-5.36851,-62.89659,2023-12-29,403.3,26.0,78.3,4901.9,38.9,5.5,34.8,argiloso,urbano,alta,0,inundação,1,MÉDIO,12,verao,Norte_Amazonia
Z_0068_SUD,-20.33635,-40.02344,2024-11-06,108.0,30.3,52.7,1451.8,474.7,15.4,25.2,rochoso,rural,baixa,0,nenhum,0,MUITO BAIXO,11,primavera,Sudeste_Montanhoso_Litoraneo
Z_0069_NOR,-5.74884,-71.24291,2024-03-30,246.2,28.7,75.2,3028.1,308.4,12.5,36.0,argiloso,rural,media,0,vendaval,0,MÉDIO,3,outono,Norte_Amazonia
Z_0070_NOR,1.73679,-58.03544,2023-05-07,171.0,33.9,76.7,3522.6,80.0,11.4,9.5,organico,floresta,baixa,0,vendaval,0,BAIXO,5,outono,Norte_Amazonia
Z_0071_SUD,-21.66335,-46.03402,2024-09-23,173.6,34.3,61.5,1950.9,107.2,27.3,28.2,rochoso,rural,alta,0,nenhum,0,MUITO BAIXO,9,primavera,Sudeste_Montanhoso_Litoraneo
Z_0072_SUD,-23.1347,-41.97059,2024-09-03,342.2,19.3,57.3,4674.1,1884.1,11.1,2.2,argiloso,urbano,alta,0,inundação,0,MÉDIO,9,primavera,Sudeste_Montanhoso_Litoraneo
Z_0073_SUD,-23.80505,-42.76185,2023-10-26,234.5,30.4,81.2,1988.4,1155.6,29.6,10.5,rochoso,rural,baixa,0,vendaval,0,BAIXO,10,primavera,Sudeste_Montanhoso_Litoraneo
Z_0074_CEN,-10.90789,-59.20946,2023-07-13,39.9,34.4,10.0,470.3,425.7,20.3,3.2,arenoso,floresta,baixa,0,inundação,0,BAIXO,7,inverno,CentroOeste_Cerrado_Pantanal
Z_0075_NOR,-0.60297,-69.02747,2024-12-03,429.5,31.4,95.6,3954.5,314.5,18.7,31.6,organico,floresta,baixa,0,vendaval,0,BAIXO,12,verao,Norte_Amazonia
Z_0076_SUL,-22.85524,-56.13574,2023-09-22,241.7,13.7,86.2,379.7,546.0,7.8,10.7,arenoso_argiloso,floresta,media,0,seca,0,BAIXO,9,primavera,Sul_Campos_Planalto
Z_0077_SUL,-30.19577,-55.95895,2023-12-18,173.1,11.8,68.4,2184.4,1360.1,29.7,16.5,arenoso_argiloso,pastagem,alta,0,inundação,0,BAIXO,12,verao,Sul_Campos_Planalto
Z_0078_CEN,-5.36361,-56.30247,2023-01-25,73.4,23.0,52.7,254.7,288.9,17.6,8.0,arenoso,area_umida,media,0,inundação,0,BAIXO,1,verao,CentroOeste_Cerrado_Pantanal
Z_0079_SUL,-30.09124,-55.15183,2024-05-18,199.3,23.3,54.5,493.1,148.7,10.1,21.7,arenoso_argiloso,rural,baixa,1,nenhum,0,MUITO BAIXO,5,outono,Sul_Campos_Planalto
Z_0080_NOR,-0.60705,-72.62139,2024-04-05,193.7,33.6,93.6,1848.6,349.3,4.7,25.2,arenoso,floresta,baixa,0,nenhum,0,MUITO BAIXO,4,outono,Norte_Amazonia
Z_0081_NOR,4.22658,-68.84609,2023-08-16,221.5,34.8,94.9,3471.7,300.4,6.7,38.9,organico,rural,baixa,0,incêndio,0,BAIXO,8,inverno,Norte_Amazonia
Z_0082_NOR,-0.59428,-50.56311,2024-07-23,289.6,29.7,93.9,3578.8,315.0,6.9,27.8,organico,area_umida,media,1,inundação,0,MÉDIO,7,inverno,Norte_Amazonia
Z_0083_SUL,-31.96023,-57.48817,2023-05-19,213.0,9.0,64.4,3098.0,254.0,23.6,7.5,argiloso,floresta,baixa,0,nenhum,0,MUITO BAIXO,5,outono,Sul_Campos_Planalto
Z_0084_SUD,-18.29233,-46.17115,2023-05-25,261.8,29.4,63.1,2270.3,606.2,30.0,12.1,argiloso,urbano,alta,0,deslizamento,1,MÉDIO,5,outono,Sudeste_Montanhoso_Litoraneo
Z_0085_SUD,-18.07964,-46.11972,2023-03-01,296.7,19.4,73.9,4930.2,2604.9,26.0,2.1,argiloso,urbano,alta,0,deslizamento,0,MÉDIO,3,outono,Sudeste_Montanhoso_Litoraneo
Z_0086_NOR,0.21052,-68.09915,2024-08-27,331.3,36.6,77.9,4289.9,215.0,19.9,62.2,arenoso,rural,media,0,inundação,0,BAIXO,8,inverno,Norte_Amazonia
Z_0087_NOR,-7.93801,-73.11876,2024-02-20,279.9,37.3,78.1,505.5,498.7,9.9,22.4,arenoso,urbano,alta,0,nenhum,0,MUITO BAIXO,2,verao,Norte_Amazonia
Z_0088_CEN,-13.80137,-51.58935,2024-04-13,192.2,27.1,33.3,352.6,289.7,24.7,19.7,latossolo,rural,media,0,nenhum,0,MUITO BAIXO,4,outono,CentroOeste_Cerrado_Pantanal
Z_0089_SUL,-26.27441,-48.21266,2023-09-26,204.1,10.0,79.9,3160.6,563.2,28.5,13.7,organico,floresta,media,0,deslizamento,1,MÉDIO,9,primavera,Sul_Campos_Planalto
Z_0090_NOR,-7.45217,-70.82792,2023-12-07,162.2,25.3,82.5,4388.2,346.3,14.4,52.0,argiloso,urbano,alta,0,vendaval,0,BAIXO,12,verao,Norte_Amazonia
Z_0091_SUL,-25.44106,-48.41744,2024-07-30,122.9,15.2,38.591915709293325,3291.5,204.0,31.0,1.9,organico,pastagem,baixa,0,inundação,0,BAIXO,7,inverno,Sul_Campos_Planalto
Z_0092_SUD,-20.28581,-41.58832,2023-12-04,137.1,30.9,75.9,3761.4,708.3,28.5,27.3,rochoso,floresta,baixa,0,vendaval,0,BAIXO,12,verao,Sudeste_Montanhoso_Litoraneo
Z_0093_SUD,-18.72236,-47.56987,2024-02-15,260.7,16.4,76.0,3860.7,2348.9,30.4,22.6,organico,urbano,alta,0,deslizamento,0,MÉDIO,2,verao,Sudeste_Montanhoso_Litoraneo
Z_0094_NOR,-11.17804,-41.25939,2023-03-22,96.3,41.4,51.0,304.5,581.8,4.7,23.6,rochoso,pastagem,alta,0,incêndio,0,BAIXO,3,outono,Nordeste_Sertao
Z_0095_CEN,-9.05412,-58.20383,2023-07-16,7.9,36.5,29.76940002169073,354.5,1072.9,2.4,1.8,latossolo,pastagem,alta,0,incêndio,0,MÉDIO,7,inverno,CentroOeste_Cerrado_Pantanal
Z_0096_NOR,-14.0875,-38.34341,2024-07-07,2.3,28.6,16.714654924000683,138.6,209.9,2.0,4.8,rochoso,rural,baixa,0,incêndio,0,BAIXO,7,inverno,Nordeste_Sertao
Z_0097_CEN,-10.73716,-57.57404,2023-09-02,101.6,34.9,51.8,343.7,168.9,22.1,22.3,argiloso,area_umida,baixa,0,incêndio,0,BAIXO,9,primavera,CentroOeste_Cerrado_Pantanal
Z_0098_NOR,-15.94247,-43.43308,2024-06-29,10.2,30.8,18.790389044801003,203.2,446.3,12.5,19.7,arenoso,pastagem,alta,1,seca,0,MÉDIO,6,inverno,Nordeste_Sertao
Z_0099_NOR,-10.56821,-39.50034,2023-09-11,66.4,39.1,34.5,493.5,437.3,3.1,0.2,argiloso_seco,rural,media,0,nenhum,0,MUITO BAIXO,9,primavera,Nordeste_Sertao
Z_0100_SUD,-23.78306,-43.41431,2023-01-05,250.5,28.2,75.4,4231.0,2520.2,6.3,29.1,rochoso,rural,baixa,0,vendaval,0,BAIXO,1,verao,Sudeste_Montanhoso_Litoraneo
Z_0101_SUD,-18.6795,-44.01837,2023-05-03,250.6,22.6,82.2,1853.6,177.2,47.0,20.5,argiloso,pastagem,media,0,deslizamento,1,BAIXO,5,outono,Sudeste_Montanhoso_Litoraneo
Z_0102_NOR,-7.56842,-67.89807,2023-05-28,413.0,32.0,74.3,1307.2,308.7,19.9,61.7,argiloso,area_umida,baixa,0,nenhum,0,MUITO BAIXO,5,outono,Norte_Amazonia
Z_0103_NOR,3.52938,-63.79892,2023-04-11,255.2,24.1,83.5,93.2,362.1,1.4,58.1,organico,rural,media,0,vendaval,0,BAIXO,4,outono,Norte_Amazonia
Z_0104_NOR,4.82745,-72.44404,2023-04-01,187.7,26.0,82.7,4796.7,172.7,18.3,76.2,organico,rural,baixa,0,nenhum,0,MUITO BAIXO,4,outono,Norte_Amazonia
Z_0105_NOR,-13.90579,-43.96112,2024-12-22,17.7,30.3,35.5,78.2,275.7,19.4,15.0,argiloso_seco,rural,alta,0,incêndio,0,BAIXO,12,verao,Nordeste_Sertao
Z_0106_NOR,-9.99184,-42.91248,2024-09-29,22.7,24.6,32.9,24.5,539.4,14.6,16.3,arenoso,pastagem,media,0,nenhum,0,MUITO BAIXO,9,primavera,Nordeste_Sertao
Z_0107_CEN,-9.91852,-52.79712,2023-02-07,179.6,30.4,67.0,347.2,1164.3,3.1,11.1,argiloso,rural,alta,0,inundação,0,BAIXO,2,verao,CentroOeste_Cerrado_Pantanal
Z_0108_SUD,-23.10268,-39.45193,2023-10-17,189.5,34.8,50.0,1818.2,107.9,11.7,4.1,rochoso,floresta,baixa,0,inundação,1,MÉDIO,10,primavera,Sudeste_Montanhoso_Litoraneo
Z_0109_NOR,-3.14835,-39.08491,2023-06-18,25.7,24.3,11.493912972767529,210.6,876.3,27.0,26.8,arenoso,rural,baixa,0,seca,0,BAIXO,6,inverno,Nordeste_Sertao
Z_0110_SUL,-28.85911,-56.85744,2024-07-22,167.4,9.2,45.06486231306004,4545.5,1215.1,32.4,28.8,arenoso_argiloso,rural,baixa,0,inundação,0,BAIXO,7,inverno,Sul_Campos_Planalto
Z_0111_NOR,1.15121,-69.20241,2024-04-15,435.3,29.6,78.5,3891.0,295.5,13.3,78.1,arenoso,rural,baixa,0,inundação,0,BAIXO,4,outono,Norte_Amazonia
Z_0112_SUL,-31.90559,-52.69498,2023-10-27,94.3,10.1,54.1,180.4,1355.9,17.4,0.1,organico,urbano,alta,0,seca,0,BAIXO,10,primavera,Sul_Campos_Planalto
Z_0113_SUD,-22.86902,-48.36417,2023-09-05,268.0,34.5,70.2,4121.0,59.8,46.3,8.8,rochoso,pastagem,baixa,0,vendaval,0,BAIXO,9,primavera,Sudeste_Montanhoso_Litoraneo
Z_0114_SUD,-19.94034,-48.36194,2024-01-24,270.6,18.4,86.4,1554.6,1113.6,55.1,27.6,argiloso,urbano,alta,0,nenhum,0,MUITO BAIXO,1,verao,Sudeste_Montanhoso_Litoraneo
Z_0115_CEN,-14.61844,-56.21998,2024-06-04,24.1,27.6,36.87905877758166,49.8,226.6,6.2,14.4,latossolo,area_umida,alta,0,seca,0,BAIXO,6,inverno,CentroOeste_Cerrado_Pantanal
Z_0116_SUD,-19.79808,-41.04512,2024-12-01,329.3,18.2,75.4,1955.9,2434.4,43.7,20.9,organico,urbano,media,0,deslizamento,1,ALTO,12,verao,Sudeste_Montanhoso_Litoraneo
Z_0117_SUD,-19.69829,-42.99573,2023-11-15,308.7,26.5,52.8,2084.1,1578.0,58.8,17.7,rochoso,floresta,baixa,0,inundação,0,BAIXO,11,primavera,Sudeste_Montanhoso_Litoraneo
Z_0118_CEN,-13.71823,-45.18925,2024-05-28,105.7,35.4,54.0,28.4,465.9,12.1,12.7,argiloso,pastagem,media,0,inundação,0,BAIXO,5,outono,CentroOeste_Cerrado_Pantanal
Z_0119_NOR,-7.06643,-50.09419,2023-11-14,376.4,22.7,91.9,1370.5,321.8,3.9,74.0,organico,floresta,media,0,vendaval,0,BAIXO,11,primavera,Norte_Amazonia
Z_0120_CEN,-11.09894,-46.86028,2023-01-12,87.8,25.8,62.7,19.9,493.9,14.8,16.7,arenoso,pastagem,alta,0,incêndio,0,BAIXO,1,verao,CentroOeste_Cerrado_Pantanal
Z_0121_NOR,-16.01021,-39.20776,2024-06-29,0.2,32.6,52.82578595235464,406.5,889.5,25.2,16.1,argiloso_seco,rural,alta,0,nenhum,0,MUITO BAIXO,6,inverno,Nordeste_Sertao
Z_0122_SUD,-21.05351,-41.32296,2024-02-14,183.2,27.0,77.4,542.8,1117.7,48.0,14.6,organico,urbano,alta,0,deslizamento,1,MÉDIO,2,verao,Sudeste_Montanhoso_Litoraneo
Z_0123_SUD,-19.36306,-41.05604,2024-03-19,90.1,22.2,74.4,4656.3,2097.6,40.4,4.5,argiloso,urbano,media,0,vendaval,0,BAIXO,3,outono,Sudeste_Montanhoso_Litoraneo
Z_0124_NOR,-5.39576,-68.68072,2024-09-06,362.8,32.6,85.4,1484.2,391.0,1.1,8.9,argiloso,area_umida,media,0,inundação,0,MÉDIO,9,primavera,Norte_Amazonia
Z_0125_SUD,-24.24532,-40.41048,2023-05-16,223.2,21.7,87.5,4442.5,1391.2,55.0,15.6,rochoso,floresta,media,0,nenhum,0,MUITO BAIXO,5,outono,Sudeste_Montanhoso_Litoraneo
Z_0126_SUL,-22.38155,-53.55335,2024-06-05,238.4,10.8,46.49661481671467,2516.0,855.6,21.2,15.3,argiloso,pastagem,baixa,0,nenhum,0,MUITO BAIXO,6,inverno,Sul_Campos_Planalto
Z_0127_SUL,-22.39022,-57.17571,2023-06-15,156.6,5.7,45.67256345181614,2612.9,349.6,2.3,29.8,organico,urbano,alta,0,nenhum,0,MUITO BAIXO,6,inverno,Sul_Campos_Planalto
Z_0128_SUL,-30.85289,-55.34476,2023-07-24,219.6,27.8,51.10564854813399,1387.1,166.8,1.8,16.4,argiloso,pastagem,alta,0,seca,0,BAIXO,7,inverno,Sul_Campos_Planalto
Z_0129_NOR,-2.5642,-65.53523,2024-08-21,248.7,24.4,81.7,4485.4,432.9,0.8,47.0,arenoso,urbano,alta,1,vendaval,0,BAIXO,8,inverno,Norte_Amazonia
Z_0130_NOR,-5.63489,-73.97887,2023-09-10,341.1,36.5,84.0,1115.6,135.8,8.6,42.5,arenoso,rural,media,0,vendaval,0,MÉDIO,9,primavera,Norte_Amazonia
Z_0131_NOR,0.61833,-69.12584,2023-09-22,161.0,34.0,99.2,2329.9,245.3,19.9,4.2,organico,rural,baixa,0,vendaval,0,BAIXO,9,primavera,Norte_Amazonia
Z_0132_SUL,-25.86558,-49.53729,2024-06-29,91.2,27.1,46.37546289612377,1772.4,82.2,10.7,20.5,argiloso,floresta,media,0,inundação,0,BAIXO,6,inverno,Sul_Campos_Planalto
Z_0133_NOR,-5.61676,-38.91838,2023-03-28,12.1,32.6,25.3,324.7,128.3,3.4,5.5,argiloso_seco,pastagem,media,0,incêndio,1,MÉDIO,3,outono,Nordeste_Sertao
Z_0134_NOR,-2.00419,-70.33685,2023-08-28,269.4,36.2,70.4,3249.1,425.6,0.2,59.2,argiloso,floresta,baixa,0,inundação,0,BAIXO,8,inverno,Norte_Amazonia
Z_0135_CEN,-16.69305,-47.3135,2023-02-01,65.3,25.4,74.9,246.1,607.3,21.8,22.0,argiloso,pastagem,alta,0,nenhum,0,MUITO BAIXO,2,verao,CentroOeste_Cerrado_Pantanal
Z_0136_SUD,-23.89297,-40.79696,2024-06-01,339.9,23.6,55.13736644031445,1740.7,626.2,47.9,5.1,rochoso,rural,alta,0,inundação,0,BAIXO,6,inverno,Sudeste_Montanhoso_Litoraneo
Z_0137_NOR,-4.29295,-43.73583,2023-06-08,3.1,22.3,25.020803633356266,129.2,343.9,2.2,15.1,argiloso_seco,rural,media,0,seca,0,BAIXO,6,inverno,Nordeste_Sertao
Z_0138_SUD,-22.02371,-39.79419,2024-01-28,199.2,17.9,70.0,3118.0,2379.0,55.0,12.4,organico,rural,baixa,0,deslizamento,0,MÉDIO,1,verao,Sudeste_Montanhoso_Litoraneo
Z_0139_SUL,-31.44673,-49.27684,2024-01-06,211.9,17.2,84.8,3926.9,79.6,14.9,21.1,argiloso,floresta,media,0,inundação,0,MÉDIO,1,verao,Sul_Campos_Planalto
Z_0140_SUL,-32.81752,-50.10897,2023-11-09,232.8,24.9,81.0,3722.8,39.8,14.7,4.0,organico,pastagem,alta,0,inundação,0,MÉDIO,11,primavera,Sul_Campos_Planalto
Z_0141_NOR,-12.12933,-44.67463,2023-04-16,76.4,30.9,60.3,195.6,866.8,13.3,24.7,argiloso_seco,rural,alta,0,incêndio,0,BAIXO,4,outono,Nordeste_Sertao
Z_0142_SUD,-21.60809,-41.78143,2023-05-07,241.5,28.6,76.3,937.1,754.3,59.3,15.7,argiloso,rural,media,0,deslizamento,1,ALTO,5,outono,Sudeste_Montanhoso_Litoraneo
Z_0143_CEN,-15.67648,-55.27707,2023-03-13,166.9,34.2,83.2,231.6,1035.2,14.0,26.4,latossolo,area_umida,alta,1,incêndio,0,BAIXO,3,outono,CentroOeste_Cerrado_Pantanal
Z_0144_NOR,-2.29955,-54.94574,2023-03-07,312.1,32.1,91.2,4534.8,178.4,0.2,65.7,arenoso,urbano,alta,0,nenhum,0,MUITO BAIXO,3,outono,Norte_Amazonia
Z_0145_SUL,-31.07486,-48.36052,2023-01-03,221.4,5.2,87.8,898.0,1790.9,21.7,2.2,organico,floresta,baixa,0,inundação,0,BAIXO,1,verao,Sul_Campos_Planalto
Z_0146_CEN,-5.65305,-55.4459,2023-06-29,26.1,34.4,26.12416001059011,467.1,321.1,1.4,28.8,latossolo,rural,media,0,incêndio,0,MÉDIO,6,inverno,CentroOeste_Cerrado_Pantanal
Z_0147_SUD,-19.94766,-42.38135,2024-03-11,337.1,29.7,83.2,454.1,2357.1,56.1,8.8,rochoso,rural,alta,0,nenhum,0,MUITO BAIXO,3,outono,Sudeste_Montanhoso_Litoraneo
Z_0148_SUD,-18.61047,-39.71113,2024-08-02,304.2,34.0,59.25372007789251,1870.2,2568.2,49.4,19.2,rochoso,urbano,media,0,nenhum,0,MUITO BAIXO,8,inverno,Sudeste_Montanhoso_Litoraneo
Z_0149_NOR,-1.9595,-57.09393,2023-07-14,163.1,26.1,75.6,3197.4,208.5,4.7,65.0,organico,area_umida,baixa,0,incêndio,0,BAIXO,7,inverno,Norte_Amazonia
Z_0150_NOR,-5.19656,-59.26762,2024-09-28,305.4,33.5,95.1,4573.0,357.7,13.4,32.7,arenoso,area_umida,baixa,0,inundação,0,MÉDIO,9,primavera,Norte_Amazonia
Z_0151_NOR,-10.98009,-38.43281,2024-04-23,77.9,26.6,40.3,194.3,801.5,1.6,4.3,arenoso,rural,media,0,seca,0,BAIXO,4,outono,Nordeste_Sertao
Z_0152_SUL,-25.88571,-54.42305,2024-10-30,106.5,32.0,82.3,636.8,300.9,25.5,25.6,organico,urbano,alta,1,seca,0,BAIXO,10,primavera,Sul_Campos_Planalto
Z_0153_SUL,-32.96019,-55.93918,2024-02-16,117.3,21.6,44.1,1483.6,605.1,29.6,29.3,organico,urbano,alta,0,seca,0,BAIXO,2,verao,Sul_Campos_Planalto
Z_0154_SUL,-28.03824,-48.60833,2024-08-05,181.4,21.0,37.68115392951718,1419.2,199.1,29.4,17.4,arenoso_argiloso,urbano,alta,0,nenhum,0,MUITO BAIXO,8,inverno,Sul_Campos_Planalto
Z_0155_CEN,-21.3626,-57.9248,2023-01-23,99.9,37.8,75.3,65.2,631.1,9.3,28.6,arenoso,floresta,baixa,0,incêndio,0,BAIXO,1,verao,CentroOeste_Cerrado_Pantanal
Z_0156_NOR,-15.95726,-41.78936,2024-04-11,87.6,27.9,54.3,157.2,796.5,0.5,17.8,argiloso_seco,rural,alta,0,seca,0,BAIXO,4,outono,Nordeste_Sertao
Z_0157_SUL,-25.06174,-55.58176,2023-10-22,82.9,8.2,56.5,3474.8,240.2,25.7,17.7,argiloso,rural,media,0,vendaval,0,BAIXO,10,primavera,Sul_Campos_Planalto
Z_0158_NOR,-8.69265,-62.27915,2024-06-28,188.8,29.5,82.2,2573.2,46.6,11.6,20.0,organico,floresta,baixa,0,inundação,0,MÉDIO,6,inverno,Norte_Amazonia
Z_0159_SUL,-25.86569,-54.28394,2024-11-04,133.2,22.9,71.0,3191.1,985.9,14.7,14.5,argiloso,pastagem,alta,1,seca,0,BAIXO,11,primavera,Sul_Campos_Planalto
Z_0160_SUL,-22.61639,-50.73172,2024-04-11,73.7,28.5,48.7,4612.0,979.8,21.7,28.6,argiloso,floresta,baixa,0,nenhum,0,MUITO BAIXO,4,outono,Sul_Campos_Planalto
Z_0161_CEN,-14.39116,-55.65567,2023-08-02,2.9,31.9,50.37269160240443,169.8,935.8,18.2,26.2,argiloso,pastagem,baixa,0,inundação,0,BAIXO,8,inverno,CentroOeste_Cerrado_Pantanal
Z_0162_SUD,-20.08098,-42.30763,2024-08-28,271.4,33.0,63.17145658893087,4844.0,84.8,15.8,17.6,argiloso,rural,media,0,deslizamento,0,BAIXO,8,inverno,Sudeste_Montanhoso_Litoraneo
Z_0163_SUD,-18.31372,-49.44726,2023-07-29,123.2,24.5,57.645343892700346,3610.9,2015.0,36.9,21.6,argiloso,rural,media,0,deslizamento,0,BAIXO,7,inverno,Sudeste_Montanhoso_Litoraneo
Z_0164_CEN,-12.11658,-57.95778,2024-12-04,50.7,32.5,84.0,37.9,1100.0,4.0,5.4,argiloso,pastagem,media,0,inundação,0,BAIXO,12,verao,CentroOeste_Cerrado_Pantanal
Z_0165_NOR,-9.50659,-56.19333,2023-04-07,213.6,25.7,97.9,1637.0,490.2,7.4,8.3,organico,area_umida,baixa,0,inundação,0,MÉDIO,4,outono,Norte_Amazonia
Z_0166_SUL,-24.05909,-53.58756,2024-03-04,132.6,8.8,56.0,3458.7,526.3,10.0,12.0,organico,rural,alta,0,nenhum,0,MUITO BAIXO,3,outono,Sul_Campos_Planalto
Z_0167_NOR,-4.99593,-43.94445,2023-01-23,23.3,21.6,59.0,21.1,482.7,28.1,20.8,rochoso,pastagem,baixa,0,nenhum,0,MUITO BAIXO,1,verao,Nordeste_Sertao
Z_0168_SUD,-24.825,-41.3131,2024-07-18,270.3,18.4,39.657831570473746,3183.4,1435.6,9.9,5.9,argiloso,rural,alta,0,nenhum,0,MUITO BAIXO,7,inverno,Sudeste_Montanhoso_Litoraneo
Z_0169_SUD,-20.87957,-45.63959,2023-02-09,285.4,30.1,93.7,3468.7,1716.4,28.3,6.3,organico,rural,alta,0,deslizamento,0,MÉDIO,2,verao,Sudeste_Montanhoso_Litoraneo
Z_0170_NOR,-10.594,-43.50028,2023-07-13,10.5,30.3,10.0,119.6,462.7,8.2,22.3,arenoso,rural,media,0,seca,0,MÉDIO,7,inverno,Nordeste_Sertao
Z_0171_SUL,-24.37916,-52.60156,2024-04-19,98.4,17.2,43.6,1980.4,1314.1,36.6,20.9,argiloso,floresta,media,0,seca,0,BAIXO,4,outono,Sul_Campos_Planalto
Z_0172_SUL,-33.66008,-54.42919,2024-03-12,192.8,22.6,63.7,557.2,885.1,10.7,25.0,organico,rural,media,0,nenhum,0,MUITO BAIXO,3,outono,Sul_Campos_Planalto
Z_0173_NOR,-8.75494,-38.80604,2023-04-01,50.3,31.7,67.5,322.6,214.6,1.6,28.4,rochoso,rural,baixa,0,seca,0,BAIXO,4,outono,Nordeste_Sertao
Z_0174_SUD,-24.00161,-45.21761,2023-12-18,168.5,27.0,77.8,1602.5,2176.3,8.9,3.0,argiloso,floresta,media,0,vendaval,0,BAIXO,12,verao,Sudeste_Montanhoso_Litoraneo
Z_0175_NOR,-5.95511,-41.68852,2024-07-14,2.1,32.5,15.482602598183266,189.5,391.8,25.9,6.4,arenoso,pastagem,baixa,0,incêndio,0,MÉDIO,7,inverno,Nordeste_Sertao
Z_0176_CEN,-20.95445,-46.30532,2023-01-08,70.9,22.5,44.9,364.5,983.3,19.6,3.0,latossolo,area_umida,baixa,0,nenhum,0,MUITO BAIXO,1,verao,CentroOeste_Cerrado_Pantanal
Z_0177_NOR,-17.1793,-44.65085,2024-12-17,8.4,40.2,61.8,30.5,717.5,9.5,26.5,rochoso,pastagem,media,0,seca,0,BAIXO,12,verao,Nordeste_Sertao
Z_0178_SUD,-19.80388,-43.1695,2023-05-31,195.7,22.5,50.7,1054.7,1113.4,29.7,21.7,argiloso,rural,media,0,deslizamento,0,MÉDIO,5,outono,Sudeste_Montanhoso_Litoraneo
Z_0179_SUD,-20.45793,-49.5242,2023-03-27,238.1,15.6,68.0,602.5,1045.7,42.7,13.4,organico,rural,baixa,1,nenhum,0,MUITO BAIXO,3,outono,Sudeste_Montanhoso_Litoraneo
Z_0180_NOR,-7.20587,-58.25256,2023-01-11,172.9,28.8,84.5,274.1,67.5,5.2,76.8,argiloso,urbano,alta,1,nenhum,0,MUITO BAIXO,1,verao,Norte_Amazonia
Z_0181_NOR,-8.24223,-73.10727,2024-05-14,305.5,34.9,95.6,1635.2,270.1,6.2,71.2,argiloso,urbano,alta,2,nenhum,0,MUITO BAIXO,5,outono,Norte_Amazonia
Z_0182_NOR,-15.71296,-38.06161,2023-11-04,71.0,24.9,34.7,197.7,185.3,23.2,15.6,rochoso,pastagem,alta,0,incêndio,0,BAIXO,11,primavera,Nordeste_Sertao
Z_0183_NOR,-2.92431,-40.71363,2024-09-10,43.2,28.6,47.8,281.2,712.9,20.1,2.1,argiloso_seco,rural,media,0,nenhum,0,MUITO BAIXO,9,primavera,Nordeste_Sertao
Z_0184_SUD,-19.31951,-40.5236,2023-09-25,265.1,32.9,56.3,3588.4,1630.8,32.8,9.3,rochoso,floresta,baixa,0,nenhum,0,MUITO BAIXO,9,primavera,Sudeste_Montanhoso_Litoraneo
Z_0185_SUD,-21.50926,-41.06619,2023-08-30,244.3,24.2,30.268287624959218,506.8,647.5,27.0,27.6,rochoso,rural,baixa,0,vendaval,1,BAIXO,8,inverno,Sudeste_Montanhoso_Litoraneo
Z_0186_CEN,-14.40295,-45.83832,2024-02-11,134.1,32.9,57.4,487.1,594.3,11.3,12.9,arenoso,rural,baixa,0,inundação,0,BAIXO,2,verao,CentroOeste_Cerrado_Pantanal
Z_0187_SUL,-33.24116,-49.53164,2024-12-31,74.3,25.1,67.1,1602.2,1010.0,18.9,18.7,argiloso,pastagem,alta,0,inundação,0,BAIXO,12,verao,Sul_Campos_Planalto
Z_0188_SUD,-23.3445,-40.86202,2024-01-16,299.9,23.1,73.7,2117.4,1518.8,41.1,23.9,organico,floresta,media,0,nenhum,0,MUITO BAIXO,1,verao,Sudeste_Montanhoso_Litoraneo
Z_0189_NOR,-2.08399,-38.63877,2024-01-03,64.4,36.7,32.4,494.2,836.2,16.9,16.7,arenoso,rural,alta,0,nenhum,0,MUITO BAIXO,1,verao,Nordeste_Sertao
Z_0190_NOR,-5.72029,-37.86646,2023-02-22,89.3,34.6,43.1,456.6,152.0,10.7,7.8,rochoso,rural,alta,0,nenhum,0,MUITO BAIXO,2,verao,Nordeste_Sertao
Z_0191_CEN,-10.2891,-54.2599,2024-10-09,160.5,32.7,68.9,304.3,121.5,3.0,2.7,argiloso,rural,media,0,inundação,0,BAIXO,10,primavera,CentroOeste_Cerrado_Pantanal
Z_0192_CEN,-14.43153,-56.47256,2023-10-18,89.6,23.6,31.2,232.7,690.6,20.0,7.6,arenoso,pastagem,alta,0,nenhum,0,MUITO BAIXO,10,primavera,CentroOeste_Cerrado_Pantanal
Z_0193_NOR,-17.1611,-39.85262,2023-09-05,29.7,39.2,58.1,367.0,985.6,10.3,16.3,rochoso,rural,alta,0,nenhum,0,MUITO BAIXO,9,primavera,Nordeste_Sertao
Z_0194_SUD,-23.95491,-41.60149,2024-09-12,187.3,16.0,56.3,3226.4,2132.8,42.3,0.7,argiloso,pastagem,media,0,deslizamento,1,MÉDIO,9,primavera,Sudeste_Montanhoso_Litoraneo
Z_0195_CEN,-17.53347,-51.77097,2024-11-20,113.4,30.2,35.9,453.9,486.5,3.7,18.4,latossolo,area_umida,baixa,0,seca,0,BAIXO,11,primavera,CentroOeste_Cerrado_Pantanal
Z_0196_NOR,-7.27128,-62.00896,2024-04-03,150.9,32.9,78.4,3583.7,491.0,2.5,77.5,arenoso,rural,baixa,0,incêndio,0,BAIXO,4,outono,Norte_Amazonia
Z_0197_NOR,-17.68268,-37.85779,2023-03-01,8.4,26.9,54.5,67.5,560.4,15.8,3.2,argiloso_seco,rural,alta,0,nenhum,0,MUITO BAIXO,3,outono,Nordeste_Sertao
Z_0198_NOR,-5.60587,-41.73212,2023-09-24,14.7,30.1,67.7,32.7,760.0,25.6,10.9,argiloso_seco,pastagem,alta,0,seca,0,BAIXO,9,primavera,Nordeste_Sertao
Z_0199_NOR,-2.79162,-52.43438,2024-02-27,312.4,27.0,94.3,2027.3,403.9,15.7,40.9,arenoso,rural,baixa,1,nenhum,0,MUITO BAIXO,2,verao,Norte_Amazonia
Z_0200_NOR,-5.78233,-71.09798,2023-07-30,230.7,31.3,79.3,1198.3,379.3,5.9,41.1,argiloso,area_umida,baixa,0,inundação,0,MÉDIO,7,inverno,Norte_Amazonia
Z_0201_NOR,-2.1639,-38.88682,2023-08-03,24.8,35.8,13.498867611289684,312.5,828.7,19.2,10.7,argiloso_seco,pastagem,media,0,incêndio,1,ALTO,8,inverno,Nordeste_Sertao
Z_0202_NOR,2.60991,-68.54842,2023-09-14,415.5,27.0,82.4,811.0,49.5,6.9,30.2,argiloso,area_umida,baixa,0,inundação,0,BAIXO,9,primavera,Norte_Amazonia
Z_0203_NOR,-2.72203,-58.03821,2023-08-14,312.0,24.9,78.0,2869.1,311.1,3.0,78.4,organico,floresta,baixa,0,vendaval,0,BAIXO,8,inverno,Norte_Amazonia
Z_0204_NOR,-15.09804,-45.38388,2023-01-17,38.6,41.7,23.5,258.5,102.8,1.3,12.8,arenoso,rural,media,0,nenhum,0,MUITO BAIXO,1,verao,Nordeste_Sertao
Z_0205_CEN,-20.24547,-50.41688,2024-02-28,194.4,19.5,80.1,458.2,403.6,12.6,20.3,argiloso,rural,baixa,1,seca,0,BAIXO,2,verao,CentroOeste_Cerrado_Pantanal
Z_0206_CEN,-8.33716,-55.95084,2024-12-27,104.5,30.7,36.8,417.4,1155.4,15.5,28.3,argiloso,area_umida,baixa,1,incêndio,0,BAIXO,12,verao,CentroOeste_Cerrado_Pantanal
Z_0207_SUD,-24.29902,-41.93514,2023-11-25,283.0,17.7,53.1,1214.9,799.9,44.4,3.8,argiloso,pastagem,media,0,deslizamento,0,BAIXO,11,primavera,Sudeste_Montanhoso_Litoraneo
Z_0208_NOR,-5.18625,-66.69189,2023-12-24,237.6,22.1,97.3,443.6,221.4,3.1,28.6,argiloso,floresta,baixa,0,incêndio,0,BAIXO,12,verao,Norte_Amazonia
Z_0209_SUL,-26.71176,-55.1726,2024-11-06,71.2,18.6,89.4,2042.2,99.0,34.4,25.0,organico,pastagem,baixa,0,nenhum,0,MUITO BAIXO,11,primavera,Sul_Campos_Planalto
Z_0210_SUL,-29.83138,-53.02334,2023-11-12,242.1,27.5,60.2,2368.6,629.2,16.6,15.1,arenoso_argiloso,pastagem,alta,0,vendaval,0,BAIXO,11,primavera,Sul_Campos_Planalto
Z_0211_NOR,-13.44693,-42.45083,2023-08-03,1.2,24.4,38.56199488371814,221.1,103.8,6.6,23.1,rochoso,rural,media,0,nenhum,0,MUITO BAIXO,8,inverno,Nordeste_Sertao
Z_0212_SUD,-20.51708,-48.13825,2023-03-19,167.5,29.9,70.5,3725.5,31.1,41.2,14.6,rochoso,urbano,alta,0,nenhum,0,MUITO BAIXO,3,outono,Sudeste_Montanhoso_Litoraneo
Z_0213_SUD,-23.0208,-42.3296,2023-02-09,142.4,35.0,74.7,2849.1,414.8,43.0,7.4,organico,urbano,alta,0,nenhum,0,MUITO BAIXO,2,verao,Sudeste_Montanhoso_Litoraneo
Z_0214_NOR,-2.5055,-41.54933,2024-01-04,80.4,38.1,20.2,213.2,184.9,20.7,27.6,argiloso_seco,pastagem,alta,0,seca,0,BAIXO,1,verao,Nordeste_Sertao
Z_0215_SUD,-21.89529,-46.55548,2023-02-21,289.1,18.2,66.2,2283.0,2588.3,35.6,21.8,argiloso,rural,alta,0,deslizamento,1,ALTO,2,verao,Sudeste_Montanhoso_Litoraneo
Z_0216_SUD,-18.3183,-41.60651,2024-06-17,108.1,26.0,38.10378377882319,2331.6,828.6,42.5,12.1,organico,rural,alta,0,nenhum,0,MUITO BAIXO,6,inverno,Sudeste_Montanhoso_Litoraneo
Z_0217_NOR,3.16776,-48.95696,2024-04-13,402.9,31.2,73.7,3310.5,271.3,17.8,24.5,organico,floresta,baixa,0,inundação,0,BAIXO,4,outono,Norte_Amazonia
Z_0218_NOR,0.59453,-67.06199,2024-07-28,421.3,24.6,78.4,3911.1,181.2,19.5,72.0,argiloso,urbano,alta,0,nenhum,0,MUITO BAIXO,7,inverno,Norte_Amazonia
Z_0219_SUD,-21.72845,-45.59505,2024-09-04,189.5,32.9,60.5,2191.5,811.4,37.5,29.9,organico,urbano,alta,0,deslizamento,0,BAIXO,9,primavera,Sudeste_Montanhoso_Litoraneo
Z_0220_SUL,-33.90427,-55.51189,2023-11-03,210.8,11.7,62.8,3462.7,613.8,31.9,5.6,arenoso_argiloso,rural,media,0,seca,0,BAIXO,11,primavera,Sul_Campos_Planalto
Z_0221_SUD,-23.20266,-45.33873,2023-02-12,230.9,32.0,83.5,1513.4,2465.7,43.0,17.7,organico,floresta,baixa,0,deslizamento,1,ALTO,2,verao,Sudeste_Montanhoso_Litoraneo
Z_0222_NOR,-15.26051,-42.4215,2024-11-06,63.4,28.3,49.7,327.9,213.1,6.1,14.1,argiloso_seco,rural,alta,0,nenhum,0,MUITO BAIXO,11,primavera,Nordeste_Sertao
Z_0223_NOR,-8.56047,-54.09992,2023-04-01,199.6,32.5,72.7,4094.0,85.9,14.7,76.3,argiloso,floresta,baixa,1,inundação,0,MÉDIO,4,outono,Norte_Amazonia
Z_0224_CEN,-10.57821,-59.48484,2023-08-14,19.3,31.5,44.687825358973484,232.0,378.3,17.6,15.8,arenoso,rural,alta,0,inundação,0,BAIXO,8,inverno,CentroOeste_Cerrado_Pantanal
Z_0225_SUD,-21.15154,-44.65981,2024-03-11,239.7,25.0,91.9,2817.0,1696.3,10.4,17.8,organico,pastagem,media,0,nenhum,0,MUITO BAIXO,3,outono,Sudeste_Montanhoso_Litoraneo
Z_0226_SUD,-20.87052,-46.63003,2023-06-11,131.2,16.1,68.67719540820288,2828.3,1488.3,31.1,17.5,rochoso,rural,alta,0,vendaval,0,BAIXO,6,inverno,Sudeste_Montanhoso_Litoraneo
Z_0227_NOR,-8.47469,-44.02664,2023-07-23,22.4,32.8,34.246021577511826,193.9,419.6,27.1,15.0,rochoso,pastagem,alta,0,incêndio,1,MÉDIO,7,inverno,Nordeste_Sertao
Z_0228_NOR,-8.46731,-40.59751,2023-10-17,36.0,35.4,64.9,87.0,111.2,11.9,7.9,rochoso,rural,baixa,0,seca,0,BAIXO,10,primavera,Nordeste_Sertao
Z_0229_SUD,-18.89922,-39.49473,2024-01-24,202.5,22.1,81.3,2299.8,2551.4,30.6,27.3,argiloso,floresta,media,0,deslizamento,0,MÉDIO,1,verao,Sudeste_Montanhoso_Litoraneo
Z_0230_SUL,-29.92346,-49.41086,2024-07-07,83.9,7.5,33.26039945584117,31.7,160.1,13.1,18.2,argiloso,pastagem,media,0,vendaval,0,BAIXO,7,inverno,Sul_Campos_Planalto
Z_0231_NOR,-9.75982,-40.86285,2024-11-29,58.5,35.2,39.5,442.4,617.7,4.3,16.3,arenoso,pastagem,baixa,1,incêndio,0,BAIXO,11,primavera,Nordeste_Sertao
Z_0232_NOR,-6.43937,-58.84874,2023-04-13,336.8,32.0,87.8,3764.3,452.0,6.5,51.4,argiloso,floresta,baixa,0,vendaval,1,BAIXO,4,outono,Norte_Amazonia
Z_0233_NOR,-3.53876,-64.6473,2024-09-14,248.6,24.6,80.2,4846.6,307.6,10.7,13.2,organico,area_umida,baixa,0,inundação,0,MÉDIO,9,primavera,Norte_Amazonia
Z_0234_NOR,-8.79198,-39.73686,2023-08-30,15.9,22.9,20.889566193870493,483.9,939.3,2.8,25.1,arenoso,pastagem,alta,0,nenhum,0,MUITO BAIXO,8,inverno,Nordeste_Sertao
Z_0235_NOR,-17.76735,-43.57089,2023-10-16,80.9,32.9,27.9,65.8,134.7,10.0,20.0,arenoso,rural,alta,0,nenhum,0,MUITO BAIXO,10,primavera,Nordeste_Sertao
Z_0236_CEN,-5.01753,-57.36361,2023-05-07,114.2,37.7,41.6,238.5,399.5,16.1,2.9,argiloso,rural,media,1,seca,0,BAIXO,5,outono,CentroOeste_Cerrado_Pantanal
Z_0237_SUD,-20.49721,-47.1789,2024-04-02,146.4,34.8,52.2,3613.4,1162.2,51.9,22.7,organico,pastagem,alta,0,deslizamento,0,BAIXO,4,outono,Sudeste_Montanhoso_Litoraneo
Z_0238_NOR,-0.09796,-70.22364,2023-01-20,379.7,22.5,86.2,678.6,346.1,11.4,66.3,organico,urbano,alta,0,nenhum,0,MUITO BAIXO,1,verao,Norte_Amazonia
Z_0239_CEN,-5.80823,-58.74389,2023-09-17,76.0,20.2,76.5,426.3,199.0,5.3,13.1,latossolo,floresta,media,0,nenhum,0,MUITO BAIXO,9,primavera,CentroOeste_Cerrado_Pantanal
Z_0240_NOR,-0.68661,-58.18187,2023-07-17,232.8,31.3,89.9,3662.6,409.7,17.4,25.5,arenoso,floresta,baixa,0,inundação,0,BAIXO,7,inverno,Norte_Amazonia
Z_0241_CEN,-9.04131,-60.11519,2023-03-20,137.2,33.0,80.1,159.6,729.3,23.5,24.4,latossolo,area_umida,media,0,nenhum,0,MUITO BAIXO,3,outono,CentroOeste_Cerrado_Pantanal
Z_0242_NOR,-2.85025,-53.09935,2024-05-11,448.1,31.1,74.1,651.1,171.2,1.0,66.0,argiloso,urbano,media,0,nenhum,0,MUITO BAIXO,5,outono,Norte_Amazonia
Z_0243_SUL,-22.9425,-55.49659,2023-02-25,240.2,28.5,53.5,531.2,171.2,13.6,28.8,arenoso_argiloso,rural,alta,0,seca,0,BAIXO,2,verao,Sul_Campos_Planalto
Z_0244_SUD,-19.79086,-43.92601,2023-07-14,148.7,24.9,57.18245489314557,4109.9,2716.8,28.7,5.4,rochoso,urbano,alta,0,nenhum,0,MUITO BAIXO,7,inverno,Sudeste_Montanhoso_Litoraneo
Z_0245_SUD,-19.09761,-44.04494,2024-07-03,227.8,31.8,46.18074787969127,1013.0,2182.0,6.1,19.1,organico,rural,alta,0,nenhum,0,MUITO BAIXO,7,inverno,Sudeste_Montanhoso_Litoraneo
Z_0246_NOR,-6.60007,-41.32695,2023-04-05,57.3,40.1,41.2,455.3,345.0,8.8,1.7,argiloso_seco,pastagem,media,0,incêndio,0,BAIXO,4,outono,Nordeste_Sertao
Z_0247_CEN,-9.09949,-56.91893,2024-11-07,73.7,34.6,56.9,312.2,1093.5,2.0,10.6,arenoso,area_umida,media,1,seca,0,BAIXO,11,primavera,CentroOeste_Cerrado_Pantanal
Z_0248_NOR,0.813,-59.73468,2024-01-27,164.0,23.6,83.7,2247.9,53.7,3.9,22.8,organico,area_umida,baixa,0,nenhum,0,MUITO BAIXO,1,verao,Norte_Amazonia
Z_0249_SUD,-24.63559,-40.50846,2023-07-03,83.8,22.3,63.65130484418896,3195.5,2744.1,16.5,0.5,organico,urbano,media,1,nenhum,0,MUITO BAIXO,7,inverno,Sudeste_Montanhoso_Litoraneo
Z_0250_SUD,-21.32366,-48.04392,2024-08-21,119.9,35.0,67.72497937505364,4460.4,1439.6,47.0,23.3,rochoso,rural,media,0,deslizamento,0,BAIXO,8,inverno,Sudeste_Montanhoso_Litoraneo
Z_0251_SUD,-21.14544,-39.44237,2024-08-23,322.8,20.2,27.922170311586036,4999.6,510.5,34.7,26.3,argiloso,rural,baixa,0,deslizamento,0,MÉDIO,8,inverno,Sudeste_Montanhoso_Litoraneo
Z_0252_SUL,-32.61778,-54.43866,2023-07-09,165.9,21.6,62.136133293548625,2412.6,1143.3,31.3,1.6,arenoso_argiloso,floresta,media,0,seca,0,BAIXO,7,inverno,Sul_Campos_Planalto
Z_0253_NOR,-15.41001,-44.47273,2024-09-03,74.6,27.9,62.0,191.9,730.3,20.2,28.0,rochoso,pastagem,alta,0,nenhum,0,MUITO BAIXO,9,primavera,Nordeste_Sertao
Z_0254_SUD,-20.60171,-40.07581,2024-08-30,349.4,17.7,55.51486941999816,1472.1,1657.8,38.0,8.3,argiloso,pastagem,alta,0,deslizamento,1,ALTO,8,inverno,Sudeste_Montanhoso_Litoraneo
Z_0255_SUD,-19.89747,-46.74056,2024-01-03,338.9,32.0,79.6,188.7,877.2,10.9,1.5,argiloso,floresta,baixa,0,inundação,1,ALTO,1,verao,Sudeste_Montanhoso_Litoraneo
Z_0256_NOR,-5.57096,-70.3179,2024-02-21,408.5,37.4,81.4,933.6,394.4,1.8,55.1,arenoso,rural,baixa,0,incêndio,0,BAIXO,2,verao,Norte_Amazonia
Z_0257_NOR,-8.17846,-38.5849,2023-04-13,49.1,32.4,32.5,268.7,573.5,23.8,13.2,argiloso_seco,pastagem,baixa,0,incêndio,0,BAIXO,4,outono,Nordeste_Sertao
Z_0258_SUD,-22.88354,-41.55921,2023-02-08,243.7,19.6,72.7,3017.7,161.0,8.0,5.2,organico,floresta,baixa,0,inundação,0,BAIXO,2,verao,Sudeste_Montanhoso_Litoraneo
Z_0259_SUL,-25.31017,-52.30107,2023-07-23,240.6,31.7,36.785208859472036,454.9,680.6,6.8,23.2,argiloso,urbano,alta,0,seca,0,BAIXO,7,inverno,Sul_Campos_Planalto
Z_0260_NOR,-16.00715,-41.08104,2023-09-25,88.6,34.5,43.7,365.2,737.8,25.0,7.0,arenoso,rural,media,0,incêndio,0,BAIXO,9,primavera,Nordeste_Sertao
Z_0261_SUL,-30.82427,-51.49814,2024-12-07,244.5,8.9,80.0,3193.6,1178.2,35.8,20.4,organico,pastagem,baixa,1,nenhum,0,MUITO BAIXO,12,verao,Sul_Campos_Planalto
Z_0262_SUD,-19.79983,-39.22516,2023-05-17,262.9,30.1,66.5,39.7,691.8,49.4,21.8,argiloso,rural,alta,0,deslizamento,1,ALTO,5,outono,Sudeste_Montanhoso_Litoraneo
Z_0263_SUD,-22.39885,-45.40146,2024-01-03,246.6,32.5,60.5,2424.9,250.4,27.6,3.7,rochoso,floresta,baixa,0,vendaval,0,MÉDIO,1,verao,Sudeste_Montanhoso_Litoraneo
Z_0264_SUD,-23.27777,-42.92637,2024-10-11,115.1,30.8,76.6,3206.8,556.4,19.5,7.5,organico,rural,baixa,0,vendaval,0,MÉDIO,10,primavera,Sudeste_Montanhoso_Litoraneo
Z_0265_SUD,-23.75196,-45.52136,2023-04-23,198.0,24.9,79.8,4699.3,1672.2,54.9,16.0,rochoso,urbano,alta,0,deslizamento,0,BAIXO,4,outono,Sudeste_Montanhoso_Litoraneo
Z_0266_NOR,-8.37486,-65.53564,2024-01-21,255.3,29.6,80.3,4768.0,407.8,5.0,48.9,argiloso,area_umida,media,0,inundação,1,MÉDIO,1,verao,Norte_Amazonia
Z_0267_SUL,-27.35634,-52.33365,2024-07-31,203.9,21.9,47.63434505631013,287.4,1492.4,33.3,2.7,arenoso_argiloso,pastagem,baixa,0,inundação,0,BAIXO,7,inverno,Sul_Campos_Planalto
Z_0268_SUD,-19.38545,-39.19341,2023-07-13,257.5,30.5,70.0313395333187,116.5,9.5,32.0,16.2,organico,rural,media,0,deslizamento,0,MÉDIO,7,inverno,Sudeste_Montanhoso_Litoraneo
Z_0269_CEN,-10.30706,-45.4234,2024-09-17,69.4,29.4,40.5,316.9,528.6,18.9,19.7,arenoso,pastagem,baixa,0,inundação,0,BAIXO,9,primavera,CentroOeste_Cerrado_Pantanal
Z_0270_SUD,-24.81936,-42.18529,2024-12-21,184.1,19.0,68.8,2752.6,1030.0,10.2,4.8,rochoso,pastagem,alta,0,inundação,0,MÉDIO,12,verao,Sudeste_Montanhoso_Litoraneo
Z_0271_SUD,-21.59567,-40.44623,2024-04-01,219.3,21.0,71.9,4946.8,837.9,5.3,5.1,rochoso,pastagem,baixa,1,deslizamento,0,BAIXO,4,outono,Sudeste_Montanhoso_Litoraneo
Z_0272_NOR,-6.81531,-45.84048,2023-08-18,0.9,39.8,29.73473027079727,230.2,321.1,23.5,29.8,argiloso_seco,rural,alta,0,incêndio,0,MÉDIO,8,inverno,Nordeste_Sertao
Z_0273_SUD,-22.15807,-46.65845,2024-12-30,243.6,33.9,67.5,4180.2,68.4,18.1,11.4,organico,rural,alta,0,nenhum,0,MUITO BAIXO,12,verao,Sudeste_Montanhoso_Litoraneo
Z_0274_SUL,-33.61275,-54.2055,2024-11-05,208.2,30.6,53.1,1203.4,1170.3,32.0,9.8,argiloso,floresta,baixa,0,deslizamento,0,BAIXO,11,primavera,Sul_Campos_Planalto
Z_0275_NOR,0.33086,-70.77167,2023-06-06,230.8,22.7,87.7,4659.0,38.7,19.6,7.8,argiloso,rural,media,0,nenhum,0,MUITO BAIXO,6,inverno,Norte_Amazonia
Z_0276_SUD,-19.7276,-44.59017,2024-07-23,324.6,23.0,42.505809094482586,1544.5,878.3,33.7,0.9,organico,pastagem,media,0,deslizamento,1,MÉDIO,7,inverno,Sudeste_Montanhoso_Litoraneo
Z_0277_SUD,-21.16136,-42.2148,2023-03-27,188.7,16.7,81.5,2629.6,2236.2,9.2,4.7,argiloso,rural,alta,0,inundação,0,MÉDIO,3,outono,Sudeste_Montanhoso_Litoraneo
Z_0278_NOR,-3.27376,-43.662,2024-05-19,71.5,40.3,30.8,470.6,593.5,15.9,10.3,rochoso,pastagem,alta,0,nenhum,0,MUITO BAIXO,5,outono,Nordeste_Sertao
Z_0279_CEN,-10.49488,-52.56783,2023-08-02,22.5,30.6,25.256965525771115,400.8,591.8,0.3,22.3,arenoso,area_umida,alta,0,seca,0,BAIXO,8,inverno,CentroOeste_Cerrado_Pantanal
Z_0280_SUD,-18.4613,-41.37196,2024-10-08,178.5,27.6,82.5,3494.9,162.5,50.9,27.1,organico,urbano,media,0,deslizamento,0,MÉDIO,10,primavera,Sudeste_Montanhoso_Litoraneo
Z_0281_NOR,-6.82988,-45.84293,2024-05-13,8.4,34.1,28.0,30.1,355.0,26.3,28.6,argiloso_seco,rural,alta,0,incêndio,0,MÉDIO,5,outono,Nordeste_Sertao
Z_0282_NOR,-1.96174,-63.44581,2023-12-16,387.4,31.4,92.2,3883.6,92.9,6.4,15.7,organico,area_umida,baixa,0,inundação,0,MÉDIO,12,verao,Norte_Amazonia
Z_0283_NOR,-2.44115,-42.75905,2024-12-18,23.9,32.0,37.9,101.9,176.5,0.9,3.7,arenoso,rural,media,0,seca,0,BAIXO,12,verao,Nordeste_Sertao
Z_0284_SUD,-20.01285,-41.94037,2024-07-31,103.4,29.5,66.98484560770011,4966.8,2322.0,59.4,28.6,organico,pastagem,alta,0,nenhum,0,MUITO BAIXO,7,inverno,Sudeste_Montanhoso_Litoraneo
Z_0285_NOR,-2.59196,-49.0012,2023-01-30,200.8,27.4,70.8,1551.4,498.2,2.6,58.1,argiloso,urbano,media,0,incêndio,0,BAIXO,1,verao,Norte_Amazonia
Z_0286_SUD,-20.92368,-42.68617,2024-01-11,291.8,30.8,79.5,1095.4,2087.4,17.5,2.5,argiloso,urbano,alta,0,vendaval,0,BAIXO,1,verao,Sudeste_Montanhoso_Litoraneo
Z_0287_SUD,-21.12319,-39.81503,2024-02-17,308.8,18.1,60.3,3905.5,230.9,10.8,12.0,rochoso,pastagem,baixa,0,nenhum,0,MUITO BAIXO,2,verao,Sudeste_Montanhoso_Litoraneo
Z_0288_CEN,-10.77921,-60.65876,2024-12-27,89.4,31.6,59.7,320.9,68.6,5.8,9.7,arenoso,pastagem,media,0,nenhum,0,MUITO BAIXO,12,verao,CentroOeste_Cerrado_Pantanal
Z_0289_SUD,-18.21467,-46.45606,2024-02-06,246.0,18.5,74.7,256.5,1988.1,12.3,18.6,organico,urbano,alta,0,nenhum,0,MUITO BAIXO,2,verao,Sudeste_Montanhoso_Litoraneo
Z_0290_SUD,-24.36891,-46.7864,2023-09-22,186.2,31.2,76.0,4516.1,183.5,46.5,25.1,rochoso,pastagem,baixa,0,nenhum,0,MUITO BAIXO,9,primavera,Sudeste_Montanhoso_Litoraneo
Z_0291_SUD,-19.62232,-41.22728,2024-11-14,104.6,21.4,58.8,3216.9,2374.9,28.8,25.5,rochoso,pastagem,media,0,nenhum,0,MUITO BAIXO,11,primavera,Sudeste_Montanhoso_Litoraneo
Z_0292_SUL,-31.55799,-49.8564,2024-12-24,179.1,8.7,58.8,1731.9,1776.2,28.9,8.0,arenoso_argiloso,floresta,baixa,0,nenhum,0,MUITO BAIXO,12,verao,Sul_Campos_Planalto
Z_0293_SUL,-30.23975,-49.23713,2024-02-27,115.5,5.6,52.7,1397.6,968.6,22.4,0.7,arenoso_argiloso,urbano,alta,0,seca,0,BAIXO,2,verao,Sul_Campos_Planalto
Z_0294_SUD,-18.06745,-48.10513,2023-02-15,181.8,20.1,87.1,4419.1,2310.4,49.2,0.4,argiloso,rural,baixa,0,deslizamento,0,MÉDIO,2,verao,Sudeste_Montanhoso_Litoraneo
Z_0295_SUD,-22.25546,-47.75914,2024-12-04,259.8,24.0,60.8,81.3,965.8,43.6,28.2,organico,pastagem,media,0,nenhum,0,MUITO BAIXO,12,verao,Sudeste_Montanhoso_Litoraneo
Z_0296_NOR,4.90857,-54.53155,2023-07-21,297.0,37.6,84.8,3941.4,369.6,6.4,30.8,arenoso,rural,media,0,nenhum,0,MUITO BAIXO,7,inverno,Norte_Amazonia
Z_0297_SUL,-29.26814,-57.82306,2023-06-19,231.7,14.0,15.653200959114876,1878.6,199.1,37.9,6.2,argiloso,floresta,baixa,0,deslizamento,1,ALTO,6,inverno,Sul_Campos_Planalto
Z_0298_SUD,-24.80013,-40.37318,2024-04-12,143.9,33.0,65.3,102.6,2358.4,36.7,13.5,argiloso,pastagem,media,0,inundação,0,BAIXO,4,outono,Sudeste_Montanhoso_Litoraneo
Z_0299_CEN,-11.96125,-60.57657,2024-06-05,43.3,23.3,22.31570368818236,64.1,137.9,19.5,18.5,argiloso,pastagem,baixa,0,seca,0,BAIXO,6,inverno,CentroOeste_Cerrado_Pantanal
Z_0300_SUL,-28.54311,-56.48654,2023-08-26,225.4,27.3,59.18679423850254,2769.4,545.9,9.5,11.2,arenoso_argiloso,pastagem,media,0,vendaval,0,BAIXO,8,inverno,Sul_Campos_Planalto
Z_0301_NOR,-7.72161,-37.796,2023-05-17,37.9,22.1,64.2,50.1,982.7,20.4,15.8,arenoso,rural,media,0,nenhum,0,MUITO BAIXO,5,outono,Nordeste_Sertao
Z_0302_NOR,-6.05415,-39.39982,2024-08-14,15.8,33.4,10.0,30.3,830.7,22.6,15.1,rochoso,rural,alta,1,incêndio,0,MÉDIO,8,inverno,Nordeste_Sertao
Z_0303_SUL,-23.14625,-56.68862,2024-02-15,227.8,16.4,70.5,3425.5,1303.2,7.2,13.4,organico,floresta,baixa,0,nenhum,0,MUITO BAIXO,2,verao,Sul_Campos_Planalto
Z_0304_CEN,-10.35006,-47.21814,2024-01-06,59.5,33.0,65.2,339.4,168.8,24.8,3.4,argiloso,rural,baixa,0,inundação,0,BAIXO,1,verao,CentroOeste_Cerrado_Pantanal
Z_0305_SUD,-20.1346,-45.43892,2023-10-05,283.7,22.6,74.9,4007.4,2013.3,27.9,11.7,rochoso,pastagem,media,0,nenhum,0,MUITO BAIXO,10,primavera,Sudeste_Montanhoso_Litoraneo
Z_0306_NOR,-8.37185,-64.71427,2023-10-04,374.6,29.4,90.0,1041.0,263.7,13.4,58.5,organico,rural,baixa,0,nenhum,0,MUITO BAIXO,10,primavera,Norte_Amazonia
Z_0307_NOR,-8.55761,-39.62428,2024-12-02,39.7,33.2,42.3,413.7,383.8,20.8,12.8,argiloso_seco,pastagem,alta,0,incêndio,0,BAIXO,12,verao,Nordeste_Sertao
Z_0308_SUD,-18.18222,-41.41691,2024-09-29,264.1,27.4,72.7,3522.0,2109.3,6.4,16.5,argiloso,floresta,baixa,0,deslizamento,0,BAIXO,9,primavera,Sudeste_Montanhoso_Litoraneo
Z_0309_SUL,-27.55199,-56.69484,2024-09-26,142.4,12.7,69.8,3015.6,141.4,39.0,25.3,organico,floresta,baixa,0,nenhum,0,MUITO BAIXO,9,primavera,Sul_Campos_Planalto
Z_0310_SUL,-23.48489,-49.19641,2024-04-19,194.5,13.0,72.2,1825.9,922.2,7.0,22.3,organico,pastagem,alta,0,nenhum,0,MUITO BAIXO,4,outono,Sul_Campos_Planalto
Z_0311_SUD,-22.51979,-42.28241,2024-01-09,100.7,33.7,52.3,1567.3,468.4,6.6,10.0,rochoso,floresta,baixa,0,deslizamento,0,BAIXO,1,verao,Sudeste_Montanhoso_Litoraneo
Z_0312_NOR,4.45034,-58.80828,2024-08-20,309.4,35.8,75.1,3502.8,245.7,19.8,18.8,organico,rural,baixa,0,inundação,0,BAIXO,8,inverno,Norte_Amazonia
Z_0313_CEN,-7.91396,-53.73414,2024-12-30,75.5,26.5,82.1,327.2,659.3,1.9,7.2,latossolo,area_umida,media,0,seca,0,BAIXO,12,verao,CentroOeste_Cerrado_Pantanal
Z_0314_NOR,-4.25786,-52.77545,2024-02-12,415.8,32.3,92.6,3036.1,226.8,8.9,39.7,argiloso,area_umida,media,2,inundação,0,MÉDIO,2,verao,Norte_Amazonia
Z_0315_SUD,-22.80527,-49.23197,2023-02-27,251.6,19.4,74.0,647.2,12.9,7.1,25.9,argiloso,rural,media,0,inundação,1,MÉDIO,2,verao,Sudeste_Montanhoso_Litoraneo
Z_0316_SUD,-20.52271,-48.78321,2023-05-10,198.5,20.5,93.8,1400.8,351.2,8.1,22.6,organico,rural,alta,0,inundação,0,BAIXO,5,outono,Sudeste_Montanhoso_Litoraneo
Z_0317_NOR,-6.17986,-60.0967,2024-12-24,218.5,22.1,81.8,3852.8,131.0,12.6,17.3,arenoso,area_umida,media,1,inundação,1,MÉDIO,12,verao,Norte_Amazonia
Z_0318_NOR,-16.59609,-42.836,2023-12-11,49.3,38.2,30.6,439.5,182.5,28.2,6.4,rochoso,rural,baixa,1,nenhum,0,MUITO BAIXO,12,verao,Nordeste_Sertao
Z_0319_SUL,-29.69427,-53.05785,2023-08-01,232.1,18.4,67.09677660259008,2199.9,1659.2,21.0,16.6,arenoso_argiloso,floresta,baixa,1,vendaval,0,BAIXO,8,inverno,Sul_Campos_Planalto
Z_0320_NOR,-15.65196,-42.03711,2024-11-24,45.3,27.4,29.3,236.5,179.2,16.0,3.9,argiloso_seco,rural,media,0,seca,0,BAIXO,11,primavera,Nordeste_Sertao
Z_0321_SUD,-21.46617,-39.48402,2023-09-30,340.7,24.8,50.2,1119.0,1286.1,42.7,2.0,rochoso,pastagem,alta,0,nenhum,0,MUITO BAIXO,9,primavera,Sudeste_Montanhoso_Litoraneo
Z_0322_NOR,4.39064,-57.65043,2024-05-08,268.6,29.5,84.8,566.8,155.0,16.5,37.7,argiloso,urbano,alta,0,nenhum,0,MUITO BAIXO,5,outono,Norte_Amazonia
Z_0323_SUD,-19.48217,-39.33598,2024-06-19,220.1,21.5,31.14583402945256,3299.8,2432.7,40.2,0.8,organico,urbano,alta,0,deslizamento,1,ALTO,6,inverno,Sudeste_Montanhoso_Litoraneo
Z_0324_NOR,-10.73935,-43.55659,2023-12-11,55.0,40.6,32.6,377.3,188.6,24.3,29.1,argiloso_seco,rural,baixa,0,nenhum,0,MUITO BAIXO,12,verao,Nordeste_Sertao
Z_0325_NOR,-17.82227,-39.55265,2023-07-28,4.4,21.4,46.03844658149305,369.1,469.5,20.5,28.4,arenoso,pastagem,alta,0,seca,0,BAIXO,7,inverno,Nordeste_Sertao
Z_0326_CEN,-13.66997,-51.82381,2023-06-30,20.6,21.0,62.635395772744594,151.9,873.5,10.0,7.4,latossolo,area_umida,baixa,0,incêndio,0,BAIXO,6,inverno,CentroOeste_Cerrado_Pantanal
Z_0327_SUL,-23.41834,-50.53328,2024-08-22,227.5,13.1,51.992404678198966,4220.6,1716.8,2.3,27.4,argiloso,urbano,media,0,nenhum,0,MUITO BAIXO,8,inverno,Sul_Campos_Planalto
Z_0328_NOR,1.2262,-72.69691,2023-02-19,320.6,35.1,71.7,938.1,394.4,8.0,70.9,arenoso,area_umida,baixa,0,inundação,0,MÉDIO,2,verao,Norte_Amazonia
Z_0329_NOR,-1.60214,-70.65072,2024-03-17,421.7,30.3,84.1,3817.0,233.4,5.1,41.8,argiloso,rural,media,0,vendaval,0,MÉDIO,3,outono,Norte_Amazonia
Z_0330_CEN,-10.25444,-49.28595,2023-02-10,165.8,34.2,39.8,141.1,956.8,8.7,4.2,argiloso,rural,alta,0,nenhum,0,MUITO BAIXO,2,verao,CentroOeste_Cerrado_Pantanal
Z_0331_SUL,-24.61429,-53.13453,2024-12-15,160.4,25.0,60.0,1374.3,1431.4,10.4,4.0,arenoso_argiloso,floresta,media,0,inundação,0,BAIXO,12,verao,Sul_Campos_Planalto
Z_0332_SUL,-22.78376,-48.29875,2023-09-03,94.6,16.8,53.2,1943.3,1560.7,9.2,8.2,argiloso,rural,media,0,inundação,0,BAIXO,9,primavera,Sul_Campos_Planalto
Z_0333_NOR,-6.67801,-64.20268,2023-12-07,430.3,26.1,71.3,1426.8,421.1,17.5,44.5,arenoso,rural,baixa,0,nenhum,0,MUITO BAIXO,12,verao,Norte_Amazonia
Z_0334_SUL,-24.48325,-48.19759,2024-10-14,150.8,24.4,46.2,4421.6,1574.8,16.6,17.2,arenoso_argiloso,urbano,alta,0,seca,0,BAIXO,10,primavera,Sul_Campos_Planalto
Z_0335_SUD,-18.49833,-45.02647,2023-07-12,80.9,27.8,68.22469712644907,2235.1,1457.4,39.1,2.9,argiloso,floresta,baixa,0,inundação,0,BAIXO,7,inverno,Sudeste_Montanhoso_Litoraneo
Z_0336_SUL,-24.70925,-50.64694,2024-05-31,240.8,13.4,54.8,316.5,1379.5,15.1,17.1,organico,urbano,alta,1,inundação,0,BAIXO,5,outono,Sul_Campos_Planalto
Z_0337_NOR,-0.71448,-72.36739,2024-02-22,391.0,34.0,97.1,2241.1,122.7,3.5,17.4,argiloso,urbano,alta,1,nenhum,0,MUITO BAIXO,2,verao,Norte_Amazonia
Z_0338_NOR,-8.11681,-44.09374,2024-03-01,85.0,26.3,45.0,152.1,267.1,20.3,17.9,argiloso_seco,rural,alta,1,nenhum,0,MUITO BAIXO,3,outono,Nordeste_Sertao
Z_0339_SUD,-24.12396,-43.97917,2024-12-02,279.6,28.6,51.1,3992.7,2780.3,39.7,27.0,organico,rural,baixa,1,nenhum,0,MUITO BAIXO,12,verao,Sudeste_Montanhoso_Litoraneo
Z_0340_SUD,-23.04062,-43.9503,2023-05-31,340.8,32.5,50.1,747.9,550.1,17.4,28.0,argiloso,pastagem,alta,0,nenhum,0,MUITO BAIXO,5,outono,Sudeste_Montanhoso_Litoraneo
Z_0341_NOR,-5.54714,-45.04551,2024-06-17,8.0,40.6,10.583133815915978,28.4,363.9,26.9,23.4,rochoso,rural,alta,0,incêndio,1,ALTO,6,inverno,Nordeste_Sertao
Z_0342_SUD,-23.02484,-39.67112,2024-11-11,260.2,21.7,56.6,2224.7,2293.3,11.0,28.4,argiloso,floresta,baixa,0,nenhum,0,MUITO BAIXO,11,primavera,Sudeste_Montanhoso_Litoraneo
Z_0343_NOR,-12.20274,-45.37959,2023-07-22,23.8,40.4,30.914965579619725,369.1,529.9,19.4,29.1,rochoso,rural,alta,1,incêndio,0,MÉDIO,7,inverno,Nordeste_Sertao
Z_0344_NOR,-3.51578,-39.30247,2024-01-30,16.3,25.2,25.2,299.8,991.3,18.8,27.4,argiloso_seco,rural,baixa,0,nenhum,0,MUITO BAIXO,1,verao,Nordeste_Sertao
Z_0345_NOR,-3.05145,-45.45192,2024-04-27,81.4,37.8,22.6,406.3,271.1,24.3,5.9,argiloso_seco,pastagem,alta,0,incêndio,0,BAIXO,4,outono,Nordeste_Sertao
Z_0346_SUL,-31.13597,-52.32997,2023-09-11,173.2,16.7,45.8,400.5,951.8,30.3,21.7,argiloso,floresta,media,0,deslizamento,0,BAIXO,9,primavera,Sul_Campos_Planalto
Z_0347_CEN,-14.96418,-52.40946,2024-06-03,18.6,30.8,17.18347749345721,69.9,540.0,13.6,8.3,argiloso,rural,media,0,nenhum,0,MUITO BAIXO,6,inverno,CentroOeste_Cerrado_Pantanal
Z_0348_SUD,-21.06234,-40.71576,2023-05-06,276.0,31.2,69.5,4806.4,2343.3,52.8,13.5,rochoso,floresta,baixa,0,nenhum,0,MUITO BAIXO,5,outono,Sudeste_Montanhoso_Litoraneo
Z_0349_SUL,-25.70165,-55.20489,2023-09-21,111.3,28.3,76.4,2199.8,278.5,9.8,23.4,arenoso_argiloso,urbano,alta,0,nenhum,0,MUITO BAIXO,9,primavera,Sul_Campos_Planalto
Z_0350_SUL,-22.82947,-57.14966,2024-04-14,110.3,17.8,65.4,496.3,180.4,32.3,14.2,arenoso_argiloso,floresta,baixa,0,seca,0,BAIXO,4,outono,Sul_Campos_Planalto
Z_0351_SUL,-25.93456,-49.26768,2024-05-18,105.8,24.4,85.5,1907.4,113.3,3.4,26.0,arenoso_argiloso,floresta,media,0,seca,1,BAIXO,5,outono,Sul_Campos_Planalto
Z_0352_NOR,2.5558,-50.88091,2023-10-08,421.1,26.7,84.8,4273.1,387.8,8.4,12.6,argiloso,area_umida,baixa,0,inundação,0,MÉDIO,10,primavera,Norte_Amazonia
Z_0353_CEN,-17.29911,-57.09134,2023-02-01,127.8,28.8,65.8,350.8,719.6,13.3,27.2,arenoso,pastagem,alta,0,nenhum,0,MUITO BAIXO,2,verao,CentroOeste_Cerrado_Pantanal
Z_0354_CEN,-22.78197,-49.27159,2024-12-16,59.5,21.2,49.2,45.1,751.8,13.9,11.7,arenoso,area_umida,alta,0,seca,0,BAIXO,12,verao,CentroOeste_Cerrado_Pantanal
Z_0355_CEN,-20.41933,-56.40421,2023-12-05,65.6,25.9,36.9,383.5,417.6,22.7,12.1,latossolo,rural,baixa,0,nenhum,0,MUITO BAIXO,12,verao,CentroOeste_Cerrado_Pantanal
Z_0356_SUD,-18.54497,-45.28957,2024-07-01,258.1,17.7,39.252269325335796,1342.2,607.5,5.0,29.3,organico,pastagem,baixa,0,inundação,0,BAIXO,7,inverno,Sudeste_Montanhoso_Litoraneo
Z_0357_NOR,-10.46342,-42.39325,2023-08-01,11.4,36.7,14.231122223604793,394.1,207.5,22.6,12.1,arenoso,rural,baixa,0,incêndio,1,ALTO,8,inverno,Nordeste_Sertao
Z_0358_NOR,-9.28181,-43.46007,2024-06-30,26.4,40.0,23.487415221003275,389.1,157.5,17.9,11.8,argiloso_seco,pastagem,baixa,0,incêndio,1,ALTO,6,inverno,Nordeste_Sertao
Z_0359_CEN,-11.91791,-58.16701,2023-01-16,120.4,19.3,68.2,278.8,1028.9,4.0,1.9,argiloso,pastagem,alta,0,nenhum,0,MUITO BAIXO,1,verao,CentroOeste_Cerrado_Pantanal
Z_0360_NOR,-10.13264,-43.33512,2023-04-08,33.1,39.2,35.1,44.7,227.6,3.9,21.6,rochoso,pastagem,baixa,0,incêndio,0,BAIXO,4,outono,Nordeste_Sertao
Z_0361_SUD,-24.54054,-40.19209,2024-05-18,111.2,20.9,87.4,3453.0,1270.8,12.2,4.0,organico,urbano,alta,0,nenhum,0,MUITO BAIXO,5,outono,Sudeste_Montanhoso_Litoraneo
Z_0362_SUL,-31.89251,-57.11616,2024-07-27,231.5,14.5,28.057830886071272,2660.8,1481.9,37.8,12.3,arenoso_argiloso,floresta,baixa,0,inundação,0,BAIXO,7,inverno,Sul_Campos_Planalto
Z_0363_SUD,-24.03616,-40.54792,2024-04-05,346.8,19.1,53.7,4746.9,2021.5,26.6,15.3,argiloso,pastagem,alta,0,deslizamento,0,MÉDIO,4,outono,Sudeste_Montanhoso_Litoraneo
Z_0364_NOR,-15.54362,-38.65543,2024-12-02,5.5,29.4,66.2,326.7,336.5,1.0,5.3,argiloso_seco,pastagem,alta,0,nenhum,0,MUITO BAIXO,12,verao,Nordeste_Sertao
Z_0365_NOR,-12.03332,-43.26978,2024-12-10,60.3,40.6,35.6,352.8,948.4,21.1,11.8,rochoso,rural,baixa,0,seca,0,BAIXO,12,verao,Nordeste_Sertao
Z_0366_NOR,-4.0513,-52.62468,2024-11-04,350.1,32.4,97.5,3708.4,114.8,13.5,1.6,organico,area_umida,media,0,inundação,1,ALTO,11,primavera,Norte_Amazonia
Z_0367_CEN,-7.75175,-56.46507,2023-08-17,32.7,20.5,56.69329341452668,416.6,949.5,6.8,5.3,argiloso,pastagem,alta,0,nenhum,0,MUITO BAIXO,8,inverno,CentroOeste_Cerrado_Pantanal
Z_0368_CEN,-23.81715,-47.74375,2024-08-27,17.7,37.6,46.969780552678365,390.9,882.5,19.1,17.3,latossolo,rural,media,0,inundação,0,BAIXO,8,inverno,CentroOeste_Cerrado_Pantanal
Z_0369_SUD,-24.7144,-45.07028,2024-02-18,338.2,16.7,87.0,2803.7,303.8,53.8,28.2,organico,floresta,baixa,0,deslizamento,1,ALTO,2,verao,Sudeste_Montanhoso_Litoraneo
Z_0370_SUL,-28.74183,-52.45873,2023-12-31,137.9,26.7,61.8,2290.1,1342.6,30.6,2.4,arenoso_argiloso,pastagem,alta,1,nenhum,0,MUITO BAIXO,12,verao,Sul_Campos_Planalto
Z_0371_CEN,-19.22198,-52.0289,2023-11-09,61.9,19.3,80.5,437.9,269.8,10.8,6.0,argiloso,floresta,baixa,0,nenhum,0,MUITO BAIXO,11,primavera,CentroOeste_Cerrado_Pantanal
Z_0372_SUD,-20.3071,-39.82384,2024-09-16,114.2,25.2,87.5,1527.7,2619.2,11.7,8.5,argiloso,pastagem,baixa,0,nenhum,0,MUITO BAIXO,9,primavera,Sudeste_Montanhoso_Litoraneo
Z_0373_NOR,-3.23093,-60.27153,2024-04-30,329.7,24.3,93.3,2142.5,93.2,17.1,48.7,arenoso,floresta,baixa,0,inundação,0,BAIXO,4,outono,Norte_Amazonia
Z_0374_SUD,-21.80254,-47.83218,2023-12-09,133.6,23.9,80.4,3157.7,774.3,55.9,19.1,argiloso,rural,baixa,0,deslizamento,0,BAIXO,12,verao,Sudeste_Montanhoso_Litoraneo
Z_0375_NOR,-17.19128,-41.09233,2024-03-24,9.6,33.5,55.6,109.4,185.1,27.2,16.1,rochoso,rural,alta,0,nenhum,0,MUITO BAIXO,3,outono,Nordeste_Sertao
Z_0376_SUD,-20.78226,-41.51597,2024-08-05,213.0,18.8,70.54544704848857,471.3,2278.8,5.8,0.1,rochoso,floresta,baixa,0,inundação,1,MÉDIO,8,inverno,Sudeste_Montanhoso_Litoraneo
Z_0377_SUD,-23.46166,-49.31364,2024-02-18,238.1,31.9,63.6,1164.0,263.1,52.0,16.5,argiloso,rural,baixa,1,deslizamento,0,BAIXO,2,verao,Sudeste_Montanhoso_Litoraneo
Z_0378_SUD,-22.33355,-42.33836,2024-06-26,282.8,29.9,74.77572146324934,4412.3,1226.3,22.1,17.7,rochoso,urbano,alta,1,deslizamento,0,BAIXO,6,inverno,Sudeste_Montanhoso_Litoraneo
Z_0379_NOR,0.73363,-72.21538,2023-09-15,311.0,26.4,90.7,4454.3,407.3,11.8,44.5,organico,floresta,baixa,0,incêndio,0,BAIXO,9,primavera,Norte_Amazonia
Z_0380_SUD,-21.28319,-39.03299,2024-01-22,177.2,30.2,77.8,2167.0,1278.1,11.1,19.9,organico,rural,baixa,0,vendaval,0,BAIXO,1,verao,Sudeste_Montanhoso_Litoraneo
Z_0381_SUL,-29.42804,-56.76892,2023-01-12,131.6,23.6,80.6,2042.1,1792.9,34.8,6.1,organico,pastagem,alta,0,nenhum,0,MUITO BAIXO,1,verao,Sul_Campos_Planalto
Z_0382_SUL,-22.05898,-51.81134,2024-02-07,74.9,16.2,46.0,2857.4,176.8,2.4,19.9,argiloso,rural,baixa,0,inundação,0,BAIXO,2,verao,Sul_Campos_Planalto
Z_0383_NOR,-3.45494,-44.3887,2024-11-01,23.9,41.1,57.5,351.8,556.4,22.0,3.1,rochoso,pastagem,alta,0,seca,0,BAIXO,11,primavera,Nordeste_Sertao
Z_0384_SUD,-18.26633,-46.2989,2024-04-04,336.0,29.4,84.4,3800.1,735.5,30.4,14.6,organico,pastagem,media,0,deslizamento,1,MÉDIO,4,outono,Sudeste_Montanhoso_Litoraneo
Z_0385_NOR,-15.87421,-38.22617,2023-05-15,24.6,41.3,31.6,435.8,792.2,24.1,25.9,argiloso_seco,pastagem,alta,0,incêndio,0,BAIXO,5,outono,Nordeste_Sertao
Z_0386_CEN,-14.80753,-58.3312,2024-08-03,40.9,29.7,54.1367027635729,120.8,722.3,15.7,13.2,argiloso,floresta,baixa,0,nenhum,0,MUITO BAIXO,8,inverno,CentroOeste_Cerrado_Pantanal
Z_0387_NOR,3.89339,-64.19854,2024-11-29,375.7,25.3,92.8,3273.4,58.5,0.1,18.4,arenoso,rural,media,0,inundação,1,MÉDIO,11,primavera,Norte_Amazonia
Z_0388_NOR,-11.19804,-40.01211,2024-06-24,6.2,25.8,45.000002543647845,276.2,238.9,8.0,0.5,argiloso_seco,pastagem,baixa,0,incêndio,0,BAIXO,6,inverno,Nordeste_Sertao
Z_0389_SUD,-24.67154,-40.87827,2023-02-26,82.1,29.0,91.7,3234.2,692.9,59.1,23.9,rochoso,urbano,media,0,nenhum,0,MUITO BAIXO,2,verao,Sudeste_Montanhoso_Litoraneo
Z_0390_NOR,2.06145,-67.64765,2024-07-09,303.8,31.9,80.9,3137.4,164.6,15.4,13.9,argiloso,area_umida,baixa,0,incêndio,0,BAIXO,7,inverno,Norte_Amazonia
Z_0391_CEN,-22.65811,-53.49389,2023-06-22,12.3,24.3,23.79354935093632,84.4,818.6,19.2,8.3,argiloso,rural,media,0,inundação,0,BAIXO,6,inverno,CentroOeste_Cerrado_Pantanal
Z_0392_NOR,-2.77256,-58.40755,2023-09-03,179.7,33.5,74.3,4319.9,206.8,1.5,66.1,organico,area_umida,baixa,0,incêndio,0,BAIXO,9,primavera,Norte_Amazonia
Z_0393_SUD,-21.1729,-47.38614,2024-11-26,259.8,20.7,81.8,1785.3,523.8,16.5,20.0,organico,floresta,baixa,0,vendaval,0,BAIXO,11,primavera,Sudeste_Montanhoso_Litoraneo
Z_0394_NOR,-0.33663,-62.70341,2023-09-21,264.2,32.3,95.2,2872.4,245.0,17.9,71.2,organico,floresta,baixa,0,incêndio,0,BAIXO,9,primavera,Norte_Amazonia
Z_0395_CEN,-15.08733,-55.64412,2023-09-22,187.6,28.7,47.2,174.6,165.7,8.2,4.2,arenoso,pastagem,alta,0,inundação,1,MÉDIO,9,primavera,CentroOeste_Cerrado_Pantanal
Z_0396_CEN,-9.47946,-45.81332,2024-04-28,72.3,22.7,35.5,227.3,406.7,2.6,7.7,arenoso,area_umida,media,0,inundação,0,BAIXO,4,outono,CentroOeste_Cerrado_Pantanal
Z_0397_CEN,-10.65115,-55.60151,2024-09-30,82.6,32.5,55.0,177.7,257.6,14.5,14.9,arenoso,rural,media,0,nenhum,0,MUITO BAIXO,9,primavera,CentroOeste_Cerrado_Pantanal
Z_0398_SUL,-25.44068,-50.98592,2023-05-23,155.9,29.0,59.1,1337.1,701.2,34.2,24.8,arenoso_argiloso,urbano,alta,1,nenhum,0,MUITO BAIXO,5,outono,Sul_Campos_Planalto
Z_0399_SUL,-28.98542,-55.79355,2024-04-23,90.4,27.8,41.3,1513.7,1652.0,10.5,19.4,arenoso_argiloso,floresta,baixa,0,nenhum,0,MUITO BAIXO,4,outono,Sul_Campos_Planalto
Z_0400_NOR,-9.54123,-63.54153,2024-02-22,350.4,26.9,83.9,2032.0,78.8,9.0,46.8,arenoso,urbano,alta,0,inundação,1,MÉDIO,2,verao,Norte_Amazonia
Z_0401_SUL,-26.06552,-54.51861,2023-05-04,73.6,6.5,63.3,4825.6,604.0,14.6,8.5,organico,floresta,baixa,0,nenhum,0,MUITO BAIXO,5,outono,Sul_Campos_Planalto
Z_0402_NOR,-7.43097,-65.80854,2023-07-21,187.3,30.5,81.1,3156.7,271.4,7.9,57.0,arenoso,rural,media,0,vendaval,0,BAIXO,7,inverno,Norte_Amazonia
Z_0403_NOR,-16.23106,-43.79493,2023-12-25,20.9,31.6,55.5,264.0,749.7,8.4,28.6,argiloso_seco,rural,media,0,incêndio,0,BAIXO,12,verao,Nordeste_Sertao
Z_0404_CEN,-11.76865,-59.451,2024-07-12,18.0,34.5,48.85261274646745,128.4,1144.4,12.2,1.2,arenoso,floresta,baixa,0,nenhum,0,MUITO BAIXO,7,inverno,CentroOeste_Cerrado_Pantanal
Z_0405_SUD,-20.57661,-46.22738,2024-01-29,290.9,16.8,90.4,3796.7,1839.2,46.1,3.1,rochoso,urbano,alta,0,nenhum,0,MUITO BAIXO,1,verao,Sudeste_Montanhoso_Litoraneo
Z_0406_CEN,-13.26639,-54.0524,2023-12-18,190.4,28.8,45.1,319.1,702.2,16.0,23.4,argiloso,rural,baixa,0,nenhum,0,MUITO BAIXO,12,verao,CentroOeste_Cerrado_Pantanal
Z_0407_SUL,-24.86654,-53.4294,2023-05-28,168.8,10.2,70.1,4500.2,40.4,9.2,18.1,argiloso,pastagem,baixa,0,seca,0,BAIXO,5,outono,Sul_Campos_Planalto
Z_0408_NOR,-5.42707,-50.58558,2024-11-17,310.0,31.4,84.0,2381.7,13.6,7.1,11.2,arenoso,rural,baixa,0,inundação,0,BAIXO,11,primavera,Norte_Amazonia
Z_0409_NOR,2.48186,-62.88148,2023-03-18,180.8,28.2,89.4,1580.3,60.5,2.7,71.1,argiloso,floresta,media,1,inundação,0,BAIXO,3,outono,Norte_Amazonia
Z_0410_SUD,-18.40111,-43.29339,2024-04-29,175.4,30.2,56.1,1589.2,2655.1,32.9,18.1,organico,rural,baixa,0,deslizamento,0,MÉDIO,4,outono,Sudeste_Montanhoso_Litoraneo
Z_0411_NOR,-7.85162,-69.77969,2023-03-29,327.6,23.8,76.7,4165.0,304.0,6.3,48.4,argiloso,urbano,alta,0,nenhum,0,MUITO BAIXO,3,outono,Norte_Amazonia
Z_0412_SUL,-25.5627,-51.55889,2023-09-25,77.0,18.2,56.0,4595.8,964.4,40.0,3.9,organico,urbano,alta,0,vendaval,0,BAIXO,9,primavera,Sul_Campos_Planalto
Z_0413_NOR,-8.88188,-37.82012,2024-11-17,86.6,31.0,47.6,391.2,467.7,19.3,27.3,arenoso,pastagem,alta,1,nenhum,0,MUITO BAIXO,11,primavera,Nordeste_Sertao
Z_0414_NOR,-10.61145,-43.3468,2024-02-17,53.6,36.8,58.6,39.3,831.1,9.0,5.2,argiloso_seco,pastagem,media,0,seca,0,BAIXO,2,verao,Nordeste_Sertao
Z_0415_NOR,-13.01654,-45.44527,2023-03-06,12.7,33.4,56.6,36.7,345.3,29.1,29.4,argiloso_seco,pastagem,alta,0,seca,0,BAIXO,3,outono,Nordeste_Sertao
Z_0416_SUL,-29.41234,-48.39273,2024-12-26,239.8,20.2,71.5,4887.3,53.0,14.8,13.0,organico,rural,media,0,inundação,1,MÉDIO,12,verao,Sul_Campos_Planalto
Z_0417_NOR,-4.06839,-38.58393,2024-03-05,99.0,35.3,49.7,153.4,827.4,13.7,17.8,arenoso,rural,baixa,0,seca,0,BAIXO,3,outono,Nordeste_Sertao
Z_0418_NOR,-12.50442,-42.86324,2023-02-14,73.0,24.3,22.3,333.4,482.8,18.0,19.1,argiloso_seco,pastagem,baixa,0,nenhum,0,MUITO BAIXO,2,verao,Nordeste_Sertao
Z_0419_NOR,-13.56945,-44.61633,2023-06-13,25.6,31.3,46.3807460450265,485.1,240.0,5.3,2.3,rochoso,rural,alta,0,nenhum,0,MUITO BAIXO,6,inverno,Nordeste_Sertao
Z_0420_SUL,-29.08881,-56.33723,2023-03-26,96.5,8.2,55.9,3169.7,1529.5,5.3,3.8,arenoso_argiloso,urbano,alta,0,nenhum,0,MUITO BAIXO,3,outono,Sul_Campos_Planalto
Z_0421_SUL,-32.83268,-48.68989,2024-11-09,176.5,19.3,48.7,1716.4,317.6,29.3,20.0,arenoso_argiloso,floresta,baixa,0,nenhum,0,MUITO BAIXO,11,primavera,Sul_Campos_Planalto
Z_0422_CEN,-11.86673,-46.69854,2024-09-21,109.1,21.6,55.8,301.4,890.5,12.3,2.0,argiloso,pastagem,alta,0,incêndio,0,BAIXO,9,primavera,CentroOeste_Cerrado_Pantanal
Z_0423_CEN,-19.68144,-56.78963,2024-12-07,96.3,35.4,45.7,294.6,482.4,24.2,28.2,arenoso,rural,alta,0,incêndio,0,BAIXO,12,verao,CentroOeste_Cerrado_Pantanal
Z_0424_SUD,-21.6589,-48.91137,2024-11-24,245.8,17.2,56.5,3617.8,1124.6,10.2,26.6,argiloso,floresta,media,0,nenhum,0,MUITO BAIXO,11,primavera,Sudeste_Montanhoso_Litoraneo
Z_0425_NOR,-5.37169,-43.04328,2023-03-14,29.6,30.7,20.5,141.9,985.5,20.7,16.1,rochoso,rural,media,1,nenhum,0,MUITO BAIXO,3,outono,Nordeste_Sertao
Z_0426_NOR,-15.57592,-39.24849,2023-07-08,3.7,29.4,10.0,361.6,413.3,11.4,22.5,arenoso,pastagem,media,0,incêndio,0,BAIXO,7,inverno,Nordeste_Sertao
Z_0427_NOR,-4.44476,-70.04873,2024-05-22,403.1,29.7,85.7,3232.0,272.5,19.5,16.1,organico,rural,media,0,vendaval,0,BAIXO,5,outono,Norte_Amazonia
Z_0428_NOR,-2.16423,-45.12763,2024-08-15,0.2,27.4,16.107652297015843,105.4,683.9,20.8,28.3,argiloso_seco,pastagem,media,0,nenhum,0,MUITO BAIXO,8,inverno,Nordeste_Sertao
Z_0429_SUD,-21.95388,-41.40529,2023-07-02,102.1,30.0,33.29732071034409,3108.3,1793.1,49.0,27.8,argiloso,rural,media,0,nenhum,0,MUITO BAIXO,7,inverno,Sudeste_Montanhoso_Litoraneo
Z_0430_NOR,-2.04836,-42.02025,2023-06-01,1.8,30.5,10.7,48.5,659.1,13.9,15.1,argiloso_seco,rural,alta,0,seca,1,MÉDIO,6,inverno,Nordeste_Sertao
Z_0431_SUD,-20.55607,-45.93286,2024-10-27,174.3,26.5,80.8,1261.9,1264.2,8.1,0.4,argiloso,urbano,alta,0,inundação,0,BAIXO,10,primavera,Sudeste_Montanhoso_Litoraneo
Z_0432_NOR,1.91762,-52.49501,2023-04-16,446.3,30.2,87.2,3830.9,99.3,18.1,33.8,arenoso,area_umida,baixa,0,nenhum,0,MUITO BAIXO,4,outono,Norte_Amazonia
Z_0433_NOR,-6.08657,-73.46164,2023-07-03,349.9,30.9,99.5,2098.3,244.5,8.5,69.4,organico,urbano,alta,0,nenhum,0,MUITO BAIXO,7,inverno,Norte_Amazonia
Z_0434_NOR,-14.96821,-38.5285,2024-10-12,8.5,26.6,20.5,424.2,755.5,26.0,18.0,argiloso_seco,pastagem,media,0,incêndio,0,BAIXO,10,primavera,Nordeste_Sertao
Z_0435_NOR,-6.41385,-63.56652,2023-10-04,243.9,34.8,77.6,4984.1,14.0,6.5,61.8,organico,area_umida,baixa,0,inundação,0,BAIXO,10,primavera,Norte_Amazonia
Z_0436_NOR,-8.01629,-44.90287,2023-11-30,48.6,28.2,31.8,301.8,806.9,3.1,20.5,argiloso_seco,rural,alta,0,nenhum,0,MUITO BAIXO,11,primavera,Nordeste_Sertao
Z_0437_SUD,-19.60977,-43.00469,2023-06-05,278.1,15.1,26.21009009067645,2649.6,473.8,47.3,8.0,rochoso,urbano,alta,0,nenhum,0,MUITO BAIXO,6,inverno,Sudeste_Montanhoso_Litoraneo
Z_0438_SUL,-32.37591,-51.44798,2023-02-02,225.9,19.9,65.5,3395.5,737.0,28.6,1.6,organico,pastagem,baixa,0,deslizamento,1,MÉDIO,2,verao,Sul_Campos_Planalto
Z_0439_NOR,-9.07786,-44.16914,2023-09-13,10.1,38.6,55.0,323.8,485.9,23.2,8.7,arenoso,pastagem,alta,0,nenhum,0,MUITO BAIXO,9,primavera,Nordeste_Sertao
Z_0440_NOR,-7.05472,-51.85313,2024-07-17,238.4,35.2,78.4,2614.8,205.7,19.8,6.4,arenoso,floresta,baixa,0,inundação,0,BAIXO,7,inverno,Norte_Amazonia
Z_0441_NOR,-4.34929,-39.25415,2024-01-23,58.5,30.5,44.2,249.8,113.2,13.6,29.1,arenoso,rural,baixa,0,incêndio,0,BAIXO,1,verao,Nordeste_Sertao
Z_0442_NOR,-9.62103,-39.04452,2024-11-02,77.5,36.5,62.0,249.9,440.9,19.6,12.2,rochoso,pastagem,alta,0,nenhum,0,MUITO BAIXO,11,primavera,Nordeste_Sertao
Z_0443_NOR,0.41548,-65.74575,2024-10-16,357.1,22.8,92.9,2226.9,155.0,10.3,48.3,argiloso,area_umida,baixa,0,inundação,0,MÉDIO,10,primavera,Norte_Amazonia
Z_0444_SUD,-19.97138,-41.13193,2023-08-30,269.2,24.8,61.52239609900059,1048.1,1525.7,55.9,19.4,argiloso,rural,baixa,0,nenhum,0,MUITO BAIXO,8,inverno,Sudeste_Montanhoso_Litoraneo
Z_0445_NOR,4.77071,-73.22201,2024-06-27,347.3,22.4,97.8,3947.2,200.4,18.8,56.1,arenoso,area_umida,baixa,0,inundação,0,BAIXO,6,inverno,Norte_Amazonia
Z_0446_SUD,-19.17954,-43.60863,2024-04-30,144.2,31.9,81.7,4381.5,2134.3,24.4,2.3,rochoso,urbano,alta,1,deslizamento,0,BAIXO,4,outono,Sudeste_Montanhoso_Litoraneo
Z_0447_NOR,-8.55877,-37.89466,2023-10-01,35.5,21.4,57.9,248.3,599.4,21.4,2.2,rochoso,pastagem,baixa,0,seca,0,BAIXO,10,primavera,Nordeste_Sertao
Z_0448_SUD,-24.85452,-48.62938,2023-08-29,87.6,31.7,43.68277683787435,1662.9,2257.9,58.4,5.0,organico,floresta,baixa,0,vendaval,0,BAIXO,8,inverno,Sudeste_Montanhoso_Litoraneo
Z_0449_SUL,-25.02055,-48.3729,2024-12-07,237.9,25.9,57.1,1931.4,970.7,28.1,18.3,organico,urbano,alta,0,deslizamento,0,MÉDIO,12,verao,Sul_Campos_Planalto
Z_0450_CEN,-10.83098,-60.01593,2023-08-06,17.7,36.1,34.817838096212,210.8,658.5,22.0,23.0,latossolo,rural,media,0,incêndio,1,MÉDIO,8,inverno,CentroOeste_Cerrado_Pantanal
Z_0451_CEN,-23.65379,-47.89297,2024-10-21,139.3,30.1,35.1,19.4,1149.5,14.9,23.0,latossolo,floresta,media,0,inundação,0,BAIXO,10,primavera,CentroOeste_Cerrado_Pantanal
Z_0452_SUD,-24.05018,-39.02945,2023-03-26,132.4,29.9,77.6,1949.0,1557.1,24.1,13.1,rochoso,pastagem,alta,1,inundação,0,BAIXO,3,outono,Sudeste_Montanhoso_Litoraneo
Z_0453_NOR,-13.59047,-39.71736,2024-07-28,13.1,38.5,10.0,83.1,660.8,25.8,25.7,arenoso,rural,alta,1,incêndio,1,ALTO,7,inverno,Nordeste_Sertao
Z_0454_SUD,-24.85869,-49.17469,2024-06-09,123.3,19.3,49.678686414283376,636.9,2020.2,19.2,4.9,rochoso,floresta,baixa,0,nenhum,0,MUITO BAIXO,6,inverno,Sudeste_Montanhoso_Litoraneo
Z_0455_SUL,-33.90153,-49.95611,2024-09-23,98.3,32.0,66.9,2702.4,139.1,0.3,5.7,argiloso,rural,alta,0,vendaval,0,BAIXO,9,primavera,Sul_Campos_Planalto
Z_0456_SUD,-21.90295,-48.26167,2023-04-15,168.2,25.6,72.4,1503.2,2009.9,9.4,18.9,rochoso,rural,baixa,0,nenhum,0,MUITO BAIXO,4,outono,Sudeste_Montanhoso_Litoraneo
Z_0457_NOR,-2.92042,-42.46694,2023-04-17,66.9,30.8,41.0,313.8,213.2,12.9,13.2,rochoso,pastagem,baixa,0,seca,0,BAIXO,4,outono,Nordeste_Sertao
Z_0458_CEN,-16.2206,-49.26371,2024-11-18,104.2,31.9,85.0,14.3,527.0,1.3,15.2,argiloso,floresta,baixa,0,nenhum,0,MUITO BAIXO,11,primavera,CentroOeste_Cerrado_Pantanal
Z_0459_SUD,-24.65198,-39.94653,2023-09-26,118.1,31.7,81.7,187.3,585.0,42.6,19.4,rochoso,rural,baixa,0,nenhum,0,MUITO BAIXO,9,primavera,Sudeste_Montanhoso_Litoraneo
Z_0460_NOR,-4.46236,-50.81265,2023-01-21,212.3,31.0,75.7,3089.9,288.7,8.5,49.4,organico,urbano,alta,0,inundação,0,BAIXO,1,verao,Norte_Amazonia
Z_0461_NOR,-12.06341,-39.3028,2024-08-03,9.1,39.5,28.0,353.8,794.0,26.2,24.5,arenoso,rural,alta,0,seca,1,ALTO,8,inverno,Nordeste_Sertao
Z_0462_SUL,-24.80466,-49.4421,2024-07-14,222.7,24.6,27.80318249589186,2608.6,501.4,38.1,18.1,argiloso,floresta,baixa,0,deslizamento,0,BAIXO,7,inverno,Sul_Campos_Planalto
Z_0463_SUD,-18.63082,-43.99876,2023-04-27,271.2,28.8,66.4,69.2,1675.0,5.8,11.0,argiloso,pastagem,media,0,vendaval,0,BAIXO,4,outono,Sudeste_Montanhoso_Litoraneo
Z_0464_NOR,-0.55874,-55.02778,2024-05-28,311.7,26.6,88.8,1523.1,486.3,1.1,36.7,organico,urbano,alta,0,nenhum,0,MUITO BAIXO,5,outono,Norte_Amazonia
Z_0465_SUD,-23.70387,-45.12138,2024-12-28,339.7,34.7,57.7,4384.8,2341.0,56.1,2.8,argiloso,rural,baixa,0,deslizamento,0,BAIXO,12,verao,Sudeste_Montanhoso_Litoraneo
Z_0466_CEN,-15.31141,-45.55674,2024-11-12,186.3,22.2,62.5,119.5,55.5,15.0,4.1,latossolo,rural,alta,0,nenhum,0,MUITO BAIXO,11,primavera,CentroOeste_Cerrado_Pantanal
Z_0467_SUD,-24.28701,-45.12654,2024-04-13,332.8,24.2,54.2,636.2,452.8,39.2,9.6,argiloso,rural,baixa,0,deslizamento,1,ALTO,4,outono,Sudeste_Montanhoso_Litoraneo
Z_0468_NOR,-3.71064,-42.22522,2023-09-23,57.5,41.6,31.3,28.3,217.4,16.5,4.3,argiloso_seco,pastagem,media,0,incêndio,0,BAIXO,9,primavera,Nordeste_Sertao
Z_0469_NOR,-8.41781,-42.73218,2023-10-01,98.3,35.1,28.4,359.0,983.2,29.5,16.9,argiloso_seco,rural,alta,1,nenhum,0,MUITO BAIXO,10,primavera,Nordeste_Sertao
Z_0470_NOR,-14.52529,-43.86195,2024-04-10,33.5,32.7,29.6,74.9,354.9,1.8,7.7,arenoso,rural,baixa,0,seca,0,BAIXO,4,outono,Nordeste_Sertao
Z_0471_CEN,-23.00498,-48.17553,2023-09-03,104.3,34.5,55.5,285.0,880.1,18.8,28.3,argiloso,floresta,baixa,0,inundação,0,BAIXO,9,primavera,CentroOeste_Cerrado_Pantanal
Z_0472_NOR,-1.95287,-73.09804,2023-02-07,403.8,36.7,82.6,3738.6,162.2,12.8,41.5,argiloso,rural,media,0,nenhum,0,MUITO BAIXO,2,verao,Norte_Amazonia
Z_0473_SUD,-23.87277,-49.06251,2023-09-07,118.5,27.5,82.6,4686.9,2617.9,42.1,27.9,organico,pastagem,baixa,0,inundação,0,BAIXO,9,primavera,Sudeste_Montanhoso_Litoraneo
Z_0474_SUD,-20.59123,-45.96736,2024-02-07,262.5,25.9,63.6,2706.8,228.7,47.9,18.2,rochoso,urbano,alta,0,inundação,0,BAIXO,2,verao,Sudeste_Montanhoso_Litoraneo
Z_0475_NOR,-0.40727,-73.90946,2024-04-29,396.9,25.6,90.6,4436.8,327.9,12.9,47.3,argiloso,rural,baixa,0,incêndio,0,BAIXO,4,outono,Norte_Amazonia
Z_0476_SUD,-21.74457,-42.25609,2023-05-16,265.6,29.0,89.9,1555.5,1057.0,52.7,14.7,argiloso,rural,alta,0,nenhum,0,MUITO BAIXO,5,outono,Sudeste_Montanhoso_Litoraneo
Z_0477_CEN,-9.55831,-54.85273,2024-02-05,70.4,25.6,58.9,159.8,437.7,13.6,29.2,arenoso,pastagem,alta,0,seca,0,BAIXO,2,verao,CentroOeste_Cerrado_Pantanal
Z_0478_SUL,-32.25408,-57.91426,2024-03-26,189.4,26.4,74.3,11.8,152.9,6.0,4.9,organico,rural,alta,0,inundação,0,MÉDIO,3,outono,Sul_Campos_Planalto
Z_0479_NOR,-14.54804,-38.49037,2024-10-24,46.9,33.2,65.6,85.4,579.0,12.8,23.2,arenoso,rural,baixa,0,seca,0,BAIXO,10,primavera,Nordeste_Sertao
Z_0480_SUD,-19.40616,-49.37202,2024-05-10,206.5,24.1,67.2,4514.8,1155.6,43.5,8.8,argiloso,urbano,alta,0,deslizamento,1,ALTO,5,outono,Sudeste_Montanhoso_Litoraneo
Z_0481_NOR,-4.94709,-66.31825,2023-07-26,378.6,32.6,80.4,386.4,373.4,3.9,52.3,argiloso,area_umida,baixa,0,inundação,1,MÉDIO,7,inverno,Norte_Amazonia
Z_0482_NOR,-8.42435,-41.50617,2023-10-11,80.8,32.7,42.0,198.5,930.7,2.2,17.4,rochoso,pastagem,media,0,nenhum,0,MUITO BAIXO,10,primavera,Nordeste_Sertao
Z_0483_NOR,-4.44714,-40.82157,2023-07-27,1.0,32.5,24.60710491011798,255.6,481.1,0.5,13.3,arenoso,pastagem,baixa,0,incêndio,1,MÉDIO,7,inverno,Nordeste_Sertao
Z_0484_NOR,-4.28111,-69.02565,2024-12-15,330.9,31.1,71.7,3077.0,411.3,2.0,2.7,arenoso,urbano,alta,0,inundação,0,MÉDIO,12,verao,Norte_Amazonia
Z_0485_SUD,-22.10438,-48.02237,2024-05-22,324.1,28.3,70.7,4829.6,1995.1,39.5,4.2,organico,floresta,baixa,0,deslizamento,1,ALTO,5,outono,Sudeste_Montanhoso_Litoraneo
Z_0486_NOR,-12.4578,-39.09485,2023-04-27,91.8,23.1,20.2,123.3,576.0,4.2,24.6,rochoso,rural,media,0,seca,0,BAIXO,4,outono,Nordeste_Sertao
Z_0487_NOR,-9.76319,-72.7648,2024-01-21,234.6,29.8,88.0,874.7,116.8,14.1,9.7,argiloso,rural,media,0,vendaval,0,BAIXO,1,verao,Norte_Amazonia
Z_0488_NOR,-3.55362,-37.11576,2023-04-08,54.6,26.6,61.0,478.4,116.5,21.3,0.6,arenoso,pastagem,media,1,nenhum,0,MUITO BAIXO,4,outono,Nordeste_Sertao
Z_0489_SUD,-18.31299,-41.62176,2023-11-29,285.2,29.0,93.7,2435.4,1972.8,32.2,21.7,organico,urbano,alta,0,deslizamento,0,MÉDIO,11,primavera,Sudeste_Montanhoso_Litoraneo
Z_0490_NOR,-17.49587,-38.0913,2023-10-26,76.7,36.8,25.1,447.8,582.3,16.3,25.1,rochoso,pastagem,baixa,0,nenhum,0,MUITO BAIXO,10,primavera,Nordeste_Sertao
Z_0491_NOR,-2.27475,-51.64299,2024-05-21,318.9,22.5,98.5,1773.0,361.8,10.7,61.2,argiloso,floresta,baixa,0,nenhum,0,MUITO BAIXO,5,outono,Norte_Amazonia
Z_0492_SUL,-30.45326,-57.79059,2023-06-17,156.2,25.0,30.744328096626397,4585.0,1450.7,15.7,4.3,argiloso,urbano,alta,0,seca,0,BAIXO,6,inverno,Sul_Campos_Planalto
Z_0493_NOR,2.11065,-70.64447,2023-03-27,244.3,33.6,92.1,4866.4,227.0,15.9,69.3,argiloso,area_umida,baixa,0,nenhum,0,MUITO BAIXO,3,outono,Norte_Amazonia
Z_0494_CEN,-5.6605,-59.74777,2023-05-26,135.2,23.5,78.7,14.3,171.5,12.4,24.2,arenoso,area_umida,alta,0,inundação,0,BAIXO,5,outono,CentroOeste_Cerrado_Pantanal
Z_0495_NOR,-6.13945,-39.34415,2024-03-19,20.8,22.5,22.9,365.4,107.8,26.3,6.0,rochoso,rural,alta,0,seca,0,BAIXO,3,outono,Nordeste_Sertao
Z_0496_SUL,-24.00274,-49.26186,2024-12-02,128.3,24.1,53.7,2911.3,1388.4,18.2,26.5,organico,pastagem,alta,0,seca,0,BAIXO,12,verao,Sul_Campos_Planalto
Z_0497_NOR,-10.90695,-39.71332,2024-09-30,17.0,27.7,45.4,354.6,424.9,7.6,21.6,arenoso,rural,alta,0,seca,0,BAIXO,9,primavera,Nordeste_Sertao
Z_0498_NOR,-5.36505,-43.8137,2024-07-14,11.2,24.7,15.038000099735337,117.8,120.1,21.3,14.6,rochoso,pastagem,media,0,seca,0,BAIXO,7,inverno,Nordeste_Sertao
Z_0499_SUD,-20.47945,-49.91337,2024-01-09,206.8,26.3,59.4,3362.5,399.8,45.5,14.4,organico,pastagem,baixa,0,deslizamento,1,ALTO,1,verao,Sudeste_Montanhoso_Litoraneo
Z_0500_SUD,-20.61249,-49.78625,2024-02-09,157.4,26.5,74.7,3253.8,607.0,51.3,5.2,argiloso,floresta,baixa,1,deslizamento,1,MÉDIO,2,verao,Sudeste_Montanhoso_Litoraneo
Z_0501_SUL,-33.17697,-49.83678,2023-10-29,73.4,21.7,56.4,2547.9,1184.2,13.3,12.9,organico,pastagem,alta,0,nenhum,0,MUITO BAIXO,10,primavera,Sul_Campos_Planalto
Z_0502_SUD,-23.51903,-45.77666,2024-03-19,348.5,31.2,82.4,2310.6,973.0,13.3,12.6,organico,floresta,baixa,0,vendaval,0,BAIXO,3,outono,Sudeste_Montanhoso_Litoraneo
Z_0503_SUL,-29.03371,-53.1745,2023-11-08,218.4,8.7,47.6,390.2,921.0,31.9,12.3,argiloso,urbano,alta,0,deslizamento,0,BAIXO,11,primavera,Sul_Campos_Planalto
Z_0504_SUD,-24.36243,-43.16797,2023-07-12,128.4,26.8,62.91455515883277,4226.7,175.4,48.9,4.4,organico,rural,baixa,0,deslizamento,0,BAIXO,7,inverno,Sudeste_Montanhoso_Litoraneo
Z_0505_NOR,1.96101,-71.61438,2024-06-29,167.9,34.8,70.1,3652.9,349.2,7.1,30.8,arenoso,rural,baixa,0,vendaval,0,BAIXO,6,inverno,Norte_Amazonia
Z_0506_SUD,-19.35859,-44.95318,2024-04-12,126.5,16.4,91.9,4180.9,2444.4,20.5,12.6,organico,pastagem,alta,0,vendaval,0,BAIXO,4,outono,Sudeste_Montanhoso_Litoraneo
Z_0507_NOR,-17.80751,-40.5404,2024-12-14,60.6,23.8,49.5,159.6,240.0,3.5,15.9,rochoso,rural,baixa,0,incêndio,0,BAIXO,12,verao,Nordeste_Sertao
Z_0508_NOR,-9.96463,-38.26147,2023-08-13,1.5,33.3,10.0,32.5,528.5,24.9,23.9,rochoso,rural,media,0,incêndio,0,MÉDIO,8,inverno,Nordeste_Sertao
Z_0509_NOR,3.39949,-48.9337,2024-07-30,191.4,31.5,89.7,3927.3,260.1,11.3,55.3,organico,floresta,baixa,0,incêndio,0,BAIXO,7,inverno,Norte_Amazonia
Z_0510_NOR,-13.59244,-44.56025,2024-11-28,66.5,34.1,48.3,413.3,528.9,14.9,15.1,argiloso_seco,pastagem,alta,0,nenhum,0,MUITO BAIXO,11,primavera,Nordeste_Sertao
Z_0511_SUL,-24.72171,-57.92075,2024-07-09,96.5,17.6,50.81520547060571,2133.3,1755.2,8.3,17.0,organico,floresta,baixa,0,nenhum,0,MUITO BAIXO,7,inverno,Sul_Campos_Planalto
Z_0512_NOR,-4.54514,-58.17105,2023-03-01,395.1,36.6,78.5,3885.0,294.2,17.9,21.6,argiloso,floresta,baixa,0,incêndio,0,BAIXO,3,outono,Norte_Amazonia
Z_0513_CEN,-17.45228,-52.01608,2023-01-22,88.4,33.0,42.0,476.0,372.7,18.1,5.0,latossolo,pastagem,media,0,nenhum,0,MUITO BAIXO,1,verao,CentroOeste_Cerrado_Pantanal
Z_0514_SUD,-20.49614,-49.25131,2024-08-03,287.2,26.6,21.805219407239317,298.1,461.7,39.5,5.5,organico,urbano,alta,0,nenhum,0,MUITO BAIXO,8,inverno,Sudeste_Montanhoso_Litoraneo
Z_0515_NOR,-3.95648,-43.93022,2024-02-22,80.1,23.7,56.4,122.8,110.9,29.5,23.2,argiloso_seco,pastagem,alta,0,seca,0,BAIXO,2,verao,Nordeste_Sertao
Z_0516_NOR,-3.02991,-39.05419,2024-02-29,22.0,30.1,41.8,267.1,469.1,11.8,20.1,rochoso,pastagem,baixa,0,nenhum,0,MUITO BAIXO,2,verao,Nordeste_Sertao
Z_0517_NOR,-17.77649,-42.65607,2024-11-08,53.4,24.4,44.8,431.4,836.2,24.7,13.8,rochoso,pastagem,alta,0,nenhum,0,MUITO BAIXO,11,primavera,Nordeste_Sertao
Z_0518_NOR,-10.44746,-45.79146,2024-12-25,46.6,31.3,23.9,365.9,785.1,21.8,12.4,rochoso,pastagem,alta,0,seca,0,BAIXO,12,verao,Nordeste_Sertao
Z_0519_SUL,-33.55365,-53.12266,2024-06-28,216.9,28.8,60.08121775285175,4830.0,132.4,14.7,2.8,arenoso_argiloso,pastagem,alta,0,inundação,0,MÉDIO,6,inverno,Sul_Campos_Planalto
Z_0520_NOR,-6.12325,-45.8719,2023-01-20,76.6,32.7,58.0,129.9,344.0,7.5,24.2,argiloso_seco,rural,media,0,incêndio,0,BAIXO,1,verao,Nordeste_Sertao
Z_0521_NOR,-6.18336,-38.45718,2024-04-17,78.4,30.3,57.3,125.5,382.9,26.7,17.3,rochoso,rural,alta,0,nenhum,0,MUITO BAIXO,4,outono,Nordeste_Sertao
Z_0522_NOR,-7.25269,-68.16595,2023-02-24,449.7,29.3,85.0,1658.8,194.8,12.1,42.7,argiloso,rural,baixa,0,nenhum,0,MUITO BAIXO,2,verao,Norte_Amazonia
Z_0523_NOR,-6.9226,-37.34134,2024-02-28,49.5,23.5,23.7,434.3,423.7,9.6,27.8,arenoso,pastagem,media,0,seca,0,BAIXO,2,verao,Nordeste_Sertao
Z_0524_NOR,-8.19281,-43.99761,2023-11-21,12.3,33.7,68.0,417.0,905.6,17.9,14.7,arenoso,pastagem,alta,0,nenhum,0,MUITO BAIXO,11,primavera,Nordeste_Sertao
Z_0525_NOR,-5.98926,-44.79956,2024-08-10,25.6,34.8,11.772101113406665,163.0,660.1,13.6,6.0,rochoso,rural,baixa,0,incêndio,1,MÉDIO,8,inverno,Nordeste_Sertao
Z_0526_NOR,-2.79968,-54.47387,2024-03-17,446.0,23.0,82.5,2793.0,46.2,19.3,62.2,argiloso,rural,media,0,vendaval,0,BAIXO,3,outono,Norte_Amazonia
Z_0527_NOR,-12.56334,-39.06493,2023-07-12,16.8,31.6,27.0,291.8,120.7,17.2,13.7,argiloso_seco,pastagem,baixa,0,seca,1,MÉDIO,7,inverno,Nordeste_Sertao
Z_0528_NOR,-8.22996,-38.46026,2024-09-19,97.7,30.7,56.5,370.3,863.9,16.2,18.0,rochoso,pastagem,alta,0,nenhum,0,MUITO BAIXO,9,primavera,Nordeste_Sertao
Z_0529_NOR,-1.55215,-69.03474,2023-07-26,353.8,27.7,74.5,2264.0,55.4,6.6,78.8,arenoso,floresta,baixa,0,inundação,1,MÉDIO,7,inverno,Norte_Amazonia
Z_0530_NOR,-5.41689,-49.33578,2023-05-30,294.9,31.9,86.7,3317.3,193.0,0.3,41.2,arenoso,urbano,alta,0,vendaval,0,BAIXO,5,outono,Norte_Amazonia
Z_0531_CEN,-17.4661,-50.29064,2024-07-15,40.2,32.0,24.026478644416954,92.8,53.1,21.8,8.6,arenoso,rural,media,0,nenhum,0,MUITO BAIXO,7,inverno,CentroOeste_Cerrado_Pantanal
Z_0532_NOR,-9.36506,-45.9952,2023-01-17,30.8,22.5,57.5,288.6,790.5,23.6,13.9,argiloso_seco,pastagem,media,0,nenhum,0,MUITO BAIXO,1,verao,Nordeste_Sertao
Z_0533_SUL,-29.00601,-49.37548,2023-11-12,109.4,23.6,81.3,707.6,1641.3,21.7,8.3,argiloso,rural,alta,0,seca,0,BAIXO,11,primavera,Sul_Campos_Planalto
Z_0534_NOR,-8.67321,-65.3137,2023-08-25,429.4,34.2,85.8,3053.4,311.4,14.2,47.1,argiloso,rural,baixa,0,nenhum,0,MUITO BAIXO,8,inverno,Norte_Amazonia
Z_0535_NOR,2.46206,-57.90116,2023-07-18,365.8,37.2,75.0,1999.7,451.2,13.2,0.7,arenoso,floresta,media,0,nenhum,0,MUITO BAIXO,7,inverno,Norte_Amazonia
Z_0536_NOR,4.50855,-59.33696,2023-11-23,222.3,36.3,82.9,921.5,265.0,13.9,71.7,arenoso,area_umida,baixa,0,inundação,0,MÉDIO,11,primavera,Norte_Amazonia
Z_0537_SUL,-26.97669,-49.39169,2024-06-20,103.5,15.8,23.94762078664011,1585.0,1732.5,36.7,29.7,organico,rural,baixa,0,vendaval,0,BAIXO,6,inverno,Sul_Campos_Planalto
Z_0538_NOR,-10.59324,-37.99881,2024-08-19,23.7,27.5,27.737424323081378,466.5,723.1,27.2,23.7,arenoso,pastagem,baixa,0,nenhum,0,MUITO BAIXO,8,inverno,Nordeste_Sertao
Z_0539_NOR,-4.27439,-40.72505,2024-01-17,55.2,40.1,39.9,106.2,258.7,12.3,27.7,rochoso,pastagem,alta,0,incêndio,0,BAIXO,1,verao,Nordeste_Sertao
Z_0540_NOR,-15.59445,-42.98901,2023-03-30,90.1,23.3,57.8,295.3,227.1,6.2,16.9,argiloso_seco,rural,media,0,incêndio,0,BAIXO,3,outono,Nordeste_Sertao
Z_0541_CEN,-8.00641,-45.54505,2024-12-09,68.7,29.7,72.2,217.4,715.1,20.0,11.1,latossolo,rural,alta,0,incêndio,0,BAIXO,12,verao,CentroOeste_Cerrado_Pantanal
Z_0542_NOR,4.63536,-68.27434,2024-01-08,370.8,28.9,90.1,1862.5,10.0,18.7,75.1,organico,area_umida,baixa,0,vendaval,0,BAIXO,1,verao,Norte_Amazonia
Z_0543_SUL,-25.60237,-51.53542,2023-06-30,172.8,11.6,54.797443252774244,4274.5,1.7,21.9,11.0,argiloso,pastagem,baixa,0,vendaval,0,BAIXO,6,inverno,Sul_Campos_Planalto
Z_0544_CEN,-5.85196,-46.71301,2023-12-26,77.3,30.7,84.4,22.7,776.8,15.5,18.6,arenoso,pastagem,alta,0,incêndio,0,BAIXO,12,verao,CentroOeste_Cerrado_Pantanal
Z_0545_NOR,-8.39022,-43.08514,2024-10-12,56.0,36.6,42.9,396.2,203.2,6.3,1.9,rochoso,pastagem,alta,0,nenhum,0,MUITO BAIXO,10,primavera,Nordeste_Sertao
Z_0546_SUL,-24.4232,-57.64804,2023-05-08,241.4,9.7,88.1,931.1,273.8,21.3,6.2,arenoso_argiloso,urbano,alta,1,nenhum,0,MUITO BAIXO,5,outono,Sul_Campos_Planalto
Z_0547_NOR,-6.14982,-50.49842,2023-04-04,318.6,34.6,83.4,2005.2,384.6,11.5,34.6,argiloso,rural,baixa,0,incêndio,0,BAIXO,4,outono,Norte_Amazonia
Z_0548_CEN,-13.13657,-50.77739,2023-06-27,1.9,28.9,65.8370595838715,11.2,885.9,7.0,25.5,arenoso,rural,media,0,incêndio,0,BAIXO,6,inverno,CentroOeste_Cerrado_Pantanal
Z_0549_CEN,-13.59724,-52.85898,2023-01-13,142.7,20.3,83.4,497.0,462.3,10.4,26.2,latossolo,pastagem,alta,0,nenhum,0,MUITO BAIXO,1,verao,CentroOeste_Cerrado_Pantanal
Z_0550_SUL,-29.22315,-48.26403,2023-08-24,88.5,9.6,57.94683052437756,3650.9,715.8,3.8,10.2,arenoso_argiloso,urbano,alta,0,vendaval,0,BAIXO,8,inverno,Sul_Campos_Planalto
Z_0551_SUD,-22.52591,-47.36899,2024-11-17,296.5,26.3,71.8,1083.4,1008.1,25.4,3.9,argiloso,floresta,baixa,0,deslizamento,0,MÉDIO,11,primavera,Sudeste_Montanhoso_Litoraneo
Z_0552_NOR,-8.83131,-68.10376,2024-09-04,374.6,26.3,92.9,3281.4,6.5,0.4,63.2,arenoso,urbano,alta,0,inundação,0,MÉDIO,9,primavera,Norte_Amazonia
Z_0553_NOR,-4.3478,-61.1458,2024-06-20,361.6,32.0,94.7,1591.7,94.1,11.4,9.8,argiloso,rural,media,1,inundação,0,MÉDIO,6,inverno,Norte_Amazonia
Z_0554_SUL,-24.94698,-51.93706,2024-11-07,129.2,30.5,58.2,132.6,1063.4,28.6,27.6,organico,urbano,alta,0,nenhum,0,MUITO BAIXO,11,primavera,Sul_Campos_Planalto
Z_0555_NOR,-12.15592,-39.65613,2023-07-16,5.7,31.3,30.466687972353284,304.0,348.9,1.6,10.3,argiloso_seco,rural,alta,0,seca,0,MÉDIO,7,inverno,Nordeste_Sertao
Z_0556_SUD,-24.19,-40.35984,2023-01-02,229.9,32.8,54.6,2585.3,985.7,36.0,9.7,argiloso,floresta,baixa,0,deslizamento,1,ALTO,1,verao,Sudeste_Montanhoso_Litoraneo
Z_0557_NOR,-7.75651,-68.82163,2024-04-19,389.2,28.3,99.2,4284.1,385.0,15.1,69.1,arenoso,floresta,baixa,0,nenhum,0,MUITO BAIXO,4,outono,Norte_Amazonia
Z_0558_NOR,-7.20711,-57.5776,2024-03-01,222.2,26.9,81.4,103.6,226.6,18.0,55.9,argiloso,area_umida,baixa,0,vendaval,0,BAIXO,3,outono,Norte_Amazonia
Z_0559_CEN,-12.79231,-53.70375,2024-04-28,175.8,36.9,52.6,430.9,887.8,7.9,28.4,arenoso,floresta,baixa,0,nenhum,0,MUITO BAIXO,4,outono,CentroOeste_Cerrado_Pantanal
Z_0560_CEN,-7.13393,-58.76713,2023-06-25,8.4,19.7,51.64579229159169,250.0,522.9,19.5,4.2,arenoso,rural,media,0,inundação,0,BAIXO,6,inverno,CentroOeste_Cerrado_Pantanal
Z_0561_SUD,-23.44976,-47.60839,2023-04-11,259.4,31.9,77.3,4758.2,418.9,35.0,7.1,rochoso,pastagem,alta,0,nenhum,0,MUITO BAIXO,4,outono,Sudeste_Montanhoso_Litoraneo
Z_0562_NOR,-8.27512,-38.36565,2023-10-13,76.8,38.1,61.9,328.5,997.0,16.6,16.3,rochoso,rural,baixa,0,nenhum,0,MUITO BAIXO,10,primavera,Nordeste_Sertao
Z_0563_NOR,-2.22232,-64.28791,2023-03-09,379.3,24.8,98.2,1600.1,385.7,0.3,48.8,organico,urbano,alta,0,vendaval,0,BAIXO,3,outono,Norte_Amazonia
Z_0564_SUD,-23.05981,-49.24647,2024-03-29,334.0,34.0,78.1,3767.1,976.5,13.4,4.4,organico,rural,alta,0,inundação,0,BAIXO,3,outono,Sudeste_Montanhoso_Litoraneo
Z_0565_SUD,-22.15507,-46.1847,2024-02-27,208.9,23.1,81.9,462.8,388.4,15.8,19.0,argiloso,floresta,baixa,0,nenhum,0,MUITO BAIXO,2,verao,Sudeste_Montanhoso_Litoraneo
Z_0566_SUD,-24.15046,-43.75451,2023-03-16,291.4,18.4,71.8,4243.0,56.5,47.5,25.3,rochoso,urbano,alta,0,nenhum,0,MUITO BAIXO,3,outono,Sudeste_Montanhoso_Litoraneo
Z_0567_NOR,-13.2812,-44.38216,2024-07-19,20.1,28.4,22.48434560629106,138.7,468.6,29.9,23.8,argiloso_seco,rural,media,0,seca,0,BAIXO,7,inverno,Nordeste_Sertao
Z_0568_NOR,-3.13184,-67.67068,2023-02-19,435.4,27.1,88.9,2548.1,346.8,14.2,24.6,argiloso,urbano,alta,0,nenhum,0,MUITO BAIXO,2,verao,Norte_Amazonia
Z_0569_SUD,-23.36061,-43.40347,2023-03-09,166.0,26.3,65.6,4175.8,137.2,39.4,15.2,organico,pastagem,baixa,0,deslizamento,0,MÉDIO,3,outono,Sudeste_Montanhoso_Litoraneo
Z_0570_SUD,-24.05222,-48.2103,2024-01-24,87.6,34.5,82.0,4153.4,2063.6,33.5,6.6,argiloso,floresta,baixa,0,deslizamento,0,BAIXO,1,verao,Sudeste_Montanhoso_Litoraneo
Z_0571_NOR,-2.12975,-53.67385,2024-10-09,173.2,30.6,75.5,3561.2,477.2,11.7,19.9,argiloso,rural,baixa,0,nenhum,0,MUITO BAIXO,10,primavera,Norte_Amazonia
Z_0572_SUD,-22.02607,-46.99783,2024-02-04,345.2,22.4,70.4,4012.0,171.0,10.9,5.9,argiloso,pastagem,baixa,0,nenhum,0,MUITO BAIXO,2,verao,Sudeste_Montanhoso_Litoraneo
Z_0573_SUL,-30.3408,-54.49601,2024-05-15,102.4,10.6,60.5,4244.9,1001.0,14.7,15.8,arenoso_argiloso,urbano,alta,0,inundação,0,BAIXO,5,outono,Sul_Campos_Planalto
Z_0574_CEN,-7.61748,-55.7857,2024-05-18,105.9,30.6,53.5,191.0,937.2,12.2,3.4,latossolo,floresta,media,1,nenhum,0,MUITO BAIXO,5,outono,CentroOeste_Cerrado_Pantanal
Z_0575_SUD,-24.86094,-42.87972,2023-06-07,287.4,30.8,51.53973823209853,2204.9,120.9,40.8,10.9,argiloso,rural,baixa,0,nenhum,0,MUITO BAIXO,6,inverno,Sudeste_Montanhoso_Litoraneo
Z_0576_SUD,-23.41916,-41.97717,2023-06-28,304.9,15.6,70.4240814201992,616.7,2771.6,19.5,22.6,rochoso,urbano,alta,0,deslizamento,0,BAIXO,6,inverno,Sudeste_Montanhoso_Litoraneo
Z_0577_NOR,-10.93985,-39.55616,2023-11-26,71.0,30.2,68.5,138.9,291.7,18.8,16.0,arenoso,pastagem,baixa,0,nenhum,0,MUITO BAIXO,11,primavera,Nordeste_Sertao
Z_0578_SUL,-23.50834,-50.13409,2024-07-01,187.8,26.9,70.12583857118511,3421.8,946.7,24.6,24.1,argiloso,floresta,baixa,0,seca,0,BAIXO,7,inverno,Sul_Campos_Planalto
Z_0579_NOR,-8.03638,-56.32372,2023-05-24,386.1,32.0,72.1,4416.6,119.5,8.0,69.3,argiloso,area_umida,baixa,0,inundação,0,MÉDIO,5,outono,Norte_Amazonia
Z_0580_SUD,-23.76923,-46.53633,2024-06-27,108.4,21.3,77.96146499344788,1893.4,64.6,49.9,2.4,organico,rural,media,0,nenhum,0,MUITO BAIXO,6,inverno,Sudeste_Montanhoso_Litoraneo
Z_0581_SUL,-28.76785,-48.73026,2023-10-24,149.7,22.4,47.1,967.9,1117.3,5.7,21.4,arenoso_argiloso,pastagem,baixa,0,nenhum,0,MUITO BAIXO,10,primavera,Sul_Campos_Planalto
Z_0582_SUD,-22.99553,-46.26119,2023-11-28,256.7,24.5,82.2,480.4,1122.0,24.4,29.1,argiloso,floresta,media,0,nenhum,0,MUITO BAIXO,11,primavera,Sudeste_Montanhoso_Litoraneo
Z_0583_SUD,-23.38233,-46.6324,2023-01-15,346.0,27.3,68.1,606.4,2385.1,46.2,0.8,organico,pastagem,alta,0,deslizamento,0,BAIXO,1,verao,Sudeste_Montanhoso_Litoraneo
Z_0584_NOR,-12.44808,-45.0721,2024-02-25,35.9,25.9,50.8,186.6,842.2,26.2,19.5,argiloso_seco,rural,baixa,1,seca,0,BAIXO,2,verao,Nordeste_Sertao
Z_0585_CEN,-5.77581,-51.22253,2023-06-18,5.6,32.3,54.386015440361945,94.4,469.8,11.7,27.4,arenoso,floresta,baixa,1,inundação,0,BAIXO,6,inverno,CentroOeste_Cerrado_Pantanal
Z_0586_SUD,-20.12235,-45.03452,2023-11-21,180.2,25.4,66.4,2493.2,2760.8,18.5,27.0,argiloso,rural,media,0,deslizamento,0,BAIXO,11,primavera,Sudeste_Montanhoso_Litoraneo
Z_0587_SUL,-32.07616,-53.99442,2023-03-17,124.5,26.0,88.9,2150.4,40.6,30.1,28.5,argiloso,urbano,alta,0,nenhum,0,MUITO BAIXO,3,outono,Sul_Campos_Planalto
Z_0588_NOR,-8.163,-49.29155,2024-10-17,215.5,33.1,70.9,3956.3,64.5,4.1,49.0,arenoso,floresta,media,0,inundação,0,MÉDIO,10,primavera,Norte_Amazonia
Z_0589_NOR,-9.91321,-65.44771,2023-11-14,388.1,34.9,77.1,405.4,139.0,10.4,23.5,organico,urbano,alta,0,nenhum,0,MUITO BAIXO,11,primavera,Norte_Amazonia
Z_0590_NOR,-14.12347,-37.66416,2023-10-03,76.8,24.3,56.1,252.9,721.3,26.5,23.7,argiloso_seco,rural,media,0,nenhum,0,MUITO BAIXO,10,primavera,Nordeste_Sertao
Z_0591_SUL,-23.1748,-54.95785,2023-03-25,119.3,16.9,60.1,791.1,498.0,21.7,6.9,arenoso_argiloso,rural,baixa,0,nenhum,0,MUITO BAIXO,3,outono,Sul_Campos_Planalto
Z_0592_SUD,-20.22993,-44.2057,2024-07-25,300.1,33.3,68.88136155333385,3090.8,694.5,30.3,17.1,rochoso,floresta,baixa,0,vendaval,0,BAIXO,7,inverno,Sudeste_Montanhoso_Litoraneo
Z_0593_NOR,-11.27078,-37.28525,2023-01-09,23.5,30.7,62.5,265.9,734.5,4.4,10.6,arenoso,pastagem,media,0,nenhum,0,MUITO BAIXO,1,verao,Nordeste_Sertao
Z_0594_NOR,-3.00046,-65.94797,2024-04-27,303.3,33.2,75.9,1491.9,320.6,5.6,52.3,arenoso,area_umida,media,0,inundação,0,MÉDIO,4,outono,Norte_Amazonia
Z_0595_NOR,-16.10894,-42.34924,2023-06-03,7.2,28.9,10.0,76.8,820.5,19.9,11.9,argiloso_seco,pastagem,alta,1,nenhum,0,MUITO BAIXO,6,inverno,Nordeste_Sertao
Z_0596_SUL,-23.19213,-48.80631,2024-02-03,227.5,12.9,74.4,2991.6,1330.1,10.9,14.6,arenoso_argiloso,pastagem,baixa,0,inundação,0,BAIXO,2,verao,Sul_Campos_Planalto
Z_0597_SUD,-18.94801,-40.65843,2023-08-16,137.5,23.8,55.43937613053074,4455.7,1503.5,22.9,24.5,argiloso,floresta,baixa,0,inundação,0,BAIXO,8,inverno,Sudeste_Montanhoso_Litoraneo
Z_0598_SUD,-19.65274,-42.86595,2023-04-10,271.3,27.9,76.2,4190.2,2694.3,12.1,25.6,organico,urbano,alta,0,inundação,0,BAIXO,4,outono,Sudeste_Montanhoso_Litoraneo
Z_0599_NOR,-2.2092,-37.86058,2023-12-26,70.6,40.0,52.3,481.8,543.8,17.4,14.2,arenoso,rural,alta,0,seca,0,BAIXO,12,verao,Nordeste_Sertao
Z_0600_NOR,-4.66287,-42.85483,2024-11-28,8.7,22.4,51.8,163.5,925.8,6.1,21.8,arenoso,pastagem,media,0,nenhum,0,MUITO BAIXO,11,primavera,Nordeste_Sertao
Z_0601_NOR,-16.37085,-39.04212,2024-01-16,67.5,33.4,41.5,30.8,803.6,3.0,6.7,arenoso,rural,baixa,0,incêndio,0,BAIXO,1,verao,Nordeste_Sertao
Z_0602_NOR,-5.11948,-52.77213,2023-12-26,332.6,32.5,96.1,717.4,440.4,17.5,66.3,argiloso,floresta,baixa,0,inundação,0,BAIXO,12,verao,Norte_Amazonia
Z_0603_NOR,0.20542,-57.14101,2023-04-27,257.5,27.9,78.1,3890.8,490.6,16.0,49.0,organico,area_umida,baixa,0,nenhum,0,MUITO BAIXO,4,outono,Norte_Amazonia
Z_0604_SUL,-33.33048,-57.60427,2024-03-10,104.7,15.1,69.2,820.3,586.5,20.1,21.8,arenoso_argiloso,rural,alta,0,inundação,0,BAIXO,3,outono,Sul_Campos_Planalto
Z_0605_NOR,-5.9654,-73.03385,2024-12-22,223.3,29.0,92.0,537.9,348.9,15.2,16.1,argiloso,floresta,baixa,1,nenhum,0,MUITO BAIXO,12,verao,Norte_Amazonia
Z_0606_NOR,-7.36897,-42.04581,2024-07-21,7.5,40.3,14.390886137248849,153.0,894.0,4.3,18.5,rochoso,rural,baixa,0,incêndio,1,ALTO,7,inverno,Nordeste_Sertao
Z_0607_CEN,-9.42704,-49.25173,2023-02-13,69.2,25.1,33.2,356.4,219.7,18.1,15.2,latossolo,rural,baixa,0,nenhum,0,MUITO BAIXO,2,verao,CentroOeste_Cerrado_Pantanal
Z_0608_NOR,0.24203,-73.86517,2023-01-16,426.8,31.3,80.7,2633.1,414.6,18.5,36.4,arenoso,area_umida,baixa,0,vendaval,0,MÉDIO,1,verao,Norte_Amazonia
Z_0609_CEN,-10.97598,-60.54343,2024-09-11,117.8,20.0,56.0,258.4,785.4,13.6,2.3,argiloso,area_umida,baixa,0,nenhum,0,MUITO BAIXO,9,primavera,CentroOeste_Cerrado_Pantanal
Z_0610_NOR,-17.57813,-39.32481,2023-02-26,33.6,24.4,45.0,267.6,722.9,13.1,0.4,arenoso,rural,media,0,incêndio,0,BAIXO,2,verao,Nordeste_Sertao
Z_0611_SUL,-31.44283,-55.26771,2023-07-06,193.7,6.3,59.29651127507518,2697.0,784.4,9.8,16.5,organico,pastagem,alta,0,inundação,0,BAIXO,7,inverno,Sul_Campos_Planalto
Z_0612_NOR,-8.03027,-67.01992,2023-08-17,212.5,29.6,96.7,4864.7,342.6,8.6,38.1,argiloso,urbano,alta,0,vendaval,1,MÉDIO,8,inverno,Norte_Amazonia
Z_0613_SUD,-21.10799,-47.67668,2024-02-02,110.3,19.7,72.6,521.4,1709.7,39.3,15.2,rochoso,floresta,baixa,0,nenhum,0,MUITO BAIXO,2,verao,Sudeste_Montanhoso_Litoraneo
Z_0614_SUL,-23.50564,-50.10008,2024-02-15,170.4,15.7,43.5,1123.8,519.3,17.1,16.2,arenoso_argiloso,urbano,media,0,inundação,0,BAIXO,2,verao,Sul_Campos_Planalto
Z_0615_NOR,-11.15434,-39.03631,2024-10-30,30.8,26.5,20.5,127.6,658.5,5.0,11.9,arenoso,rural,alta,0,incêndio,0,BAIXO,10,primavera,Nordeste_Sertao
Z_0616_NOR,-2.15734,-70.16891,2023-08-11,236.3,29.4,87.4,2513.1,88.1,13.8,53.5,arenoso,area_umida,baixa,0,inundação,1,MÉDIO,8,inverno,Norte_Amazonia
Z_0617_SUD,-24.25796,-39.9388,2024-07-17,125.6,27.0,55.89999778442599,4547.9,819.8,5.5,29.7,organico,pastagem,baixa,0,nenhum,0,MUITO BAIXO,7,inverno,Sudeste_Montanhoso_Litoraneo
Z_0618_NOR,-0.79332,-60.78456,2023-08-23,357.3,33.6,97.1,3799.3,35.0,3.3,22.9,arenoso,urbano,alta,0,inundação,0,MÉDIO,8,inverno,Norte_Amazonia
Z_0619_SUD,-20.85581,-47.45655,2023-08-01,179.1,19.1,64.68147181948022,2007.6,903.4,55.2,24.2,rochoso,floresta,baixa,0,nenhum,0,MUITO BAIXO,8,inverno,Sudeste_Montanhoso_Litoraneo
Z_0620_NOR,-3.77734,-71.34511,2024-11-21,313.8,29.6,74.9,3947.9,454.4,13.5,4.8,organico,rural,media,0,inundação,0,MÉDIO,11,primavera,Norte_Amazonia
Z_0621_SUL,-29.00777,-50.9128,2023-05-22,72.0,23.7,76.0,3836.3,117.9,13.8,22.8,argiloso,pastagem,alta,0,nenhum,0,MUITO BAIXO,5,outono,Sul_Campos_Planalto
Z_0622_NOR,-5.03188,-65.39698,2024-10-06,328.7,35.5,77.4,3398.3,267.7,13.4,16.6,arenoso,area_umida,baixa,0,inundação,0,MÉDIO,10,primavera,Norte_Amazonia
Z_0623_SUL,-25.93986,-57.41606,2023-03-31,244.1,28.5,55.4,4392.9,1029.9,26.3,8.5,organico,urbano,alta,0,deslizamento,0,MÉDIO,3,outono,Sul_Campos_Planalto
Z_0624_NOR,4.12985,-67.72812,2024-08-26,307.1,27.5,82.8,3076.9,43.5,8.3,56.9,arenoso,urbano,alta,0,inundação,0,MÉDIO,8,inverno,Norte_Amazonia
Z_0625_CEN,-7.92189,-52.96981,2024-04-01,104.7,34.5,62.7,482.2,944.3,10.8,0.5,arenoso,floresta,baixa,0,incêndio,0,BAIXO,4,outono,CentroOeste_Cerrado_Pantanal
Z_0626_NOR,2.05168,-64.13249,2023-07-13,202.7,30.1,87.7,2755.7,417.1,17.9,28.7,organico,rural,baixa,0,inundação,0,BAIXO,7,inverno,Norte_Amazonia
Z_0627_SUD,-20.27517,-45.89001,2023-12-23,87.8,30.9,55.9,1353.8,2023.0,44.4,10.5,organico,floresta,media,0,nenhum,0,MUITO BAIXO,12,verao,Sudeste_Montanhoso_Litoraneo
Z_0628_SUD,-18.60537,-41.0289,2023-05-07,345.4,28.0,60.2,3345.4,1918.7,22.8,20.0,organico,pastagem,baixa,0,nenhum,0,MUITO BAIXO,5,outono,Sudeste_Montanhoso_Litoraneo
Z_0629_CEN,-5.54147,-53.24291,2023-08-16,32.0,21.5,58.9565585399246,205.4,927.1,6.1,2.5,latossolo,area_umida,baixa,0,nenhum,0,MUITO BAIXO,8,inverno,CentroOeste_Cerrado_Pantanal
Z_0630_NOR,-12.93907,-39.1205,2023-04-25,81.7,39.7,22.0,251.6,681.0,15.6,13.9,arenoso,rural,alta,0,nenhum,0,MUITO BAIXO,4,outono,Nordeste_Sertao
Z_0631_SUD,-18.09327,-46.88979,2024-06-30,213.5,35.0,55.13884822154682,4229.7,2258.2,8.8,5.3,argiloso,rural,media,0,nenhum,0,MUITO BAIXO,6,inverno,Sudeste_Montanhoso_Litoraneo
Z_0632_NOR,-1.76499,-61.92167,2023-07-04,154.8,37.7,72.7,2184.8,63.2,1.8,9.8,argiloso,urbano,alta,0,nenhum,0,MUITO BAIXO,7,inverno,Norte_Amazonia
Z_0633_NOR,-2.96285,-71.96354,2024-07-26,420.2,35.1,78.7,2016.2,32.6,17.4,38.8,organico,floresta,baixa,0,nenhum,0,MUITO BAIXO,7,inverno,Norte_Amazonia
Z_0634_NOR,-3.05053,-66.11885,2024-11-11,349.8,35.0,80.1,2699.0,265.5,14.5,35.9,arenoso,floresta,baixa,1,inundação,0,BAIXO,11,primavera,Norte_Amazonia
Z_0635_CEN,-21.59569,-47.10252,2023-05-07,151.8,30.1,71.6,44.3,990.4,21.3,8.5,argiloso,area_umida,baixa,1,nenhum,0,MUITO BAIXO,5,outono,CentroOeste_Cerrado_Pantanal
Z_0636_NOR,2.72966,-56.01455,2023-11-20,182.3,23.6,91.2,2370.9,330.9,16.2,55.9,arenoso,area_umida,baixa,0,nenhum,0,MUITO BAIXO,11,primavera,Norte_Amazonia
Z_0637_SUL,-25.26151,-52.56083,2023-01-24,188.9,22.7,59.6,2995.4,1621.7,1.2,26.1,arenoso_argiloso,pastagem,baixa,1,nenhum,0,MUITO BAIXO,1,verao,Sul_Campos_Planalto
Z_0638_NOR,-4.91202,-42.35242,2024-09-08,57.6,34.9,61.6,478.9,134.2,12.3,28.9,argiloso_seco,rural,alta,0,nenhum,0,MUITO BAIXO,9,primavera,Nordeste_Sertao
Z_0639_NOR,-7.87526,-53.54466,2023-08-10,340.9,31.7,89.5,1930.9,44.7,11.0,30.9,arenoso,area_umida,media,0,inundação,1,MÉDIO,8,inverno,Norte_Amazonia
Z_0640_CEN,-14.64543,-56.99916,2023-12-31,126.0,33.6,69.5,77.2,913.3,2.9,23.8,argiloso,pastagem,alta,0,nenhum,0,MUITO BAIXO,12,verao,CentroOeste_Cerrado_Pantanal
Z_0641_CEN,-21.54254,-49.19564,2024-08-31,4.8,25.7,57.198030534807906,467.3,749.4,23.9,15.2,arenoso,pastagem,alta,0,seca,0,BAIXO,8,inverno,CentroOeste_Cerrado_Pantanal
Z_0642_NOR,0.52152,-67.39048,2023-09-18,183.2,24.9,90.6,3252.1,352.3,10.1,41.8,organico,rural,baixa,0,incêndio,0,BAIXO,9,primavera,Norte_Amazonia
Z_0643_SUD,-19.38863,-42.28693,2024-02-22,242.7,17.6,70.3,113.2,434.6,31.7,19.7,argiloso,rural,baixa,1,deslizamento,0,BAIXO,2,verao,Sudeste_Montanhoso_Litoraneo
Z_0644_NOR,-4.53985,-40.95448,2023-08-25,3.9,27.9,49.046081730873375,391.1,788.1,19.4,21.2,rochoso,pastagem,media,1,incêndio,0,BAIXO,8,inverno,Nordeste_Sertao
Z_0645_NOR,-16.59343,-38.6037,2024-04-24,56.1,28.6,61.1,467.4,616.9,18.8,9.8,arenoso,pastagem,alta,0,seca,0,BAIXO,4,outono,Nordeste_Sertao
Z_0646_SUD,-19.61064,-44.4812,2023-10-26,156.6,18.3,68.8,4732.8,1569.8,19.8,12.2,organico,floresta,baixa,0,vendaval,0,BAIXO,10,primavera,Sudeste_Montanhoso_Litoraneo
Z_0647_NOR,-3.31357,-60.81122,2024-12-10,420.0,29.4,76.7,4414.9,14.3,3.2,58.4,arenoso,urbano,alta,0,inundação,1,MÉDIO,12,verao,Norte_Amazonia
Z_0648_NOR,-13.06038,-42.16603,2024-04-28,26.8,39.1,40.4,272.0,272.3,16.2,16.2,argiloso_seco,rural,baixa,0,incêndio,0,BAIXO,4,outono,Nordeste_Sertao
Z_0649_CEN,-6.34707,-49.62165,2023-07-24,14.2,36.3,10.0,18.9,159.1,16.2,2.4,argiloso,pastagem,alta,0,nenhum,0,MUITO BAIXO,7,inverno,CentroOeste_Cerrado_Pantanal
Z_0650_CEN,-10.25999,-49.34091,2023-10-23,170.4,37.3,44.7,39.5,1162.2,1.1,23.8,latossolo,area_umida,alta,0,nenhum,0,MUITO BAIXO,10,primavera,CentroOeste_Cerrado_Pantanal
Z_0651_NOR,-10.79842,-40.36126,2024-04-27,99.2,37.0,20.4,27.5,150.0,23.0,16.9,arenoso,pastagem,alta,0,nenhum,0,MUITO BAIXO,4,outono,Nordeste_Sertao
Z_0652_NOR,-8.04868,-56.66146,2023-03-03,398.2,28.2,87.6,3365.6,453.5,12.5,36.4,organico,urbano,alta,0,nenhum,0,MUITO BAIXO,3,outono,Norte_Amazonia
Z_0653_NOR,-1.76421,-54.71043,2023-04-07,350.1,32.9,88.3,428.0,131.9,12.8,79.8,arenoso,urbano,alta,0,inundação,0,BAIXO,4,outono,Norte_Amazonia
Z_0654_SUL,-30.54059,-49.22985,2023-02-11,111.6,25.7,56.9,222.5,978.3,2.4,12.7,arenoso_argiloso,urbano,alta,0,inundação,0,BAIXO,2,verao,Sul_Campos_Planalto
Z_0655_NOR,-8.70861,-43.525,2024-03-24,88.2,23.2,35.0,386.6,367.4,6.2,11.3,arenoso,rural,alta,1,nenhum,0,MUITO BAIXO,3,outono,Nordeste_Sertao
Z_0656_SUD,-18.43809,-43.46295,2023-04-24,98.6,17.8,87.7,399.3,938.6,19.8,26.0,argiloso,floresta,baixa,0,deslizamento,0,BAIXO,4,outono,Sudeste_Montanhoso_Litoraneo
Z_0657_SUL,-31.34034,-51.61345,2023-11-27,196.9,11.5,46.0,4170.9,1785.0,19.3,16.6,organico,rural,alta,0,vendaval,0,BAIXO,11,primavera,Sul_Campos_Planalto
Z_0658_NOR,-8.00174,-52.27395,2023-07-06,257.9,23.3,79.7,4379.2,82.9,3.1,41.7,arenoso,floresta,baixa,0,inundação,0,MÉDIO,7,inverno,Norte_Amazonia
Z_0659_SUL,-22.73217,-52.42488,2023-07-20,140.3,13.8,19.351459907750616,4771.2,218.8,15.4,28.6,organico,urbano,alta,0,inundação,0,BAIXO,7,inverno,Sul_Campos_Planalto
Z_0660_SUD,-21.80653,-39.59938,2024-10-11,181.2,31.6,91.7,1186.7,1481.0,57.5,17.4,organico,floresta,media,0,deslizamento,0,MÉDIO,10,primavera,Sudeste_Montanhoso_Litoraneo
Z_0661_NOR,1.57784,-63.33594,2023-12-11,192.3,33.0,89.8,876.5,450.3,19.6,56.9,argiloso,area_umida,baixa,0,nenhum,0,MUITO BAIXO,12,verao,Norte_Amazonia
Z_0662_NOR,-2.8908,-73.80025,2023-11-19,398.3,29.1,86.4,1026.9,330.0,6.2,6.3,arenoso,rural,baixa,0,incêndio,0,BAIXO,11,primavera,Norte_Amazonia
Z_0663_SUL,-26.86399,-48.7792,2023-09-26,138.2,22.0,72.9,246.0,816.4,15.7,12.8,argiloso,floresta,media,0,vendaval,0,BAIXO,9,primavera,Sul_Campos_Planalto
Z_0664_NOR,3.30134,-57.56835,2024-10-30,378.0,32.9,82.9,1894.1,52.1,16.9,59.2,argiloso,rural,baixa,1,inundação,0,BAIXO,10,primavera,Norte_Amazonia
Z_0665_SUD,-19.8231,-43.82744,2023-12-30,131.3,30.7,53.2,4025.4,772.3,25.8,19.8,rochoso,pastagem,media,0,nenhum,0,MUITO BAIXO,12,verao,Sudeste_Montanhoso_Litoraneo
Z_0666_NOR,4.5921,-49.98091,2023-02-18,155.9,24.0,96.2,4549.0,472.5,14.7,5.4,organico,floresta,media,0,vendaval,0,BAIXO,2,verao,Norte_Amazonia
Z_0667_SUD,-21.45057,-46.27208,2023-05-04,95.9,25.3,90.1,240.9,1157.4,8.2,24.4,argiloso,floresta,media,1,vendaval,0,BAIXO,5,outono,Sudeste_Montanhoso_Litoraneo
Z_0668_SUL,-33.23756,-51.13805,2024-07-21,197.4,22.4,47.367152975151654,3172.7,1065.3,0.9,24.5,organico,rural,baixa,0,vendaval,0,BAIXO,7,inverno,Sul_Campos_Planalto
Z_0669_SUL,-28.56887,-48.88065,2023-05-09,233.9,18.8,59.6,1253.9,944.5,19.9,29.9,argiloso,urbano,alta,0,nenhum,0,MUITO BAIXO,5,outono,Sul_Campos_Planalto
Z_0670_NOR,-2.84869,-41.81918,2024-05-30,25.6,40.2,40.8,223.5,846.9,10.6,26.8,argiloso_seco,rural,alta,0,seca,0,BAIXO,5,outono,Nordeste_Sertao
Z_0671_NOR,-7.81239,-61.41048,2023-09-05,243.0,29.7,70.2,3642.2,470.8,8.4,21.8,arenoso,area_umida,media,0,inundação,1,MÉDIO,9,primavera,Norte_Amazonia
Z_0672_NOR,-5.19609,-50.41133,2023-08-23,315.7,32.7,94.9,4807.3,86.6,5.3,61.9,argiloso,floresta,baixa,0,inundação,0,MÉDIO,8,inverno,Norte_Amazonia
Z_0673_SUL,-31.29321,-49.85602,2023-06-16,179.0,15.0,63.755197410947915,1688.8,1459.9,31.4,15.0,argiloso,floresta,media,0,deslizamento,0,MÉDIO,6,inverno,Sul_Campos_Planalto
Z_0674_NOR,-3.9858,-39.66626,2024-04-24,42.9,39.4,58.0,299.3,894.5,4.3,24.4,arenoso,rural,media,0,nenhum,0,MUITO BAIXO,4,outono,Nordeste_Sertao
Z_0675_NOR,3.26465,-62.38457,2024-11-13,259.0,30.2,84.5,1762.8,347.5,8.7,60.1,organico,area_umida,baixa,0,inundação,1,MÉDIO,11,primavera,Norte_Amazonia
Z_0676_NOR,3.9513,-52.64075,2023-04-12,332.6,35.2,82.6,4311.9,99.6,5.2,40.1,arenoso,area_umida,media,1,inundação,0,MÉDIO,4,outono,Norte_Amazonia
Z_0677_SUL,-33.94282,-53.93889,2023-05-01,105.5,23.4,53.4,607.5,45.7,38.2,0.8,arenoso_argiloso,pastagem,media,0,seca,0,BAIXO,5,outono,Sul_Campos_Planalto
Z_0678_SUD,-24.4824,-43.76199,2023-02-13,300.7,19.1,90.2,2351.2,1165.2,22.3,3.1,rochoso,rural,baixa,0,nenhum,0,MUITO BAIXO,2,verao,Sudeste_Montanhoso_Litoraneo
Z_0679_NOR,-2.75657,-48.07354,2023-07-26,346.7,38.0,83.8,3713.4,388.7,6.0,79.8,argiloso,area_umida,baixa,0,inundação,0,MÉDIO,7,inverno,Norte_Amazonia
Z_0680_NOR,-7.06668,-62.12448,2023-11-05,208.3,31.6,98.9,4440.9,204.0,17.3,22.4,arenoso,floresta,baixa,0,vendaval,0,MÉDIO,11,primavera,Norte_Amazonia
Z_0681_SUL,-26.68833,-48.87822,2024-02-08,177.5,28.3,53.0,1336.2,1627.2,14.2,7.6,argiloso,rural,alta,0,vendaval,0,BAIXO,2,verao,Sul_Campos_Planalto
Z_0682_CEN,-7.42242,-50.60317,2024-08-10,23.4,26.2,10.0,411.5,548.2,12.9,19.6,latossolo,rural,baixa,0,seca,0,BAIXO,8,inverno,CentroOeste_Cerrado_Pantanal
Z_0683_NOR,-7.21598,-70.49731,2024-07-06,412.9,26.1,88.8,3734.4,476.2,16.8,78.1,organico,rural,media,0,incêndio,0,BAIXO,7,inverno,Norte_Amazonia
Z_0684_NOR,-16.44925,-39.2334,2024-05-08,7.5,39.1,62.4,440.9,368.8,20.2,23.2,rochoso,pastagem,media,0,nenhum,0,MUITO BAIXO,5,outono,Nordeste_Sertao
Z_0685_NOR,4.82806,-66.3134,2024-07-22,298.7,28.2,82.2,89.1,374.9,8.9,46.9,organico,urbano,alta,0,vendaval,0,BAIXO,7,inverno,Norte_Amazonia
Z_0686_NOR,-16.96934,-39.7175,2023-09-16,86.7,39.0,46.4,458.4,614.8,14.4,25.6,rochoso,pastagem,alta,0,nenhum,0,MUITO BAIXO,9,primavera,Nordeste_Sertao
Z_0687_NOR,-4.08282,-40.14929,2024-03-12,99.8,31.4,34.1,177.8,154.8,0.2,7.6,argiloso_seco,pastagem,baixa,0,nenhum,0,MUITO BAIXO,3,outono,Nordeste_Sertao
Z_0688_NOR,-14.59135,-39.95402,2023-01-15,66.8,25.7,22.2,334.3,208.3,11.6,16.6,rochoso,rural,media,0,nenhum,0,MUITO BAIXO,1,verao,Nordeste_Sertao
Z_0689_CEN,-8.50849,-49.93051,2024-09-03,134.2,36.3,75.3,432.1,734.3,7.8,10.3,argiloso,area_umida,alta,1,incêndio,0,BAIXO,9,primavera,CentroOeste_Cerrado_Pantanal
Z_0690_NOR,-7.57078,-53.9686,2024-01-05,213.6,32.8,70.0,655.4,235.3,14.3,18.6,arenoso,rural,baixa,0,vendaval,0,BAIXO,1,verao,Norte_Amazonia
Z_0691_SUD,-24.26593,-47.30492,2024-10-22,346.0,22.1,65.4,4407.3,954.6,47.4,22.3,organico,floresta,media,0,deslizamento,1,ALTO,10,primavera,Sudeste_Montanhoso_Litoraneo
Z_0692_NOR,-11.20446,-45.48923,2024-05-08,94.2,38.9,26.6,413.6,203.6,6.9,25.7,arenoso,pastagem,alta,0,nenhum,0,MUITO BAIXO,5,outono,Nordeste_Sertao
Z_0693_NOR,-9.95412,-38.9997,2023-03-25,29.2,29.0,63.0,250.4,927.9,19.6,23.4,argiloso_seco,rural,media,0,seca,0,BAIXO,3,outono,Nordeste_Sertao
Z_0694_SUD,-23.18699,-47.63197,2024-05-05,186.0,23.7,66.5,132.3,1807.0,35.4,13.2,rochoso,urbano,alta,0,inundação,0,BAIXO,5,outono,Sudeste_Montanhoso_Litoraneo
Z_0695_NOR,4.82321,-59.14923,2024-05-08,296.6,29.3,96.0,994.0,21.7,7.2,73.8,organico,rural,baixa,0,inundação,0,MÉDIO,5,outono,Norte_Amazonia
Z_0696_SUD,-22.1817,-47.09538,2023-11-07,172.8,26.0,63.5,2039.7,2138.3,13.8,29.9,organico,floresta,baixa,0,nenhum,0,MUITO BAIXO,11,primavera,Sudeste_Montanhoso_Litoraneo
Z_0697_NOR,-5.85368,-60.00403,2023-03-20,225.4,26.5,82.0,3468.6,43.2,13.3,60.6,argiloso,urbano,alta,0,inundação,0,MÉDIO,3,outono,Norte_Amazonia
Z_0698_NOR,-7.47723,-72.78591,2024-09-19,377.6,22.9,91.3,298.5,119.6,16.6,65.8,arenoso,floresta,baixa,0,inundação,0,BAIXO,9,primavera,Norte_Amazonia
Z_0699_NOR,1.96982,-55.242,2023-06-22,176.7,26.4,99.6,4491.3,20.1,12.8,63.8,arenoso,area_umida,baixa,0,nenhum,0,MUITO BAIXO,6,inverno,Norte_Amazonia
Z_0700_SUL,-25.1353,-53.32394,2024-08-09,162.7,14.0,61.60571854751669,714.5,75.4,39.9,13.6,argiloso,floresta,baixa,0,deslizamento,0,MÉDIO,8,inverno,Sul_Campos_Planalto
Z_0701_CEN,-19.94329,-54.54984,2023-01-20,199.2,23.3,57.3,17.3,139.0,11.1,22.1,latossolo,floresta,media,0,inundação,0,BAIXO,1,verao,CentroOeste_Cerrado_Pantanal
Z_0702_NOR,-10.60578,-41.02825,2024-08-17,14.3,34.4,33.26130881604387,441.8,108.7,13.1,17.2,arenoso,rural,media,0,incêndio,1,MÉDIO,8,inverno,Nordeste_Sertao
Z_0703_NOR,-7.40282,-44.07543,2023-09-18,81.4,39.2,36.8,400.3,898.5,28.6,2.0,arenoso,rural,baixa,0,incêndio,0,BAIXO,9,primavera,Nordeste_Sertao
Z_0704_NOR,-6.98309,-45.84671,2024-11-07,26.6,31.9,32.8,475.8,918.9,27.1,20.2,arenoso,rural,media,0,seca,0,BAIXO,11,primavera,Nordeste_Sertao
Z_0705_CEN,-21.36967,-48.58162,2023-07-18,1.1,36.7,29.682778427203495,460.8,930.6,13.4,26.2,arenoso,floresta,baixa,0,incêndio,0,MÉDIO,7,inverno,CentroOeste_Cerrado_Pantanal
Z_0706_NOR,4.48369,-59.07754,2024-11-19,298.5,35.9,96.2,3065.3,474.2,6.6,11.3,argiloso,floresta,baixa,0,incêndio,0,BAIXO,11,primavera,Norte_Amazonia
Z_0707_NOR,-9.58068,-43.24254,2024-10-24,94.8,30.3,51.9,120.2,665.7,12.1,21.1,arenoso,rural,baixa,0,seca,0,BAIXO,10,primavera,Nordeste_Sertao
Z_0708_SUL,-24.92633,-48.33234,2023-05-24,115.9,23.0,72.1,1184.7,1227.6,0.5,24.7,organico,urbano,alta,0,nenhum,0,MUITO BAIXO,5,outono,Sul_Campos_Planalto
Z_0709_SUD,-20.76855,-40.18176,2024-05-18,317.9,30.4,74.2,3252.5,2188.8,31.0,23.2,organico,floresta,media,0,deslizamento,1,MÉDIO,5,outono,Sudeste_Montanhoso_Litoraneo
Z_0710_NOR,-5.39768,-48.11405,2024-07-16,250.3,34.3,93.1,649.6,382.6,17.6,56.2,argiloso,floresta,baixa,0,vendaval,1,MÉDIO,7,inverno,Norte_Amazonia
Z_0711_SUL,-25.36049,-50.11343,2024-07-27,183.3,12.9,30.835733011849825,3709.8,59.8,21.9,19.1,organico,pastagem,alta,0,nenhum,0,MUITO BAIXO,7,inverno,Sul_Campos_Planalto
Z_0712_SUD,-21.03474,-41.58596,2024-06-24,328.1,24.7,54.347305718604545,170.8,1885.6,19.0,23.5,organico,rural,alta,0,inundação,0,BAIXO,6,inverno,Sudeste_Montanhoso_Litoraneo
Z_0713_CEN,-12.9623,-51.9139,2023-03-15,154.9,36.8,69.2,31.1,710.5,11.8,15.5,latossolo,area_umida,baixa,0,incêndio,0,BAIXO,3,outono,CentroOeste_Cerrado_Pantanal
Z_0714_CEN,-5.65333,-59.94606,2024-07-03,23.9,29.0,10.0,256.2,1077.9,13.2,8.1,argiloso,area_umida,media,0,nenhum,0,MUITO BAIXO,7,inverno,CentroOeste_Cerrado_Pantanal
Z_0715_SUL,-31.75376,-53.34718,2023-09-07,135.8,22.1,84.0,2535.8,432.3,37.6,14.4,argiloso,floresta,baixa,0,nenhum,0,MUITO BAIXO,9,primavera,Sul_Campos_Planalto
Z_0716_NOR,-11.476,-44.67869,2023-03-04,99.1,21.9,38.1,369.5,437.4,19.2,8.3,argiloso_seco,rural,baixa,0,incêndio,0,BAIXO,3,outono,Nordeste_Sertao
Z_0717_NOR,-1.28516,-66.13132,2023-03-12,237.7,29.0,88.2,2593.2,126.0,14.9,42.1,organico,floresta,baixa,0,nenhum,0,MUITO BAIXO,3,outono,Norte_Amazonia
Z_0718_SUD,-20.52544,-39.09199,2023-02-18,339.9,15.3,56.5,3668.9,2251.1,45.3,6.9,rochoso,urbano,alta,0,deslizamento,0,BAIXO,2,verao,Sudeste_Montanhoso_Litoraneo
Z_0719_NOR,4.14381,-48.33402,2023-10-27,374.1,28.6,98.0,727.9,261.4,19.0,49.7,organico,area_umida,baixa,0,inundação,0,BAIXO,10,primavera,Norte_Amazonia
Z_0720_NOR,-7.83451,-37.89991,2024-08-09,10.8,24.9,52.6588538435164,120.6,995.6,18.8,26.0,rochoso,pastagem,media,0,nenhum,0,MUITO BAIXO,8,inverno,Nordeste_Sertao
Z_0721_NOR,1.31701,-69.29875,2023-09-28,288.1,31.7,83.4,4572.1,103.3,0.2,25.6,organico,area_umida,baixa,0,inundação,0,MÉDIO,9,primavera,Norte_Amazonia
Z_0722_SUD,-22.65516,-48.36093,2023-11-15,145.7,34.1,65.8,4916.9,1012.7,30.1,9.0,argiloso,floresta,baixa,0,nenhum,0,MUITO BAIXO,11,primavera,Sudeste_Montanhoso_Litoraneo
Z_0723_NOR,-17.11849,-37.10427,2024-01-28,80.1,22.0,52.3,334.3,722.3,2.7,21.7,argiloso_seco,rural,alta,0,incêndio,0,BAIXO,1,verao,Nordeste_Sertao
Z_0724_NOR,-11.11588,-40.45771,2024-12-10,58.3,24.8,37.0,341.0,327.3,16.0,26.5,arenoso,rural,alta,0,incêndio,0,BAIXO,12,verao,Nordeste_Sertao
Z_0725_SUD,-21.47604,-43.4507,2024-04-19,263.5,30.8,72.7,4073.6,342.2,39.5,9.4,organico,rural,alta,0,deslizamento,1,ALTO,4,outono,Sudeste_Montanhoso_Litoraneo
Z_0726_SUL,-30.44008,-56.34004,2024-02-07,224.6,30.9,52.8,1654.8,1426.3,17.7,26.5,organico,urbano,alta,0,nenhum,0,MUITO BAIXO,2,verao,Sul_Campos_Planalto
Z_0727_CEN,-5.96103,-54.49236,2024-12-09,82.5,20.7,60.0,74.9,336.3,19.6,0.3,argiloso,pastagem,media,0,nenhum,0,MUITO BAIXO,12,verao,CentroOeste_Cerrado_Pantanal
Z_0728_SUD,-21.56073,-44.60808,2023-12-15,277.8,17.9,62.8,686.4,2058.3,6.1,16.6,argiloso,floresta,media,0,deslizamento,0,BAIXO,12,verao,Sudeste_Montanhoso_Litoraneo
Z_0729_NOR,-9.28937,-44.27781,2024-04-19,43.7,41.8,20.2,403.6,131.8,8.7,20.2,arenoso,rural,media,0,incêndio,0,BAIXO,4,outono,Nordeste_Sertao
Z_0730_NOR,-0.70595,-63.61454,2023-11-23,231.4,35.6,92.2,2081.9,113.8,12.1,30.6,argiloso,rural,baixa,0,inundação,0,BAIXO,11,primavera,Norte_Amazonia
Z_0731_SUD,-19.22559,-48.74667,2023-09-15,203.7,30.9,86.8,3167.6,1984.0,40.1,0.8,organico,pastagem,alta,1,deslizamento,1,ALTO,9,primavera,Sudeste_Montanhoso_Litoraneo
Z_0732_CEN,-8.41612,-52.00766,2023-01-27,65.7,26.3,50.0,13.9,239.7,3.2,24.5,arenoso,rural,alta,0,nenhum,0,MUITO BAIXO,1,verao,CentroOeste_Cerrado_Pantanal
Z_0733_CEN,-22.19037,-50.96866,2023-04-21,162.8,33.2,59.1,56.2,182.4,22.8,1.6,argiloso,rural,alta,0,nenhum,0,MUITO BAIXO,4,outono,CentroOeste_Cerrado_Pantanal
Z_0734_NOR,-5.53021,-65.13509,2024-03-28,448.7,27.2,71.0,1670.1,293.8,11.3,47.1,arenoso,rural,baixa,0,inundação,0,BAIXO,3,outono,Norte_Amazonia
Z_0735_NOR,-11.8271,-40.71059,2023-12-29,64.7,33.0,20.9,410.7,124.9,0.2,12.1,arenoso,pastagem,baixa,0,nenhum,0,MUITO BAIXO,12,verao,Nordeste_Sertao
Z_0736_NOR,-8.81407,-71.05007,2023-01-22,316.4,37.3,77.2,3741.2,185.7,11.0,46.4,arenoso,urbano,alta,0,nenhum,0,MUITO BAIXO,1,verao,Norte_Amazonia
Z_0737_SUL,-30.42514,-53.26474,2024-06-28,217.3,31.7,45.44268524350176,4459.6,211.0,7.7,25.2,argiloso,urbano,alta,0,vendaval,0,BAIXO,6,inverno,Sul_Campos_Planalto
Z_0738_NOR,3.24103,-63.4743,2023-03-10,173.1,30.0,83.0,3211.4,174.5,19.4,21.7,argiloso,area_umida,media,0,nenhum,0,MUITO BAIXO,3,outono,Norte_Amazonia
Z_0739_SUD,-18.99003,-49.6148,2024-02-16,314.8,20.1,77.5,3118.8,2099.1,23.7,26.7,argiloso,floresta,media,0,vendaval,0,BAIXO,2,verao,Sudeste_Montanhoso_Litoraneo
Z_0740_SUD,-20.88857,-46.04161,2024-02-14,210.6,30.0,82.4,4252.1,64.0,34.8,24.8,organico,pastagem,alta,0,deslizamento,0,MÉDIO,2,verao,Sudeste_Montanhoso_Litoraneo
Z_0741_SUD,-18.4223,-44.23407,2024-10-09,85.0,24.9,56.0,4862.5,2191.5,35.1,10.8,argiloso,pastagem,alta,0,inundação,0,BAIXO,10,primavera,Sudeste_Montanhoso_Litoraneo
Z_0742_NOR,-11.67174,-42.54659,2023-02-02,85.0,27.0,43.3,346.7,521.8,14.6,19.2,argiloso_seco,rural,baixa,0,nenhum,0,MUITO BAIXO,2,verao,Nordeste_Sertao
Z_0743_NOR,-2.88525,-68.32244,2024-12-05,270.1,22.9,82.9,2867.4,477.2,8.8,31.1,argiloso,floresta,media,0,vendaval,0,BAIXO,12,verao,Norte_Amazonia
Z_0744_NOR,3.48889,-60.68351,2024-04-01,222.9,29.2,75.5,1439.7,442.0,3.9,34.6,argiloso,floresta,baixa,0,inundação,0,BAIXO,4,outono,Norte_Amazonia
Z_0745_NOR,-3.86508,-39.39206,2024-02-24,19.1,25.7,58.7,129.5,931.9,2.9,4.2,rochoso,rural,baixa,0,nenhum,0,MUITO BAIXO,2,verao,Nordeste_Sertao
Z_0746_NOR,-6.57415,-42.63748,2023-09-28,74.0,21.8,20.2,239.4,465.9,27.0,11.0,rochoso,rural,media,0,incêndio,0,BAIXO,9,primavera,Nordeste_Sertao
Z_0747_NOR,3.62726,-69.44842,2024-09-29,229.3,23.2,85.0,1073.6,174.1,8.7,44.2,arenoso,area_umida,baixa,0,inundação,1,MÉDIO,9,primavera,Norte_Amazonia
Z_0748_SUL,-23.13344,-53.05189,2023-02-12,140.5,21.4,50.6,3074.7,1587.9,10.5,20.6,argiloso,urbano,alta,0,vendaval,0,BAIXO,2,verao,Sul_Campos_Planalto
Z_0749_SUL,-23.16715,-50.64847,2024-01-04,194.0,15.9,57.1,1847.4,1102.1,25.5,24.1,arenoso_argiloso,rural,media,0,vendaval,0,BAIXO,1,verao,Sul_Campos_Planalto
Z_0750_SUL,-30.80041,-52.98357,2024-02-05,157.0,16.1,76.8,2485.2,499.1,6.8,2.3,argiloso,rural,media,0,nenhum,0,MUITO BAIXO,2,verao,Sul_Campos_Planalto
Z_0751_SUL,-26.59981,-49.72864,2023-08-16,111.2,26.4,36.037822823464765,2373.5,110.3,38.1,25.2,organico,floresta,baixa,0,vendaval,0,BAIXO,8,inverno,Sul_Campos_Planalto
Z_0752_SUD,-24.46549,-39.6399,2023-09-13,96.4,31.0,55.7,4948.6,1638.7,25.6,3.0,organico,pastagem,baixa,0,inundação,0,BAIXO,9,primavera,Sudeste_Montanhoso_Litoraneo
Z_0753_NOR,-11.12118,-45.35063,2023-11-14,71.4,24.5,32.7,485.5,816.9,10.6,25.3,argiloso_seco,pastagem,alta,0,nenhum,0,MUITO BAIXO,11,primavera,Nordeste_Sertao
Z_0754_NOR,1.70411,-58.43444,2023-01-11,276.9,26.1,75.2,4661.7,170.4,5.1,72.8,argiloso,area_umida,baixa,0,inundação,0,BAIXO,1,verao,Norte_Amazonia
Z_0755_CEN,-21.15211,-49.72824,2024-07-14,3.5,38.0,63.51171525241613,17.7,515.7,17.5,8.0,arenoso,rural,alta,0,nenhum,0,MUITO BAIXO,7,inverno,CentroOeste_Cerrado_Pantanal
Z_0756_NOR,-5.719,-37.16422,2023-12-08,75.4,31.8,67.0,20.0,884.2,1.7,26.3,rochoso,pastagem,alta,0,seca,0,BAIXO,12,verao,Nordeste_Sertao
Z_0757_CEN,-9.56834,-51.36777,2023-01-17,178.2,20.6,82.6,461.8,794.4,0.6,19.6,arenoso,floresta,baixa,0,incêndio,0,BAIXO,1,verao,CentroOeste_Cerrado_Pantanal
Z_0758_NOR,-10.68763,-38.98876,2023-06-13,4.3,29.3,36.46078089065202,29.5,659.2,25.7,6.6,argiloso_seco,rural,baixa,0,incêndio,0,BAIXO,6,inverno,Nordeste_Sertao
Z_0759_CEN,-12.7388,-60.83309,2024-05-23,84.0,25.9,53.2,137.7,1002.4,17.4,21.1,argiloso,pastagem,media,0,seca,0,BAIXO,5,outono,CentroOeste_Cerrado_Pantanal
Z_0760_SUL,-25.97314,-56.04288,2024-03-14,152.2,20.9,85.7,2980.4,1001.0,24.8,25.2,arenoso_argiloso,urbano,alta,0,vendaval,0,BAIXO,3,outono,Sul_Campos_Planalto
Z_0761_SUD,-23.49995,-44.63443,2023-09-27,205.1,34.6,83.5,4405.0,1003.3,6.1,13.0,rochoso,pastagem,alta,0,nenhum,0,MUITO BAIXO,9,primavera,Sudeste_Montanhoso_Litoraneo
Z_0762_NOR,-2.72363,-61.60415,2023-06-18,441.1,34.3,79.4,25.4,120.2,19.4,68.1,argiloso,urbano,alta,0,vendaval,0,BAIXO,6,inverno,Norte_Amazonia
Z_0763_NOR,-5.63757,-72.89536,2024-02-28,254.2,22.0,98.2,183.3,397.1,17.4,35.2,arenoso,area_umida,baixa,0,nenhum,0,MUITO BAIXO,2,verao,Norte_Amazonia
Z_0764_SUD,-20.76919,-44.78685,2024-12-20,330.2,19.0,67.6,4688.8,608.8,44.7,23.7,organico,urbano,media,0,deslizamento,0,BAIXO,12,verao,Sudeste_Montanhoso_Litoraneo
Z_0765_CEN,-18.12234,-49.12582,2024-12-28,103.3,34.1,66.7,164.6,646.7,12.3,19.3,arenoso,floresta,baixa,0,inundação,0,BAIXO,12,verao,CentroOeste_Cerrado_Pantanal
Z_0766_NOR,-4.94537,-49.17541,2024-11-28,212.7,27.8,84.7,4672.7,187.5,13.7,45.3,organico,urbano,media,0,inundação,0,BAIXO,11,primavera,Norte_Amazonia
Z_0767_NOR,-2.66168,-66.01829,2023-10-28,375.7,25.1,83.3,130.3,135.4,1.6,7.9,argiloso,floresta,media,0,vendaval,0,MÉDIO,10,primavera,Norte_Amazonia
Z_0768_NOR,-3.54685,-64.9515,2023-11-08,223.9,28.8,73.0,1666.2,310.8,18.3,6.7,argiloso,area_umida,baixa,0,inundação,0,BAIXO,11,primavera,Norte_Amazonia
Z_0769_NOR,-10.41013,-41.23641,2023-10-01,59.7,41.8,61.6,307.8,301.3,3.8,12.3,rochoso,rural,baixa,0,nenhum,0,MUITO BAIXO,10,primavera,Nordeste_Sertao
Z_0770_NOR,-12.84555,-37.87773,2024-04-16,70.1,36.0,54.1,266.0,177.9,13.8,7.4,arenoso,pastagem,alta,0,incêndio,0,BAIXO,4,outono,Nordeste_Sertao
Z_0771_NOR,-12.15625,-43.8442,2024-09-18,99.2,40.2,66.8,263.9,596.2,21.2,12.6,rochoso,rural,media,0,nenhum,0,MUITO BAIXO,9,primavera,Nordeste_Sertao
Z_0772_SUL,-30.49513,-50.9465,2024-04-17,88.6,18.6,65.5,1066.8,687.1,23.4,23.6,arenoso_argiloso,rural,alta,0,nenhum,0,MUITO BAIXO,4,outono,Sul_Campos_Planalto
Z_0773_NOR,-6.65057,-64.8927,2024-02-22,363.8,28.3,76.0,3785.1,145.6,1.6,52.6,argiloso,floresta,baixa,0,vendaval,0,BAIXO,2,verao,Norte_Amazonia
Z_0774_CEN,-21.92195,-54.27214,2023-05-26,69.6,24.6,41.1,349.8,617.8,12.0,17.9,arenoso,rural,baixa,0,incêndio,0,BAIXO,5,outono,CentroOeste_Cerrado_Pantanal
Z_0775_SUD,-20.03308,-43.61485,2023-08-11,153.2,31.4,35.0364968308496,3542.5,2076.8,44.9,27.4,rochoso,urbano,alta,0,inundação,0,BAIXO,8,inverno,Sudeste_Montanhoso_Litoraneo
Z_0776_NOR,-6.08033,-44.08932,2024-12-17,68.2,41.6,42.7,433.6,774.0,22.5,7.9,rochoso,rural,alta,0,incêndio,0,BAIXO,12,verao,Nordeste_Sertao
Z_0777_CEN,-14.71112,-55.24198,2024-12-25,129.6,27.7,66.3,131.8,910.5,24.6,0.3,arenoso,pastagem,media,0,incêndio,0,BAIXO,12,verao,CentroOeste_Cerrado_Pantanal
Z_0778_NOR,-1.5829,-65.38978,2024-02-06,439.4,28.4,91.5,3666.3,442.7,6.1,54.7,arenoso,area_umida,baixa,0,inundação,1,MÉDIO,2,verao,Norte_Amazonia
Z_0779_SUL,-28.32822,-57.22938,2024-01-23,238.3,10.4,58.7,2552.8,1247.4,33.7,1.4,organico,urbano,alta,0,deslizamento,0,MÉDIO,1,verao,Sul_Campos_Planalto
Z_0780_NOR,2.97542,-49.48529,2024-12-26,410.8,32.6,99.3,1258.5,88.4,9.9,16.3,arenoso,area_umida,baixa,0,inundação,0,MÉDIO,12,verao,Norte_Amazonia
Z_0781_SUL,-22.69493,-57.45367,2024-03-24,212.8,25.5,53.2,4435.8,662.5,28.1,25.7,argiloso,rural,baixa,0,deslizamento,0,MÉDIO,3,outono,Sul_Campos_Planalto
Z_0782_NOR,-9.45819,-48.03764,2023-03-22,308.5,29.9,78.3,1329.2,221.1,0.6,65.8,argiloso,area_umida,baixa,0,inundação,1,MÉDIO,3,outono,Norte_Amazonia
Z_0783_NOR,4.89617,-55.97079,2023-08-28,392.2,29.3,73.5,4271.1,228.0,17.5,32.3,arenoso,urbano,alta,0,vendaval,0,MÉDIO,8,inverno,Norte_Amazonia
Z_0784_SUL,-27.42279,-50.02933,2024-12-06,141.3,15.2,73.4,4954.1,119.9,17.4,4.1,arenoso_argiloso,pastagem,media,0,inundação,0,BAIXO,12,verao,Sul_Campos_Planalto
Z_0785_SUD,-20.99853,-45.47663,2023-12-04,325.5,20.9,90.7,1281.2,342.8,30.4,24.4,rochoso,pastagem,baixa,0,nenhum,0,MUITO BAIXO,12,verao,Sudeste_Montanhoso_Litoraneo
Z_0786_SUL,-26.49419,-53.62429,2024-05-14,133.8,9.9,86.1,2319.3,1368.9,6.0,20.3,arenoso_argiloso,urbano,alta,0,seca,0,BAIXO,5,outono,Sul_Campos_Planalto
Z_0787_NOR,-11.27787,-45.9571,2023-03-25,23.8,27.2,57.8,176.2,276.2,25.0,26.7,arenoso,pastagem,alta,0,nenhum,0,MUITO BAIXO,3,outono,Nordeste_Sertao
Z_0788_SUD,-21.44534,-39.16905,2024-03-21,124.5,17.7,54.6,1786.8,1049.8,45.7,16.0,organico,urbano,media,0,inundação,0,BAIXO,3,outono,Sudeste_Montanhoso_Litoraneo
Z_0789_NOR,-11.88059,-37.4353,2023-01-26,46.3,36.0,28.8,453.9,147.5,4.9,20.7,rochoso,pastagem,media,0,nenhum,0,MUITO BAIXO,1,verao,Nordeste_Sertao
Z_0790_SUD,-23.63832,-39.58934,2024-09-26,167.9,32.3,68.7,3377.3,26.1,13.9,16.6,argiloso,floresta,baixa,0,inundação,0,BAIXO,9,primavera,Sudeste_Montanhoso_Litoraneo
Z_0791_NOR,-3.02245,-73.18688,2024-03-28,307.7,33.2,84.0,698.7,465.7,8.9,38.2,organico,area_umida,baixa,0,inundação,0,MÉDIO,3,outono,Norte_Amazonia
Z_0792_SUD,-19.22682,-42.98511,2023-09-17,349.0,16.8,62.3,4139.1,2561.2,27.9,26.5,argiloso,urbano,media,0,deslizamento,0,MÉDIO,9,primavera,Sudeste_Montanhoso_Litoraneo
Z_0793_NOR,-10.25426,-45.49012,2023-03-14,50.1,41.3,65.7,148.6,833.2,23.1,29.2,arenoso,rural,media,0,nenhum,0,MUITO BAIXO,3,outono,Nordeste_Sertao
Z_0794_SUL,-33.40861,-57.68563,2024-02-26,144.7,15.3,84.7,4083.7,977.3,15.7,13.6,organico,urbano,media,0,seca,0,BAIXO,2,verao,Sul_Campos_Planalto
Z_0795_NOR,-8.01678,-73.65978,2023-10-27,258.7,34.8,93.4,1833.2,153.3,5.3,21.2,organico,area_umida,baixa,0,inundação,0,BAIXO,10,primavera,Norte_Amazonia
Z_0796_NOR,-7.15899,-73.73757,2023-12-07,292.6,33.3,71.6,4872.4,106.5,13.5,4.2,organico,rural,baixa,0,inundação,0,MÉDIO,12,verao,Norte_Amazonia
Z_0797_SUD,-18.89293,-39.14768,2024-04-23,237.3,34.3,91.0,3889.4,1635.3,21.4,12.4,argiloso,rural,baixa,0,deslizamento,0,BAIXO,4,outono,Sudeste_Montanhoso_Litoraneo
Z_0798_NOR,-7.47859,-73.86543,2023-03-04,427.3,31.0,89.5,469.9,312.1,3.9,36.2,arenoso,urbano,alta,0,nenhum,0,MUITO BAIXO,3,outono,Norte_Amazonia
Z_0799_NOR,-4.50064,-57.31216,2024-12-30,271.9,37.2,91.2,1330.0,271.6,18.9,0.4,organico,urbano,alta,0,nenhum,0,MUITO BAIXO,12,verao,Norte_Amazonia
Z_0800_NOR,-8.36987,-50.84025,2024-08-21,197.0,33.6,92.5,1347.8,461.0,18.5,77.8,argiloso,urbano,alta,0,nenhum,0,MUITO BAIXO,8,inverno,Norte_Amazonia
Z_0801_NOR,-14.1419,-45.683,2023-01-18,70.8,29.7,41.5,48.1,167.1,8.9,9.7,argiloso_seco,rural,media,0,seca,0,BAIXO,1,verao,Nordeste_Sertao
Z_0802_NOR,-14.70565,-44.38529,2024-12-30,95.0,32.5,38.0,352.6,245.2,10.7,13.9,argiloso_seco,pastagem,baixa,1,incêndio,0,BAIXO,12,verao,Nordeste_Sertao
Z_0803_SUD,-21.96905,-45.49167,2024-12-23,187.5,22.1,59.8,402.2,2784.2,5.7,24.3,organico,pastagem,media,1,inundação,0,BAIXO,12,verao,Sudeste_Montanhoso_Litoraneo
Z_0804_SUL,-31.18689,-55.32947,2024-04-20,170.2,29.7,52.7,3542.0,1081.1,35.8,23.0,organico,pastagem,baixa,0,deslizamento,1,MÉDIO,4,outono,Sul_Campos_Planalto
Z_0805_CEN,-19.18579,-45.95166,2024-04-02,102.9,30.1,76.6,128.2,195.6,0.8,5.6,arenoso,pastagem,alta,0,incêndio,0,BAIXO,4,outono,CentroOeste_Cerrado_Pantanal
Z_0806_SUD,-23.22216,-40.44259,2023-04-12,235.3,28.9,69.5,2756.6,2153.6,5.1,10.6,organico,floresta,media,0,nenhum,0,MUITO BAIXO,4,outono,Sudeste_Montanhoso_Litoraneo
Z_0807_CEN,-19.15811,-45.28579,2023-07-22,8.1,33.1,11.031945809372644,450.7,726.0,23.0,20.4,argiloso,area_umida,alta,0,seca,0,BAIXO,7,inverno,CentroOeste_Cerrado_Pantanal
Z_0808_NOR,4.61654,-57.51887,2023-12-10,155.0,29.9,92.5,2805.9,257.5,12.4,77.0,arenoso,area_umida,media,0,nenhum,0,MUITO BAIXO,12,verao,Norte_Amazonia
Z_0809_NOR,-9.8914,-42.29641,2023-01-07,7.7,34.2,66.2,158.1,817.5,18.7,25.7,rochoso,pastagem,media,0,seca,0,BAIXO,1,verao,Nordeste_Sertao
Z_0810_NOR,2.69212,-71.97501,2024-08-17,212.0,22.2,92.8,1307.2,213.1,11.1,15.9,argiloso,floresta,media,0,inundação,0,BAIXO,8,inverno,Norte_Amazonia
Z_0811_NOR,-9.8421,-52.3686,2023-10-26,428.3,32.9,93.1,596.6,15.8,5.3,14.8,organico,rural,baixa,0,inundação,0,MÉDIO,10,primavera,Norte_Amazonia
Z_0812_NOR,-10.07448,-42.81521,2024-03-12,37.4,23.7,31.6,188.8,446.2,20.5,17.9,argiloso_seco,rural,media,0,nenhum,0,MUITO BAIXO,3,outono,Nordeste_Sertao
Z_0813_NOR,-6.24214,-50.9372,2024-05-30,329.0,30.5,87.0,1050.4,275.3,13.0,50.4,organico,floresta,baixa,0,nenhum,0,MUITO BAIXO,5,outono,Norte_Amazonia
Z_0814_NOR,-13.94004,-41.36637,2023-07-15,0.4,23.8,10.0,417.4,394.9,2.7,2.4,rochoso,pastagem,alta,0,nenhum,0,MUITO BAIXO,7,inverno,Nordeste_Sertao
Z_0815_NOR,-9.84858,-59.5861,2024-04-04,198.2,32.2,97.6,3623.1,157.8,7.7,75.1,argiloso,urbano,alta,0,nenhum,0,MUITO BAIXO,4,outono,Norte_Amazonia
Z_0816_CEN,-20.85398,-60.92042,2024-05-14,126.7,21.9,50.0,346.3,767.4,16.8,8.1,latossolo,area_umida,alta,0,nenhum,0,MUITO BAIXO,5,outono,CentroOeste_Cerrado_Pantanal
Z_0817_SUD,-24.47169,-41.70718,2024-10-05,237.2,17.6,58.9,1721.4,1008.9,33.7,1.5,argiloso,floresta,baixa,0,deslizamento,0,MÉDIO,10,primavera,Sudeste_Montanhoso_Litoraneo
Z_0818_CEN,-19.87367,-59.43589,2023-10-16,112.2,22.1,75.3,199.9,758.0,14.9,14.4,argiloso,pastagem,baixa,0,inundação,0,BAIXO,10,primavera,CentroOeste_Cerrado_Pantanal
Z_0819_NOR,-7.64467,-73.77031,2023-08-26,446.9,29.1,89.7,1958.3,368.6,2.4,6.3,arenoso,urbano,media,0,nenhum,0,MUITO BAIXO,8,inverno,Norte_Amazonia
Z_0820_SUL,-23.14864,-48.92671,2023-11-24,240.5,7.4,48.9,2175.4,1719.4,15.1,8.5,argiloso,pastagem,baixa,0,nenhum,0,MUITO BAIXO,11,primavera,Sul_Campos_Planalto
Z_0821_SUD,-24.8894,-40.72001,2023-10-16,315.1,15.5,84.2,3113.0,1826.2,29.8,20.4,rochoso,rural,baixa,0,nenhum,0,MUITO BAIXO,10,primavera,Sudeste_Montanhoso_Litoraneo
Z_0822_SUD,-18.39493,-40.20448,2023-09-09,237.6,26.1,62.1,195.9,1125.0,28.3,4.7,rochoso,floresta,media,0,nenhum,0,MUITO BAIXO,9,primavera,Sudeste_Montanhoso_Litoraneo
Z_0823_SUD,-22.09757,-47.49182,2024-12-11,234.2,32.1,62.5,3432.3,392.4,36.3,29.5,rochoso,urbano,alta,0,inundação,0,BAIXO,12,verao,Sudeste_Montanhoso_Litoraneo
Z_0824_SUL,-22.6102,-55.45474,2024-07-03,73.5,12.3,47.9893024831792,555.8,801.7,9.0,1.4,arenoso_argiloso,urbano,media,0,vendaval,0,BAIXO,7,inverno,Sul_Campos_Planalto
Z_0825_SUD,-19.26501,-43.1069,2024-08-12,222.4,21.0,53.08642070877085,2882.4,109.9,43.3,5.0,argiloso,floresta,baixa,0,deslizamento,1,ALTO,8,inverno,Sudeste_Montanhoso_Litoraneo
Z_0826_NOR,-4.25849,-67.45429,2024-05-20,195.9,37.8,93.3,4605.1,454.6,4.3,17.7,argiloso,urbano,alta,0,nenhum,0,MUITO BAIXO,5,outono,Norte_Amazonia
Z_0827_NOR,-4.37136,-51.03414,2023-08-29,377.4,32.9,84.4,626.0,145.0,17.1,9.3,arenoso,rural,baixa,0,nenhum,0,MUITO BAIXO,8,inverno,Norte_Amazonia
Z_0828_SUD,-23.5774,-45.86753,2023-08-14,347.9,17.8,44.24383898121334,796.0,394.7,7.2,11.3,organico,floresta,baixa,0,inundação,0,BAIXO,8,inverno,Sudeste_Montanhoso_Litoraneo
Z_0829_SUD,-20.97939,-44.14764,2024-11-08,82.3,22.4,55.7,373.1,146.2,42.8,28.9,argiloso,urbano,media,0,nenhum,0,MUITO BAIXO,11,primavera,Sudeste_Montanhoso_Litoraneo
Z_0830_NOR,-4.94121,-41.60242,2023-04-12,96.2,37.9,60.5,397.4,269.6,18.7,3.5,rochoso,pastagem,media,0,nenhum,0,MUITO BAIXO,4,outono,Nordeste_Sertao
Z_0831_SUD,-23.44646,-42.80564,2024-04-27,87.7,31.7,65.1,3845.7,2409.4,23.9,19.9,rochoso,floresta,baixa,0,nenhum,0,MUITO BAIXO,4,outono,Sudeste_Montanhoso_Litoraneo
Z_0832_NOR,-6.18788,-45.44257,2023-06-18,8.5,27.9,49.85256526655482,414.9,454.0,20.0,5.0,argiloso_seco,rural,alta,0,incêndio,0,BAIXO,6,inverno,Nordeste_Sertao
Z_0833_NOR,-17.76347,-37.37257,2024-03-25,65.0,21.1,29.3,321.7,113.7,1.5,7.6,arenoso,pastagem,alta,0,nenhum,0,MUITO BAIXO,3,outono,Nordeste_Sertao
Z_0834_SUD,-20.97411,-48.65238,2023-01-18,345.4,33.0,81.3,1584.3,120.0,45.0,15.2,argiloso,pastagem,alta,0,nenhum,0,MUITO BAIXO,1,verao,Sudeste_Montanhoso_Litoraneo
Z_0835_CEN,-11.57111,-59.79686,2023-05-22,151.4,31.0,32.9,419.0,484.6,23.6,22.4,latossolo,area_umida,alta,0,nenhum,0,MUITO BAIXO,5,outono,CentroOeste_Cerrado_Pantanal
Z_0836_NOR,-10.71842,-45.98316,2024-11-04,87.6,20.3,62.2,39.8,752.1,13.1,22.5,rochoso,pastagem,media,0,incêndio,0,BAIXO,11,primavera,Nordeste_Sertao
Z_0837_CEN,-21.88374,-54.76513,2023-01-28,104.4,24.0,57.0,457.5,449.9,2.9,26.9,latossolo,area_umida,media,0,incêndio,0,BAIXO,1,verao,CentroOeste_Cerrado_Pantanal
Z_0838_SUD,-20.3127,-40.75969,2023-06-14,296.5,16.9,65.94245834431763,3998.6,740.0,57.1,13.4,organico,pastagem,alta,0,deslizamento,1,ALTO,6,inverno,Sudeste_Montanhoso_Litoraneo
Z_0839_CEN,-15.56376,-55.12869,2024-03-26,156.9,27.8,35.5,390.1,1165.3,11.1,11.5,arenoso,floresta,baixa,0,nenhum,0,MUITO BAIXO,3,outono,CentroOeste_Cerrado_Pantanal
Z_0840_NOR,-15.5891,-44.73611,2023-11-25,72.2,37.1,62.4,442.6,650.6,23.2,0.6,argiloso_seco,rural,alta,0,incêndio,0,BAIXO,11,primavera,Nordeste_Sertao
Z_0841_CEN,-20.43264,-51.71031,2023-03-29,178.7,37.9,33.0,429.0,942.6,2.8,19.7,arenoso,area_umida,alta,0,seca,0,BAIXO,3,outono,CentroOeste_Cerrado_Pantanal
Z_0842_SUL,-33.00648,-57.97883,2023-05-09,204.0,31.9,73.6,2422.2,1282.4,15.3,0.3,argiloso,rural,baixa,0,inundação,0,BAIXO,5,outono,Sul_Campos_Planalto
Z_0843_CEN,-11.47956,-47.98578,2023-11-16,170.5,33.7,44.6,420.9,390.6,3.2,15.2,latossolo,pastagem,media,0,seca,0,BAIXO,11,primavera,CentroOeste_Cerrado_Pantanal
Z_0844_NOR,-9.66932,-43.7379,2023-02-15,14.4,22.4,58.2,331.5,142.8,6.2,21.1,rochoso,rural,alta,0,nenhum,0,MUITO BAIXO,2,verao,Nordeste_Sertao
Z_0845_SUL,-32.8268,-48.20948,2023-06-05,242.4,7.9,36.31710006899294,216.0,1115.7,12.3,1.0,arenoso_argiloso,floresta,baixa,0,inundação,0,MÉDIO,6,inverno,Sul_Campos_Planalto
Z_0846_CEN,-12.1905,-59.01459,2024-05-10,149.2,23.6,68.5,141.8,488.3,4.4,7.0,arenoso,area_umida,media,0,nenhum,0,MUITO BAIXO,5,outono,CentroOeste_Cerrado_Pantanal
Z_0847_SUL,-30.24927,-55.13813,2024-09-23,179.2,24.1,88.5,3912.0,1029.3,13.7,26.2,argiloso,urbano,media,0,vendaval,0,BAIXO,9,primavera,Sul_Campos_Planalto
Z_0848_SUD,-18.76099,-45.98084,2023-04-06,239.9,24.9,56.4,1057.2,975.1,35.8,14.2,organico,floresta,baixa,0,nenhum,0,MUITO BAIXO,4,outono,Sudeste_Montanhoso_Litoraneo
Z_0849_SUL,-22.71472,-52.57996,2023-07-21,178.2,25.7,41.5863237292557,4008.3,1291.2,4.9,22.1,organico,floresta,baixa,0,nenhum,0,MUITO BAIXO,7,inverno,Sul_Campos_Planalto
Z_0850_NOR,-16.29134,-40.09484,2023-05-16,95.5,25.8,56.2,317.8,676.8,15.8,24.2,arenoso,rural,baixa,0,nenhum,0,MUITO BAIXO,5,outono,Nordeste_Sertao
Z_0851_NOR,-5.72361,-42.88776,2024-03-04,57.8,24.8,43.5,305.9,599.7,2.5,11.4,arenoso,rural,media,0,nenhum,0,MUITO BAIXO,3,outono,Nordeste_Sertao
Z_0852_NOR,-0.89022,-55.11894,2023-01-05,288.7,37.9,77.0,3801.7,177.9,19.5,58.5,organico,urbano,alta,0,vendaval,0,BAIXO,1,verao,Norte_Amazonia
Z_0853_SUD,-21.5534,-45.75744,2024-08-19,309.4,18.3,48.755382440160275,3617.8,2311.5,22.2,10.8,argiloso,rural,media,0,inundação,0,BAIXO,8,inverno,Sudeste_Montanhoso_Litoraneo
Z_0854_SUD,-19.49124,-40.07611,2023-09-28,211.9,16.2,82.9,508.8,2785.6,22.6,20.0,organico,rural,media,0,nenhum,0,MUITO BAIXO,9,primavera,Sudeste_Montanhoso_Litoraneo
Z_0855_NOR,-3.38317,-55.54317,2023-11-01,409.7,35.3,72.2,474.8,343.6,9.1,30.8,argiloso,floresta,baixa,0,nenhum,0,MUITO BAIXO,11,primavera,Norte_Amazonia
Z_0856_NOR,-17.68661,-38.81837,2023-05-11,25.8,28.2,43.2,201.2,593.7,27.5,29.8,rochoso,pastagem,baixa,0,incêndio,0,BAIXO,5,outono,Nordeste_Sertao
Z_0857_NOR,2.98618,-56.5143,2024-01-21,340.3,26.8,99.0,1678.8,117.4,9.1,51.9,organico,area_umida,baixa,0,inundação,1,MÉDIO,1,verao,Norte_Amazonia
Z_0858_SUD,-19.19138,-43.73337,2024-01-14,90.2,18.1,65.3,3979.1,2713.2,13.3,13.2,argiloso,pastagem,alta,1,nenhum,0,MUITO BAIXO,1,verao,Sudeste_Montanhoso_Litoraneo
Z_0859_NOR,-7.62221,-45.90885,2023-08-22,4.3,28.9,10.0,258.8,506.5,6.1,24.7,argiloso_seco,pastagem,alta,0,seca,0,BAIXO,8,inverno,Nordeste_Sertao
Z_0860_SUD,-21.397,-42.08543,2024-06-05,165.6,21.6,30.723659007595618,2882.4,1308.2,11.8,1.2,organico,urbano,alta,0,deslizamento,0,BAIXO,6,inverno,Sudeste_Montanhoso_Litoraneo
Z_0861_SUD,-18.84022,-41.95829,2023-01-14,349.8,34.0,81.8,3133.1,914.8,11.2,7.1,organico,urbano,media,0,vendaval,0,BAIXO,1,verao,Sudeste_Montanhoso_Litoraneo
Z_0862_SUD,-23.91538,-45.76755,2023-06-23,82.2,33.3,57.06315459387652,2996.5,827.8,14.3,27.4,organico,floresta,media,0,nenhum,0,MUITO BAIXO,6,inverno,Sudeste_Montanhoso_Litoraneo
Z_0863_CEN,-20.21132,-46.56954,2023-03-26,134.3,33.4,80.6,99.2,68.5,7.0,18.9,arenoso,pastagem,alta,0,nenhum,0,MUITO BAIXO,3,outono,CentroOeste_Cerrado_Pantanal
Z_0864_SUL,-28.88918,-52.65595,2024-01-18,203.2,26.4,52.9,4635.5,1130.7,28.7,19.6,argiloso,urbano,alta,0,deslizamento,0,MÉDIO,1,verao,Sul_Campos_Planalto
Z_0865_NOR,1.56538,-57.48473,2024-01-09,401.8,24.0,88.5,2281.2,144.0,12.8,57.5,organico,area_umida,baixa,0,inundação,1,MÉDIO,1,verao,Norte_Amazonia
Z_0866_NOR,-11.78112,-42.84797,2023-04-03,32.8,21.7,55.8,209.2,101.1,22.4,6.1,arenoso,pastagem,alta,0,seca,0,BAIXO,4,outono,Nordeste_Sertao
Z_0867_NOR,-9.00504,-53.65375,2023-04-30,206.6,33.1,79.4,1390.0,276.4,1.4,29.5,organico,area_umida,baixa,0,inundação,0,MÉDIO,4,outono,Norte_Amazonia
Z_0868_SUD,-18.40555,-40.94777,2024-02-22,153.9,19.9,88.2,2876.3,2268.4,21.6,29.4,rochoso,rural,media,0,nenhum,0,MUITO BAIXO,2,verao,Sudeste_Montanhoso_Litoraneo
Z_0869_NOR,-13.54684,-43.84052,2023-02-25,20.0,24.7,20.4,342.0,136.2,19.1,11.6,rochoso,pastagem,media,0,nenhum,0,MUITO BAIXO,2,verao,Nordeste_Sertao
Z_0870_SUD,-20.86822,-40.32141,2023-07-10,86.3,28.3,47.08909018203826,2853.2,2644.7,43.9,15.5,rochoso,urbano,alta,0,nenhum,0,MUITO BAIXO,7,inverno,Sudeste_Montanhoso_Litoraneo
Z_0871_NOR,-0.98439,-58.29523,2023-03-22,361.0,35.1,77.1,4050.0,237.6,0.6,64.5,argiloso,area_umida,baixa,0,inundação,0,MÉDIO,3,outono,Norte_Amazonia
Z_0872_SUL,-31.78449,-49.15153,2024-08-29,225.5,25.6,60.62241393662307,4154.8,579.2,24.1,2.3,organico,rural,baixa,0,nenhum,0,MUITO BAIXO,8,inverno,Sul_Campos_Planalto
Z_0873_NOR,-14.5368,-43.22217,2024-03-02,46.6,38.8,55.4,288.6,646.6,26.0,25.8,rochoso,rural,alta,0,incêndio,0,BAIXO,3,outono,Nordeste_Sertao
Z_0874_CEN,-17.79833,-49.14925,2023-11-29,104.1,31.9,76.3,482.7,243.3,6.1,25.1,argiloso,rural,alta,0,nenhum,0,MUITO BAIXO,11,primavera,CentroOeste_Cerrado_Pantanal
Z_0875_SUD,-24.89193,-49.68447,2023-05-09,329.0,30.9,54.2,2988.6,1279.4,26.6,24.9,rochoso,rural,media,0,deslizamento,0,BAIXO,5,outono,Sudeste_Montanhoso_Litoraneo
Z_0876_NOR,-10.03608,-37.50378,2023-04-25,33.7,25.1,43.5,246.9,402.8,13.2,16.1,argiloso_seco,pastagem,media,0,incêndio,0,BAIXO,4,outono,Nordeste_Sertao
Z_0877_NOR,-5.44161,-60.95356,2024-04-27,332.5,35.1,77.2,1116.5,349.7,6.0,71.3,argiloso,urbano,alta,0,nenhum,0,MUITO BAIXO,4,outono,Norte_Amazonia
Z_0878_CEN,-15.10603,-58.5192,2024-03-30,145.2,33.2,72.2,75.5,1046.5,23.4,24.9,argiloso,floresta,baixa,0,inundação,0,BAIXO,3,outono,CentroOeste_Cerrado_Pantanal
Z_0879_NOR,-11.32565,-37.82941,2023-02-04,8.1,35.0,24.8,21.1,111.6,23.1,15.3,argiloso_seco,rural,media,0,incêndio,0,MÉDIO,2,verao,Nordeste_Sertao
Z_0880_SUD,-20.05997,-47.66821,2023-11-16,212.7,32.8,69.8,1532.4,1584.6,43.5,11.3,organico,rural,media,0,deslizamento,1,ALTO,11,primavera,Sudeste_Montanhoso_Litoraneo
Z_0881_NOR,-16.28371,-43.79278,2023-10-05,75.3,38.6,39.5,223.8,173.3,29.6,22.7,rochoso,rural,alta,0,nenhum,0,MUITO BAIXO,10,primavera,Nordeste_Sertao
Z_0882_NOR,-2.66542,-55.24376,2024-11-16,423.6,37.9,79.6,4440.1,423.8,6.2,55.2,organico,rural,baixa,0,incêndio,0,BAIXO,11,primavera,Norte_Amazonia
Z_0883_SUD,-21.26682,-45.00972,2024-09-08,277.7,19.1,85.7,1878.9,1333.9,41.4,21.5,argiloso,urbano,alta,0,deslizamento,1,ALTO,9,primavera,Sudeste_Montanhoso_Litoraneo
Z_0884_NOR,-1.60791,-73.9837,2023-03-11,422.5,33.8,78.1,1024.4,331.6,7.6,15.3,organico,area_umida,media,0,inundação,0,MÉDIO,3,outono,Norte_Amazonia
Z_0885_CEN,-6.95161,-46.4972,2023-02-27,117.6,24.1,53.7,61.4,1108.6,0.1,25.0,arenoso,rural,baixa,0,nenhum,0,MUITO BAIXO,2,verao,CentroOeste_Cerrado_Pantanal
Z_0886_SUL,-33.93185,-54.62227,2023-10-13,241.1,12.5,71.9,2965.3,569.4,2.6,16.7,organico,floresta,baixa,0,nenhum,0,MUITO BAIXO,10,primavera,Sul_Campos_Planalto
Z_0887_NOR,-15.54043,-39.42106,2023-03-25,18.0,28.2,32.9,423.7,457.0,24.7,13.8,arenoso,rural,baixa,0,incêndio,0,BAIXO,3,outono,Nordeste_Sertao
Z_0888_NOR,-4.54923,-43.04831,2024-07-11,14.2,42.0,37.077525135165324,322.9,440.4,27.9,1.0,argiloso_seco,rural,media,0,incêndio,0,MÉDIO,7,inverno,Nordeste_Sertao
Z_0889_NOR,-0.30485,-51.73873,2023-08-22,391.7,23.9,98.2,454.1,318.2,18.0,33.5,argiloso,floresta,baixa,0,inundação,0,BAIXO,8,inverno,Norte_Amazonia
Z_0890_SUD,-21.81592,-40.45403,2023-02-06,330.5,18.8,83.9,4490.1,1432.7,8.5,24.4,organico,floresta,baixa,0,nenhum,0,MUITO BAIXO,2,verao,Sudeste_Montanhoso_Litoraneo
Z_0891_NOR,-17.32076,-37.09061,2024-12-12,44.7,22.9,23.8,433.4,617.2,6.3,25.3,rochoso,pastagem,media,0,incêndio,0,BAIXO,12,verao,Nordeste_Sertao
Z_0892_NOR,-8.14089,-59.18738,2024-06-04,336.8,34.4,97.9,3205.9,282.4,7.5,52.8,argiloso,floresta,baixa,0,nenhum,0,MUITO BAIXO,6,inverno,Norte_Amazonia
Z_0893_NOR,-1.33569,-71.12951,2023-02-10,423.0,36.6,82.2,821.5,58.1,8.4,76.4,organico,rural,baixa,0,inundação,0,MÉDIO,2,verao,Norte_Amazonia
Z_0894_NOR,-9.98108,-40.98141,2023-03-24,14.6,38.6,60.7,154.6,928.3,25.5,26.4,rochoso,rural,media,0,seca,0,BAIXO,3,outono,Nordeste_Sertao
Z_0895_NOR,-12.03652,-40.01788,2023-04-03,77.0,34.2,34.6,88.0,323.7,20.5,23.4,arenoso,rural,media,0,nenhum,0,MUITO BAIXO,4,outono,Nordeste_Sertao
Z_0896_NOR,-10.51912,-41.70064,2023-10-24,22.1,33.6,69.7,418.9,842.4,3.8,15.2,arenoso,rural,media,0,incêndio,0,BAIXO,10,primavera,Nordeste_Sertao
Z_0897_NOR,1.51527,-54.63002,2024-03-31,248.0,35.6,93.4,4241.7,399.1,7.5,49.7,arenoso,rural,baixa,0,nenhum,0,MUITO BAIXO,3,outono,Norte_Amazonia
Z_0898_NOR,-2.31527,-39.65008,2023-04-18,42.8,23.1,49.0,327.1,853.1,11.2,24.4,argiloso_seco,rural,alta,0,seca,0,BAIXO,4,outono,Nordeste_Sertao
Z_0899_CEN,-22.43266,-53.68024,2024-05-21,139.8,33.3,84.8,167.4,55.6,13.2,29.1,latossolo,pastagem,media,0,inundação,0,BAIXO,5,outono,CentroOeste_Cerrado_Pantanal
Z_0900_NOR,-17.73694,-41.9818,2024-07-04,8.8,22.7,58.302318282148605,452.7,209.6,28.5,19.9,arenoso,pastagem,baixa,1,nenhum,0,MUITO BAIXO,7,inverno,Nordeste_Sertao
Z_0901_SUL,-33.44633,-56.92599,2023-10-12,92.4,29.4,47.2,2494.5,966.0,26.6,9.5,arenoso_argiloso,urbano,alta,0,vendaval,0,BAIXO,10,primavera,Sul_Campos_Planalto
Z_0902_NOR,-5.25273,-69.91085,2024-04-30,360.7,29.7,96.8,2253.7,110.8,14.9,69.8,argiloso,area_umida,baixa,1,inundação,1,MÉDIO,4,outono,Norte_Amazonia
Z_0903_NOR,-5.57184,-37.40293,2023-05-20,85.4,32.2,43.2,315.4,272.5,7.2,14.5,argiloso_seco,pastagem,media,0,nenhum,0,MUITO BAIXO,5,outono,Nordeste_Sertao
Z_0904_SUL,-33.32971,-51.50227,2024-07-18,148.0,12.4,32.56683579963282,2803.4,688.1,14.9,29.3,arenoso_argiloso,urbano,alta,0,seca,0,BAIXO,7,inverno,Sul_Campos_Planalto
Z_0905_NOR,4.07666,-72.42598,2024-01-27,163.4,34.6,90.4,1818.0,321.4,11.5,0.2,argiloso,area_umida,media,0,nenhum,0,MUITO BAIXO,1,verao,Norte_Amazonia
Z_0906_NOR,-2.21516,-62.45246,2023-10-04,198.1,27.7,98.2,249.0,232.5,12.5,35.8,organico,rural,media,0,inundação,0,BAIXO,10,primavera,Norte_Amazonia
Z_0907_NOR,-8.02617,-49.69321,2024-06-07,317.4,35.9,82.0,2050.4,381.8,12.8,51.6,argiloso,urbano,alta,0,nenhum,0,MUITO BAIXO,6,inverno,Norte_Amazonia
Z_0908_SUD,-18.51451,-46.69942,2023-08-07,244.3,32.6,43.66560134235326,2012.8,1149.3,36.1,10.2,organico,pastagem,media,0,deslizamento,0,BAIXO,8,inverno,Sudeste_Montanhoso_Litoraneo
Z_0909_SUL,-22.03057,-56.37971,2024-08-15,177.6,27.2,37.15621471283633,593.9,146.2,29.3,20.9,arenoso_argiloso,floresta,baixa,0,nenhum,0,MUITO BAIXO,8,inverno,Sul_Campos_Planalto
Z_0910_NOR,-7.60302,-44.27788,2024-03-05,53.8,35.0,62.8,94.9,789.1,5.4,21.7,argiloso_seco,rural,media,0,incêndio,0,BAIXO,3,outono,Nordeste_Sertao
Z_0911_NOR,-7.32136,-73.40665,2023-06-11,233.3,36.7,95.1,1621.1,270.4,0.1,63.2,argiloso,urbano,media,0,nenhum,0,MUITO BAIXO,6,inverno,Norte_Amazonia
Z_0912_SUL,-30.38079,-52.19604,2023-06-14,103.4,23.1,66.510643977206,1211.5,419.2,22.3,10.5,organico,rural,media,0,nenhum,0,MUITO BAIXO,6,inverno,Sul_Campos_Planalto
Z_0913_NOR,-10.29938,-37.69696,2023-09-02,98.0,35.6,65.7,73.8,925.4,1.9,20.7,rochoso,rural,media,0,incêndio,0,BAIXO,9,primavera,Nordeste_Sertao
Z_0914_NOR,-3.57923,-40.58817,2023-05-21,33.2,21.3,44.1,275.4,711.9,17.4,11.1,argiloso_seco,rural,alta,0,incêndio,0,BAIXO,5,outono,Nordeste_Sertao
Z_0915_SUL,-31.00713,-52.08267,2024-11-14,73.6,26.1,44.9,4887.2,204.1,6.9,22.4,arenoso_argiloso,floresta,baixa,1,seca,0,BAIXO,11,primavera,Sul_Campos_Planalto
Z_0916_CEN,-14.44403,-46.98652,2023-06-18,7.5,23.0,48.306827330248595,346.3,156.2,5.8,5.2,arenoso,pastagem,media,0,inundação,0,BAIXO,6,inverno,CentroOeste_Cerrado_Pantanal
Z_0917_NOR,-9.97217,-43.93997,2024-11-27,28.1,24.2,63.4,364.2,796.2,12.9,14.6,rochoso,rural,baixa,0,seca,0,BAIXO,11,primavera,Nordeste_Sertao
Z_0918_NOR,-7.07013,-70.91526,2023-09-16,152.7,31.2,88.3,4655.1,380.8,11.4,21.0,arenoso,urbano,alta,0,incêndio,0,BAIXO,9,primavera,Norte_Amazonia
Z_0919_NOR,-8.64366,-38.34061,2024-12-09,17.7,36.6,42.5,289.7,900.5,2.2,15.0,argiloso_seco,pastagem,media,0,incêndio,0,BAIXO,12,verao,Nordeste_Sertao
Z_0920_NOR,-6.48548,-43.34809,2024-07-15,2.7,27.2,32.22378013843767,306.5,359.0,0.2,28.1,rochoso,pastagem,media,0,nenhum,0,MUITO BAIXO,7,inverno,Nordeste_Sertao
Z_0921_NOR,-8.90581,-72.98459,2024-08-27,233.7,28.3,72.3,4644.7,155.5,15.8,21.6,arenoso,urbano,alta,0,nenhum,0,MUITO BAIXO,8,inverno,Norte_Amazonia
Z_0922_SUD,-21.93511,-48.18533,2023-01-14,319.4,19.0,53.4,1377.6,1488.0,43.7,3.9,organico,pastagem,baixa,0,deslizamento,0,BAIXO,1,verao,Sudeste_Montanhoso_Litoraneo
Z_0923_NOR,-12.41069,-37.38244,2024-10-26,30.4,40.9,34.9,395.7,566.2,29.4,23.8,arenoso,pastagem,alta,1,seca,0,BAIXO,10,primavera,Nordeste_Sertao
Z_0924_NOR,-1.92402,-57.67884,2024-01-25,181.7,28.1,85.3,4702.8,210.8,4.9,13.2,arenoso,floresta,baixa,1,vendaval,0,BAIXO,1,verao,Norte_Amazonia
Z_0925_CEN,-21.14169,-50.1235,2023-11-30,188.1,33.7,71.0,493.2,900.7,10.8,15.2,arenoso,rural,baixa,0,nenhum,0,MUITO BAIXO,11,primavera,CentroOeste_Cerrado_Pantanal
Z_0926_SUD,-24.69911,-45.75218,2024-12-29,169.3,25.3,89.4,839.4,1266.3,43.1,20.1,organico,rural,alta,0,deslizamento,0,MÉDIO,12,verao,Sudeste_Montanhoso_Litoraneo
Z_0927_NOR,-11.6332,-43.82608,2023-02-06,5.8,39.7,46.1,76.7,435.3,25.2,11.6,arenoso,rural,baixa,0,nenhum,0,MUITO BAIXO,2,verao,Nordeste_Sertao
Z_0928_NOR,-5.23371,-42.27727,2024-06-08,12.0,37.0,52.42810758996256,369.6,313.7,20.6,17.7,arenoso,rural,baixa,0,incêndio,0,BAIXO,6,inverno,Nordeste_Sertao
Z_0929_NOR,-3.11255,-71.52784,2023-02-05,261.0,34.9,77.2,3661.9,110.3,18.5,45.2,organico,urbano,alta,0,vendaval,0,BAIXO,2,verao,Norte_Amazonia
Z_0930_SUL,-31.00518,-55.74358,2024-09-06,237.2,16.2,55.1,1083.8,342.2,39.3,7.7,argiloso,pastagem,alta,0,deslizamento,0,BAIXO,9,primavera,Sul_Campos_Planalto
Z_0931_SUD,-23.59943,-42.84899,2024-05-31,252.0,34.4,52.1,4355.2,1721.4,26.7,8.8,rochoso,floresta,media,0,deslizamento,0,BAIXO,5,outono,Sudeste_Montanhoso_Litoraneo
Z_0932_CEN,-23.49612,-60.35251,2023-03-04,148.5,28.1,76.3,475.9,925.9,6.3,19.0,arenoso,area_umida,media,0,nenhum,0,MUITO BAIXO,3,outono,CentroOeste_Cerrado_Pantanal
Z_0933_SUD,-18.03913,-46.05138,2024-12-27,342.3,32.1,75.0,852.1,37.8,19.4,22.5,argiloso,floresta,baixa,0,vendaval,0,BAIXO,12,verao,Sudeste_Montanhoso_Litoraneo
Z_0934_SUD,-24.43039,-39.03602,2024-01-14,235.5,20.0,94.8,2560.3,1298.6,15.1,28.6,argiloso,pastagem,baixa,0,deslizamento,0,BAIXO,1,verao,Sudeste_Montanhoso_Litoraneo
Z_0935_SUD,-18.20015,-41.09072,2023-07-15,122.0,33.5,62.42782165399916,159.3,1002.5,42.2,16.3,argiloso,pastagem,baixa,0,inundação,0,BAIXO,7,inverno,Sudeste_Montanhoso_Litoraneo
Z_0936_CEN,-5.62419,-59.62231,2024-03-14,121.3,23.6,50.4,191.6,971.5,3.9,19.1,arenoso,floresta,baixa,0,inundação,0,BAIXO,3,outono,CentroOeste_Cerrado_Pantanal
Z_0937_NOR,-3.33318,-61.05717,2023-08-20,374.6,29.2,72.9,3821.3,433.5,4.3,43.8,argiloso,floresta,baixa,0,nenhum,0,MUITO BAIXO,8,inverno,Norte_Amazonia
Z_0938_NOR,-4.77088,-58.92478,2024-05-22,402.2,23.5,82.4,355.5,410.2,7.9,56.7,argiloso,floresta,baixa,0,incêndio,0,BAIXO,5,outono,Norte_Amazonia
Z_0939_CEN,-6.26762,-49.28943,2023-05-27,64.4,24.2,66.3,114.1,93.4,13.3,17.3,argiloso,rural,alta,0,nenhum,0,MUITO BAIXO,5,outono,CentroOeste_Cerrado_Pantanal
Z_0940_NOR,-9.98299,-66.3987,2023-10-25,372.6,23.4,76.2,2854.8,265.3,14.1,50.8,arenoso,area_umida,baixa,0,inundação,0,MÉDIO,10,primavera,Norte_Amazonia
Z_0941_SUL,-33.98106,-49.07252,2024-12-11,205.7,16.6,84.2,2380.8,1433.0,38.7,23.1,arenoso_argiloso,rural,media,0,seca,0,BAIXO,12,verao,Sul_Campos_Planalto
Z_0942_NOR,-5.5118,-52.62575,2023-10-13,154.3,25.8,99.9,3401.3,179.0,2.6,7.8,arenoso,urbano,alta,0,incêndio,0,BAIXO,10,primavera,Norte_Amazonia
Z_0943_NOR,-17.45237,-40.62353,2024-06-15,16.8,38.8,23.17465777871077,98.8,545.7,22.3,14.6,rochoso,pastagem,baixa,1,incêndio,1,ALTO,6,inverno,Nordeste_Sertao
Z_0944_NOR,-10.77137,-37.355,2024-06-24,10.6,20.8,11.411512689146473,235.0,682.1,26.3,4.7,arenoso,pastagem,baixa,0,nenhum,0,MUITO BAIXO,6,inverno,Nordeste_Sertao
Z_0945_NOR,3.85022,-51.5815,2023-01-05,367.4,24.9,72.2,192.3,252.4,1.6,3.0,organico,urbano,alta,0,inundação,0,MÉDIO,1,verao,Norte_Amazonia
Z_0946_CEN,-13.45826,-51.70809,2024-02-07,139.8,18.5,62.8,435.9,581.0,9.8,6.0,latossolo,rural,media,1,nenhum,0,MUITO BAIXO,2,verao,CentroOeste_Cerrado_Pantanal
Z_0947_NOR,2.79601,-72.43963,2023-06-14,380.0,31.7,73.2,1482.0,313.4,5.6,1.1,organico,urbano,alta,0,inundação,1,ALTO,6,inverno,Norte_Amazonia
Z_0948_SUL,-22.89403,-57.09437,2024-05-30,131.2,5.7,64.4,3624.3,955.2,33.4,19.6,arenoso_argiloso,rural,media,0,seca,0,BAIXO,5,outono,Sul_Campos_Planalto
Z_0949_NOR,-2.60716,-40.08725,2023-04-09,92.6,20.4,52.4,418.7,455.3,29.4,22.8,arenoso,rural,media,0,nenhum,0,MUITO BAIXO,4,outono,Nordeste_Sertao
Z_0950_SUL,-22.78197,-57.5952,2023-09-22,139.9,15.7,67.7,1593.4,323.1,26.7,19.3,organico,floresta,baixa,0,nenhum,0,MUITO BAIXO,9,primavera,Sul_Campos_Planalto
Z_0951_SUL,-28.61901,-49.38894,2024-07-30,84.1,14.2,23.558769468856212,3740.6,475.5,10.8,6.8,arenoso_argiloso,rural,alta,0,nenhum,0,MUITO BAIXO,7,inverno,Sul_Campos_Planalto
Z_0952_SUL,-26.93969,-49.80262,2024-10-13,114.7,25.1,62.4,1903.9,831.6,11.8,13.8,argiloso,rural,alta,0,vendaval,0,BAIXO,10,primavera,Sul_Campos_Planalto
Z_0953_SUD,-23.69333,-49.6159,2023-01-24,266.6,25.0,52.4,37.1,1795.5,23.9,4.1,argiloso,pastagem,baixa,0,nenhum,0,MUITO BAIXO,1,verao,Sudeste_Montanhoso_Litoraneo
Z_0954_SUD,-22.57912,-41.04702,2023-09-26,127.2,34.7,66.9,3203.2,1598.7,21.0,14.1,argiloso,pastagem,media,0,vendaval,0,BAIXO,9,primavera,Sudeste_Montanhoso_Litoraneo
Z_0955_NOR,-7.43871,-45.73774,2024-08-21,6.4,35.9,27.418497290705815,23.2,315.4,1.9,6.2,rochoso,rural,baixa,0,incêndio,0,MÉDIO,8,inverno,Nordeste_Sertao
Z_0956_SUD,-23.7963,-46.72879,2024-09-11,176.4,18.7,56.5,2907.9,1695.7,37.3,1.1,argiloso,rural,alta,0,deslizamento,0,MÉDIO,9,primavera,Sudeste_Montanhoso_Litoraneo
Z_0957_SUD,-21.71339,-40.06544,2023-02-08,90.8,31.2,69.0,4619.0,364.3,14.0,22.8,rochoso,floresta,baixa,0,vendaval,0,BAIXO,2,verao,Sudeste_Montanhoso_Litoraneo
Z_0958_SUL,-31.53081,-48.33821,2023-11-12,82.5,9.8,55.6,1117.6,1556.0,5.3,4.9,argiloso,rural,media,0,seca,0,BAIXO,11,primavera,Sul_Campos_Planalto
Z_0959_SUD,-20.18238,-39.0192,2024-12-26,301.9,27.2,88.4,889.7,136.9,38.6,17.4,rochoso,floresta,baixa,0,vendaval,0,MÉDIO,12,verao,Sudeste_Montanhoso_Litoraneo
Z_0960_NOR,-7.86367,-55.8698,2023-08-09,264.7,24.7,77.7,4172.1,307.6,7.9,67.9,organico,floresta,baixa,0,nenhum,0,MUITO BAIXO,8,inverno,Norte_Amazonia
Z_0961_NOR,-17.99594,-44.27048,2024-03-12,26.0,35.0,63.6,483.1,508.5,27.2,2.1,arenoso,rural,baixa,0,nenhum,0,MUITO BAIXO,3,outono,Nordeste_Sertao
Z_0962_NOR,-7.6115,-45.64007,2024-11-24,58.0,22.3,27.8,199.8,322.5,13.2,15.3,rochoso,rural,alta,0,seca,0,BAIXO,11,primavera,Nordeste_Sertao
Z_0963_NOR,4.89594,-50.90476,2023-12-01,349.2,28.4,80.9,1000.4,317.1,8.4,40.2,organico,floresta,media,0,vendaval,1,MÉDIO,12,verao,Norte_Amazonia
Z_0964_SUD,-22.0248,-48.35642,2024-04-14,167.8,17.0,74.3,3360.3,325.4,53.1,4.5,rochoso,floresta,media,0,vendaval,0,BAIXO,4,outono,Sudeste_Montanhoso_Litoraneo
Z_0965_NOR,2.24109,-48.25848,2023-09-16,230.8,27.5,80.3,3235.2,426.3,5.7,3.3,organico,urbano,alta,0,inundação,0,BAIXO,9,primavera,Norte_Amazonia
Z_0966_NOR,1.23826,-55.42318,2023-01-04,414.9,30.2,88.9,2659.8,157.7,15.1,6.9,argiloso,urbano,alta,0,vendaval,0,BAIXO,1,verao,Norte_Amazonia
Z_0967_CEN,-12.21993,-48.12146,2024-09-14,171.7,32.2,36.6,420.4,249.4,21.0,1.8,arenoso,floresta,media,0,incêndio,0,BAIXO,9,primavera,CentroOeste_Cerrado_Pantanal
Z_0968_NOR,-12.67255,-43.05312,2024-08-26,16.8,26.0,11.662132471661032,368.1,255.2,25.7,16.9,rochoso,pastagem,media,0,nenhum,0,MUITO BAIXO,8,inverno,Nordeste_Sertao
Z_0969_SUD,-24.92299,-41.13356,2024-11-12,105.3,17.3,72.2,2480.2,1256.3,23.1,15.0,organico,pastagem,media,0,inundação,0,BAIXO,11,primavera,Sudeste_Montanhoso_Litoraneo
Z_0970_SUL,-25.49547,-57.45001,2024-10-23,119.9,9.1,82.1,1674.5,641.6,29.7,23.5,argiloso,pastagem,baixa,0,nenhum,0,MUITO BAIXO,10,primavera,Sul_Campos_Planalto
Z_0971_NOR,-6.46745,-62.50621,2024-06-19,274.2,35.8,98.0,2861.9,237.7,16.4,68.3,argiloso,floresta,baixa,0,inundação,0,BAIXO,6,inverno,Norte_Amazonia
Z_0972_NOR,-7.43627,-37.67933,2023-12-30,70.9,21.0,64.1,93.6,468.0,21.4,25.0,argiloso_seco,pastagem,media,0,incêndio,0,BAIXO,12,verao,Nordeste_Sertao
Z_0973_NOR,-14.79386,-45.74588,2024-09-15,89.1,34.4,57.6,494.6,190.6,29.4,8.7,arenoso,pastagem,baixa,0,seca,0,BAIXO,9,primavera,Nordeste_Sertao
Z_0974_NOR,-6.68125,-38.9852,2024-08-03,2.2,28.6,25.87710074290164,209.3,970.1,2.0,13.8,rochoso,pastagem,baixa,0,incêndio,0,BAIXO,8,inverno,Nordeste_Sertao
Z_0975_NOR,-12.65181,-44.33847,2023-06-02,6.0,23.2,10.0,10.4,560.1,1.5,3.4,argiloso_seco,rural,baixa,1,seca,0,BAIXO,6,inverno,Nordeste_Sertao
Z_0976_CEN,-20.06781,-53.34947,2024-02-18,129.5,33.5,41.2,212.2,786.5,22.5,19.4,arenoso,rural,alta,1,seca,0,BAIXO,2,verao,CentroOeste_Cerrado_Pantanal
Z_0977_NOR,1.78707,-64.60841,2024-12-05,355.3,35.5,76.3,4676.6,133.4,3.3,9.5,argiloso,floresta,baixa,0,inundação,0,BAIXO,12,verao,Norte_Amazonia
Z_0978_NOR,-8.85528,-38.06221,2023-10-16,92.6,21.6,48.3,109.7,767.9,20.0,18.7,rochoso,rural,baixa,1,seca,0,BAIXO,10,primavera,Nordeste_Sertao
Z_0979_NOR,-7.9013,-68.32071,2023-05-02,249.3,31.7,77.1,2742.5,478.5,13.9,55.4,argiloso,rural,baixa,0,inundação,0,BAIXO,5,outono,Norte_Amazonia
Z_0980_SUD,-22.48542,-49.98895,2024-08-23,265.2,32.2,42.411164811350204,4488.6,1463.7,35.9,24.1,argiloso,urbano,alta,0,deslizamento,1,ALTO,8,inverno,Sudeste_Montanhoso_Litoraneo
Z_0981_CEN,-14.65209,-51.67213,2024-09-05,95.8,32.3,36.3,331.3,168.0,7.7,1.6,latossolo,area_umida,baixa,0,nenhum,0,MUITO BAIXO,9,primavera,CentroOeste_Cerrado_Pantanal
Z_0982_SUL,-22.61942,-49.23613,2023-09-18,195.7,22.1,77.4,4779.6,121.6,20.6,6.0,organico,rural,alta,0,nenhum,0,MUITO BAIXO,9,primavera,Sul_Campos_Planalto
Z_0983_CEN,-23.39002,-48.98573,2024-11-06,103.4,26.1,31.0,444.8,760.7,9.0,11.7,latossolo,pastagem,media,0,nenhum,0,MUITO BAIXO,11,primavera,CentroOeste_Cerrado_Pantanal
Z_0984_NOR,-9.46163,-66.33764,2024-12-29,381.0,30.0,97.2,1371.5,6.6,11.4,49.9,arenoso,urbano,alta,0,inundação,0,MÉDIO,12,verao,Norte_Amazonia
Z_0985_NOR,-11.04878,-39.62771,2023-06-14,2.7,22.9,23.393270618630954,479.1,685.4,22.6,2.5,rochoso,pastagem,baixa,0,nenhum,0,MUITO BAIXO,6,inverno,Nordeste_Sertao
Z_0986_NOR,-4.06094,-63.88483,2024-07-13,403.0,31.9,80.9,2245.2,85.5,17.0,70.4,argiloso,floresta,baixa,0,nenhum,0,MUITO BAIXO,7,inverno,Norte_Amazonia
Z_0987_SUD,-22.20711,-42.06613,2024-06-10,248.8,19.1,31.008546743481205,292.9,1614.7,58.8,2.1,organico,floresta,baixa,0,deslizamento,1,ALTO,6,inverno,Sudeste_Montanhoso_Litoraneo
Z_0988_SUL,-29.69067,-51.98333,2023-05-14,218.3,11.5,47.6,1199.8,981.1,13.3,6.7,argiloso,floresta,media,0,nenhum,0,MUITO BAIXO,5,outono,Sul_Campos_Planalto
Z_0989_NOR,-6.07232,-54.84908,2024-03-12,277.3,37.0,88.1,4704.3,164.3,12.1,63.6,argiloso,urbano,alta,2,nenhum,0,MUITO BAIXO,3,outono,Norte_Amazonia
Z_0990_SUL,-32.00409,-54.43158,2023-11-15,171.1,6.9,59.7,4621.1,1007.9,17.4,0.2,organico,rural,media,1,seca,0,BAIXO,11,primavera,Sul_Campos_Planalto
Z_0991_SUD,-23.69328,-42.08736,2024-01-28,233.1,22.6,68.6,1528.4,2454.9,50.5,10.4,rochoso,floresta,baixa,1,nenhum,0,MUITO BAIXO,1,verao,Sudeste_Montanhoso_Litoraneo
Z_0992_CEN,-6.58404,-54.25771,2023-02-24,82.9,27.4,47.4,195.7,465.8,17.4,5.8,latossolo,rural,alta,0,nenhum,0,MUITO BAIXO,2,verao,CentroOeste_Cerrado_Pantanal
Z_0993_NOR,-12.98257,-37.93741,2023-02-18,38.6,21.8,41.8,464.3,925.7,18.6,17.9,rochoso,rural,media,0,incêndio,0,BAIXO,2,verao,Nordeste_Sertao
Z_0994_SUD,-22.75874,-48.25449,2024-11-21,224.9,18.2,59.0,2213.6,1445.1,53.1,18.8,rochoso,pastagem,baixa,0,vendaval,0,BAIXO,11,primavera,Sudeste_Montanhoso_Litoraneo
Z_0995_SUD,-20.42972,-42.95701,2023-04-09,236.0,15.8,90.3,2676.1,1840.6,22.3,19.9,argiloso,urbano,alta,0,nenhum,0,MUITO BAIXO,4,outono,Sudeste_Montanhoso_Litoraneo
Z_0996_NOR,-1.93957,-49.00901,2023-09-16,414.6,35.8,82.2,2581.1,271.3,18.4,8.7,organico,urbano,alta,0,nenhum,0,MUITO BAIXO,9,primavera,Norte_Amazonia
Z_0997_NOR,-17.35441,-45.47407,2023-09-16,20.8,40.6,42.6,242.1,926.5,9.9,1.9,argiloso_seco,pastagem,baixa,0,nenhum,0,MUITO BAIXO,9,primavera,Nordeste_Sertao
Z_0998_NOR,-4.8858,-56.42321,2024-02-25,397.2,31.9,76.5,1661.4,255.4,1.2,46.6,organico,area_umida,baixa,0,inundação,0,MÉDIO,2,verao,Norte_Amazonia
Z_0999_SUD,-19.48926,-48.34745,2024-12-05,282.8,26.5,82.1,2607.5,742.6,34.4,29.5,organico,urbano,media,0,deslizamento,0,MÉDIO,12,verao,Sudeste_Montanhoso_Litoraneo
Z_1000_SUD,-18.26396,-41.47076,2023-05-25,157.7,34.3,88.0,1559.0,1683.7,38.4,29.4,organico,floresta,baixa,0,deslizamento,0,MÉDIO,5,outono,Sudeste_Montanhoso_Litoraneo
Z_1001_SUD,-21.98788,-48.11772,2024-05-14,210.0,21.2,72.1,519.3,2241.2,25.9,2.7,organico,rural,baixa,0,deslizamento,0,BAIXO,5,outono,Sudeste_Montanhoso_Litoraneo
Z_1002_NOR,-11.89967,-42.5477,2024-01-10,17.2,34.7,56.0,154.2,810.9,21.5,17.5,argiloso_seco,pastagem,baixa,0,nenhum,0,MUITO BAIXO,1,verao,Nordeste_Sertao
Z_1003_SUL,-22.28788,-52.80877,2024-02-20,196.7,16.9,47.2,2567.6,634.9,7.1,25.9,organico,floresta,media,0,nenhum,0,MUITO BAIXO,2,verao,Sul_Campos_Planalto
Z_1004_SUD,-18.11363,-49.55576,2024-11-15,339.1,31.4,67.9,3849.9,1472.8,6.9,25.3,argiloso,urbano,media,1,nenhum,0,MUITO BAIXO,11,primavera,Sudeste_Montanhoso_Litoraneo
Z_1005_SUL,-23.05546,-53.80176,2024-01-19,236.3,21.7,69.1,1578.2,1510.9,4.4,9.0,argiloso,floresta,media,0,nenhum,0,MUITO BAIXO,1,verao,Sul_Campos_Planalto
Z_1006_CEN,-11.03784,-56.27289,2024-12-31,146.8,32.3,30.0,62.3,554.5,20.7,21.0,latossolo,area_umida,media,0,inundação,0,BAIXO,12,verao,CentroOeste_Cerrado_Pantanal
Z_1007_NOR,0.13888,-70.12636,2023-09-28,158.4,25.9,86.4,319.2,335.7,5.3,44.2,arenoso,urbano,alta,0,nenhum,0,MUITO BAIXO,9,primavera,Norte_Amazonia
Z_1008_SUD,-22.11259,-42.83326,2024-02-09,344.8,30.1,65.3,4616.8,735.2,14.2,15.9,organico,floresta,baixa,0,inundação,0,BAIXO,2,verao,Sudeste_Montanhoso_Litoraneo
Z_1009_CEN,-15.49099,-60.86726,2024-03-11,116.7,35.3,35.4,441.6,683.3,12.7,28.0,arenoso,rural,baixa,0,inundação,0,BAIXO,3,outono,CentroOeste_Cerrado_Pantanal
Z_1010_NOR,-14.2235,-42.79711,2023-12-28,79.6,29.4,20.8,27.9,1000.0,21.9,14.9,rochoso,rural,baixa,0,nenhum,0,MUITO BAIXO,12,verao,Nordeste_Sertao
Z_1011_SUL,-22.1511,-53.11376,2023-06-29,165.9,29.3,42.99758692975331,1892.3,1255.1,27.1,28.2,arenoso_argiloso,rural,media,0,vendaval,0,BAIXO,6,inverno,Sul_Campos_Planalto
Z_1012_NOR,-1.41893,-58.14023,2023-10-12,379.1,33.0,86.8,304.4,434.5,6.4,65.7,organico,rural,media,0,nenhum,0,MUITO BAIXO,10,primavera,Norte_Amazonia
Z_1013_SUD,-21.31893,-44.44175,2023-10-31,298.0,18.0,54.5,4216.9,1526.0,21.6,25.6,argiloso,urbano,alta,0,vendaval,0,BAIXO,10,primavera,Sudeste_Montanhoso_Litoraneo
Z_1014_SUD,-18.02887,-43.7911,2023-11-02,139.3,22.9,54.5,1132.5,365.4,32.1,28.7,rochoso,rural,alta,0,nenhum,0,MUITO BAIXO,11,primavera,Sudeste_Montanhoso_Litoraneo
Z_1015_SUL,-28.59277,-55.34237,2023-01-26,156.5,13.8,65.1,3857.0,1242.1,5.3,6.5,organico,floresta,media,1,vendaval,0,BAIXO,1,verao,Sul_Campos_Planalto
Z_1016_SUL,-25.7676,-49.12408,2023-12-13,193.9,6.6,72.0,2981.7,927.2,18.6,18.3,organico,rural,alta,0,seca,0,BAIXO,12,verao,Sul_Campos_Planalto
Z_1017_NOR,-10.33245,-40.00377,2023-06-22,16.4,21.3,16.511867233603716,252.3,996.1,4.6,7.7,rochoso,pastagem,alta,0,nenhum,0,MUITO BAIXO,6,inverno,Nordeste_Sertao
Z_1018_SUL,-30.58974,-53.48919,2023-02-13,159.6,26.4,52.1,4203.9,558.2,35.4,24.9,arenoso_argiloso,urbano,alta,0,nenhum,0,MUITO BAIXO,2,verao,Sul_Campos_Planalto
Z_1019_CEN,-11.62161,-46.06042,2024-09-30,163.7,22.1,63.2,452.1,55.3,14.3,2.9,arenoso,pastagem,alta,0,nenhum,0,MUITO BAIXO,9,primavera,CentroOeste_Cerrado_Pantanal
Z_1020_NOR,-9.25566,-60.9846,2023-08-13,406.1,35.8,71.7,1730.9,8.6,11.6,51.9,arenoso,floresta,baixa,0,inundação,1,MÉDIO,8,inverno,Norte_Amazonia
Z_1021_NOR,-5.98874,-41.40682,2023-01-02,76.4,27.9,48.5,411.5,365.3,23.7,7.6,rochoso,pastagem,baixa,0,nenhum,0,MUITO BAIXO,1,verao,Nordeste_Sertao
Z_1022_NOR,4.42781,-61.91151,2023-06-30,237.8,24.2,94.6,3844.8,265.5,1.6,62.2,arenoso,rural,media,0,nenhum,0,MUITO BAIXO,6,inverno,Norte_Amazonia
Z_1023_NOR,-5.9931,-72.88215,2023-08-03,176.6,26.1,91.1,3010.3,44.2,18.6,61.5,arenoso,area_umida,media,0,nenhum,0,MUITO BAIXO,8,inverno,Norte_Amazonia
Z_1024_NOR,-9.03346,-41.40079,2024-01-01,52.2,23.1,52.8,464.2,159.4,2.4,15.2,rochoso,rural,baixa,0,seca,0,BAIXO,1,verao,Nordeste_Sertao
Z_1025_SUD,-21.56416,-44.1057,2024-10-07,199.3,32.3,63.3,2800.8,1887.5,57.5,17.0,argiloso,urbano,alta,1,deslizamento,1,MÉDIO,10,primavera,Sudeste_Montanhoso_Litoraneo
Z_1026_SUD,-18.11564,-46.93899,2023-03-05,282.6,15.1,92.2,3720.1,2514.2,50.8,26.4,organico,pastagem,alta,0,deslizamento,1,ALTO,3,outono,Sudeste_Montanhoso_Litoraneo
Z_1027_SUL,-29.2367,-50.65949,2023-02-12,97.8,26.3,74.2,4685.5,344.4,8.8,18.8,arenoso_argiloso,pastagem,media,0,vendaval,0,BAIXO,2,verao,Sul_Campos_Planalto
Z_1028_NOR,-6.01641,-59.05766,2023-03-01,380.2,28.1,70.2,992.3,487.9,13.3,61.7,organico,floresta,baixa,0,nenhum,0,MUITO BAIXO,3,outono,Norte_Amazonia
Z_1029_SUD,-21.15882,-42.9182,2024-12-25,304.9,30.7,83.0,3251.8,2434.7,48.5,11.9,rochoso,rural,media,0,vendaval,0,MÉDIO,12,verao,Sudeste_Montanhoso_Litoraneo
Z_1030_NOR,-9.11667,-42.76745,2023-07-19,3.1,39.5,25.474492861732593,318.6,690.2,21.1,10.2,argiloso_seco,pastagem,media,0,incêndio,1,MÉDIO,7,inverno,Nordeste_Sertao
Z_1031_CEN,-5.8216,-51.31716,2024-02-24,175.3,22.3,32.4,247.9,1196.6,12.2,16.9,argiloso,floresta,baixa,0,seca,0,BAIXO,2,verao,CentroOeste_Cerrado_Pantanal
Z_1032_CEN,-13.63469,-48.86093,2023-11-25,146.7,24.0,65.6,132.2,988.7,6.4,11.7,argiloso,pastagem,alta,0,nenhum,0,MUITO BAIXO,11,primavera,CentroOeste_Cerrado_Pantanal
Z_1033_NOR,2.65365,-72.34623,2023-01-24,417.2,35.1,74.1,3045.3,161.1,7.5,51.7,argiloso,rural,media,0,inundação,0,BAIXO,1,verao,Norte_Amazonia
Z_1034_NOR,-8.01873,-68.60997,2023-02-04,428.1,32.0,75.5,338.8,63.4,1.6,14.4,argiloso,rural,baixa,0,inundação,0,BAIXO,2,verao,Norte_Amazonia
Z_1035_CEN,-9.64456,-49.29812,2023-01-24,129.9,24.0,54.1,287.4,303.8,11.3,22.6,argiloso,area_umida,alta,0,seca,0,BAIXO,1,verao,CentroOeste_Cerrado_Pantanal
Z_1036_SUD,-21.91257,-47.64335,2023-06-05,83.0,33.0,64.75927751471802,4064.7,142.9,39.2,3.4,argiloso,floresta,media,0,vendaval,0,MÉDIO,6,inverno,Sudeste_Montanhoso_Litoraneo
Z_1037_SUD,-18.44651,-40.79135,2024-02-17,140.9,23.5,55.2,2768.4,1658.0,37.4,8.3,rochoso,pastagem,alta,0,nenhum,0,MUITO BAIXO,2,verao,Sudeste_Montanhoso_Litoraneo
Z_1038_NOR,3.13982,-71.02829,2023-05-05,256.5,37.0,89.7,1089.6,90.9,14.5,50.4,organico,area_umida,baixa,0,inundação,0,MÉDIO,5,outono,Norte_Amazonia
Z_1039_NOR,-10.6045,-39.56353,2024-11-19,52.0,34.3,60.7,109.1,873.2,12.7,11.1,rochoso,rural,alta,0,nenhum,0,MUITO BAIXO,11,primavera,Nordeste_Sertao
Z_1040_CEN,-7.28661,-55.46431,2023-05-24,150.8,34.0,83.0,234.6,1191.2,21.1,16.3,arenoso,rural,alta,0,nenhum,0,MUITO BAIXO,5,outono,CentroOeste_Cerrado_Pantanal
Z_1041_SUD,-18.29483,-42.31858,2023-06-11,276.7,28.6,63.814555935603806,3244.7,2149.5,43.4,25.0,rochoso,rural,media,0,nenhum,0,MUITO BAIXO,6,inverno,Sudeste_Montanhoso_Litoraneo
Z_1042_NOR,-2.21055,-48.33244,2024-06-26,407.9,28.5,90.1,3354.7,257.7,8.3,12.8,organico,area_umida,baixa,0,inundação,1,MÉDIO,6,inverno,Norte_Amazonia
Z_1043_NOR,-7.80952,-37.26364,2024-07-12,23.9,29.3,35.50160603730971,481.9,867.7,28.4,8.0,rochoso,rural,media,0,nenhum,0,MUITO BAIXO,7,inverno,Nordeste_Sertao
Z_1044_SUD,-22.75454,-43.27647,2023-03-28,209.1,24.9,62.0,1284.3,2735.0,48.9,15.4,organico,pastagem,baixa,1,deslizamento,1,ALTO,3,outono,Sudeste_Montanhoso_Litoraneo
Z_1045_NOR,-3.61923,-37.73094,2023-08-11,1.7,30.6,10.0,141.9,458.0,18.5,8.8,rochoso,rural,media,1,seca,0,MÉDIO,8,inverno,Nordeste_Sertao
Z_1046_SUD,-23.37012,-47.02036,2024-04-01,144.9,15.2,52.3,4633.5,1332.7,6.5,20.9,argiloso,floresta,media,0,nenhum,0,MUITO BAIXO,4,outono,Sudeste_Montanhoso_Litoraneo
Z_1047_CEN,-11.81688,-48.55885,2024-02-16,107.4,26.5,82.6,395.3,236.4,5.3,7.7,argiloso,area_umida,media,0,inundação,0,BAIXO,2,verao,CentroOeste_Cerrado_Pantanal
Z_1048_NOR,-4.36357,-37.97326,2023-08-11,0.6,26.6,11.437864766140718,92.1,360.4,17.3,22.2,arenoso,pastagem,baixa,0,incêndio,0,BAIXO,8,inverno,Nordeste_Sertao
Z_1049_NOR,-7.25924,-59.8265,2024-12-06,258.5,22.0,99.4,3800.3,236.0,1.2,72.0,argiloso,urbano,alta,0,nenhum,0,MUITO BAIXO,12,verao,Norte_Amazonia
Z_1050_SUD,-20.63929,-44.41862,2023-02-12,247.9,28.9,90.3,4671.9,227.2,54.6,24.9,organico,rural,media,0,deslizamento,0,BAIXO,2,verao,Sudeste_Montanhoso_Litoraneo
Z_1051_NOR,-10.75132,-43.80857,2024-02-29,33.5,27.3,37.7,496.4,698.3,8.2,16.3,arenoso,pastagem,alta,0,nenhum,0,MUITO BAIXO,2,verao,Nordeste_Sertao
Z_1052_SUD,-24.8427,-39.51576,2024-10-08,230.6,18.4,60.6,3177.3,1.6,53.9,30.0,organico,rural,alta,0,nenhum,0,MUITO BAIXO,10,primavera,Sudeste_Montanhoso_Litoraneo
Z_1053_SUD,-24.8565,-47.43802,2024-02-19,250.1,30.9,77.1,1737.6,1160.5,34.0,28.9,rochoso,floresta,media,0,deslizamento,0,BAIXO,2,verao,Sudeste_Montanhoso_Litoraneo
Z_1054_NOR,-8.26156,-38.37584,2024-10-19,41.0,39.5,35.4,433.3,569.4,26.0,17.2,rochoso,pastagem,media,0,incêndio,0,BAIXO,10,primavera,Nordeste_Sertao
Z_1055_NOR,-2.08751,-45.58608,2023-04-06,80.3,40.9,54.1,453.4,570.0,24.2,9.0,argiloso_seco,pastagem,media,0,nenhum,0,MUITO BAIXO,4,outono,Nordeste_Sertao
Z_1056_SUL,-31.37069,-55.41581,2023-03-08,110.1,12.7,48.7,842.5,1597.0,23.3,15.6,argiloso,urbano,alta,0,vendaval,0,BAIXO,3,outono,Sul_Campos_Planalto
Z_1057_SUL,-31.55374,-52.33281,2024-09-15,209.5,13.0,55.9,519.2,1275.2,39.7,11.3,organico,floresta,baixa,0,deslizamento,1,ALTO,9,primavera,Sul_Campos_Planalto
Z_1058_SUL,-27.42177,-55.14489,2023-06-04,227.8,8.5,20.007086656332195,1754.6,527.5,21.3,23.0,arenoso_argiloso,rural,media,1,seca,0,BAIXO,6,inverno,Sul_Campos_Planalto
Z_1059_SUL,-29.27187,-53.59278,2023-11-18,165.9,10.2,65.9,4412.5,1562.0,31.2,22.4,argiloso,rural,baixa,0,deslizamento,0,MÉDIO,11,primavera,Sul_Campos_Planalto
Z_1060_CEN,-13.25449,-53.23484,2023-05-19,98.9,34.9,60.3,27.7,278.4,24.8,19.2,latossolo,floresta,media,1,nenhum,0,MUITO BAIXO,5,outono,CentroOeste_Cerrado_Pantanal
Z_1061_NOR,-9.86691,-37.34417,2023-03-24,72.6,29.4,49.9,146.2,342.3,19.4,24.5,argiloso_seco,rural,alta,1,nenhum,0,MUITO BAIXO,3,outono,Nordeste_Sertao
Z_1062_SUL,-30.19313,-53.75219,2023-11-15,209.7,17.3,50.0,2106.7,239.4,22.7,19.2,arenoso_argiloso,urbano,media,0,seca,0,BAIXO,11,primavera,Sul_Campos_Planalto
Z_1063_NOR,-3.17277,-49.42451,2023-08-20,299.9,36.9,92.9,4383.5,16.7,6.2,70.9,argiloso,area_umida,baixa,0,inundação,0,MÉDIO,8,inverno,Norte_Amazonia
Z_1064_CEN,-18.31655,-49.89732,2024-12-29,166.7,19.7,54.7,474.4,202.3,9.5,11.8,arenoso,area_umida,baixa,0,seca,0,BAIXO,12,verao,CentroOeste_Cerrado_Pantanal
Z_1065_NOR,-0.69433,-72.11124,2024-08-08,269.4,26.9,84.1,4220.7,36.3,4.7,21.7,arenoso,area_umida,media,0,inundação,0,MÉDIO,8,inverno,Norte_Amazonia
Z_1066_NOR,-1.4205,-64.1345,2023-09-16,313.2,25.2,90.3,1379.6,454.3,12.8,25.5,arenoso,urbano,alta,0,inundação,0,BAIXO,9,primavera,Norte_Amazonia
Z_1067_NOR,3.4572,-55.17062,2024-03-21,173.0,31.4,91.8,3730.5,335.7,17.7,54.1,organico,floresta,baixa,0,inundação,0,BAIXO,3,outono,Norte_Amazonia
Z_1068_CEN,-22.66668,-51.1648,2024-02-18,56.6,18.2,43.5,392.5,599.9,10.5,24.6,latossolo,floresta,baixa,0,incêndio,0,BAIXO,2,verao,CentroOeste_Cerrado_Pantanal
Z_1069_CEN,-21.52029,-59.93082,2024-11-28,111.5,26.1,67.1,484.7,1014.2,24.5,1.1,latossolo,floresta,baixa,0,nenhum,0,MUITO BAIXO,11,primavera,CentroOeste_Cerrado_Pantanal
Z_1070_SUD,-19.82533,-47.8788,2023-02-06,138.8,19.1,82.2,4466.5,1019.9,13.5,23.5,rochoso,floresta,baixa,0,nenhum,0,MUITO BAIXO,2,verao,Sudeste_Montanhoso_Litoraneo
Z_1071_NOR,3.2078,-72.31096,2023-06-07,350.0,37.5,95.6,2446.9,24.1,13.0,1.3,arenoso,floresta,media,0,inundação,0,BAIXO,6,inverno,Norte_Amazonia
Z_1072_SUD,-24.5831,-47.36283,2024-12-03,310.0,26.7,85.6,2828.1,1488.6,11.1,9.9,argiloso,floresta,media,0,deslizamento,0,BAIXO,12,verao,Sudeste_Montanhoso_Litoraneo
Z_1073_NOR,-3.7874,-56.3947,2024-04-22,292.0,34.5,72.8,3536.2,206.7,12.7,6.6,organico,floresta,baixa,0,vendaval,0,BAIXO,4,outono,Norte_Amazonia
Z_1074_SUL,-28.9419,-54.64166,2024-06-30,111.5,11.7,43.47554789987509,3907.3,922.8,5.4,20.1,organico,floresta,baixa,0,seca,0,BAIXO,6,inverno,Sul_Campos_Planalto
Z_1075_NOR,-5.94616,-73.85057,2024-09-05,433.0,34.6,87.7,3352.1,74.9,0.1,28.8,organico,floresta,baixa,0,inundação,0,MÉDIO,9,primavera,Norte_Amazonia
Z_1076_SUD,-21.20732,-43.60182,2024-11-14,348.8,29.4,72.7,2523.0,1812.8,56.6,5.6,rochoso,rural,baixa,0,vendaval,0,BAIXO,11,primavera,Sudeste_Montanhoso_Litoraneo
Z_1077_SUL,-32.05657,-49.17063,2023-11-19,170.9,15.5,59.7,734.0,958.8,37.1,4.8,argiloso,urbano,alta,0,deslizamento,0,MÉDIO,11,primavera,Sul_Campos_Planalto
Z_1078_NOR,-10.29955,-44.08989,2024-03-28,95.7,41.3,35.6,270.1,299.2,23.6,29.9,rochoso,rural,media,1,seca,0,BAIXO,3,outono,Nordeste_Sertao
Z_1079_SUL,-26.08278,-56.71703,2023-05-23,226.0,8.1,42.0,3161.4,604.1,31.5,9.4,argiloso,urbano,alta,0,deslizamento,0,MÉDIO,5,outono,Sul_Campos_Planalto
Z_1080_SUL,-23.4288,-54.35641,2024-12-19,232.9,10.9,69.3,4192.3,302.5,13.9,28.2,argiloso,floresta,baixa,0,seca,0,BAIXO,12,verao,Sul_Campos_Planalto
Z_1081_SUD,-19.84062,-39.9808,2023-03-28,323.2,23.7,89.7,1461.7,1206.4,23.1,15.8,organico,pastagem,media,0,inundação,0,BAIXO,3,outono,Sudeste_Montanhoso_Litoraneo
Z_1082_NOR,-2.58073,-43.92737,2024-04-03,99.0,30.5,56.3,422.1,297.0,14.2,28.4,arenoso,rural,media,0,nenhum,0,MUITO BAIXO,4,outono,Nordeste_Sertao
Z_1083_NOR,-2.79349,-62.24576,2024-03-08,264.9,34.5,79.4,1711.4,375.5,18.3,9.0,organico,floresta,baixa,0,vendaval,0,BAIXO,3,outono,Norte_Amazonia
Z_1084_NOR,-0.59843,-61.859,2023-03-09,182.7,35.5,96.9,1394.6,264.8,15.7,29.1,organico,rural,baixa,0,nenhum,0,MUITO BAIXO,3,outono,Norte_Amazonia
Z_1085_SUD,-19.52236,-45.11264,2024-07-11,215.5,20.9,53.47638830662367,156.4,390.7,34.9,28.8,organico,floresta,baixa,0,deslizamento,0,MÉDIO,7,inverno,Sudeste_Montanhoso_Litoraneo
Z_1086_NOR,-2.613,-61.1823,2023-04-28,305.5,34.8,87.7,2172.9,489.7,18.4,32.0,organico,floresta,media,0,nenhum,0,MUITO BAIXO,4,outono,Norte_Amazonia
Z_1087_NOR,-4.97339,-65.03703,2024-11-09,312.1,30.6,85.3,4826.0,274.2,5.5,13.3,organico,area_umida,media,0,inundação,1,MÉDIO,11,primavera,Norte_Amazonia
Z_1088_SUD,-19.83564,-44.50477,2024-08-19,312.2,28.5,25.77048583827799,3670.1,1277.8,7.6,11.6,argiloso,pastagem,alta,0,vendaval,0,BAIXO,8,inverno,Sudeste_Montanhoso_Litoraneo
Z_1089_CEN,-23.55364,-47.97219,2024-10-13,145.8,34.9,47.3,499.3,875.4,4.6,16.2,arenoso,area_umida,media,0,inundação,0,BAIXO,10,primavera,CentroOeste_Cerrado_Pantanal
Z_1090_NOR,-11.45129,-43.13212,2023-01-08,43.8,28.3,26.2,316.3,262.8,18.1,13.5,arenoso,rural,media,2,nenhum,0,MUITO BAIXO,1,verao,Nordeste_Sertao
Z_1091_SUD,-18.01309,-46.21778,2023-11-28,108.7,26.6,54.3,360.7,974.7,17.5,18.4,argiloso,urbano,alta,0,vendaval,0,BAIXO,11,primavera,Sudeste_Montanhoso_Litoraneo
Z_1092_NOR,-8.73144,-49.62692,2023-04-17,241.4,31.0,75.9,734.9,135.5,13.2,4.6,argiloso,rural,baixa,0,inundação,0,MÉDIO,4,outono,Norte_Amazonia
Z_1093_CEN,-22.6894,-58.22477,2023-01-05,75.4,21.4,40.2,326.0,189.7,19.2,7.7,arenoso,pastagem,media,0,nenhum,0,MUITO BAIXO,1,verao,CentroOeste_Cerrado_Pantanal
Z_1094_SUD,-24.16814,-43.99836,2024-04-06,251.6,21.9,55.8,2265.5,2180.1,39.2,14.4,argiloso,rural,media,0,deslizamento,1,ALTO,4,outono,Sudeste_Montanhoso_Litoraneo
Z_1095_NOR,-1.1297,-72.31152,2023-02-26,438.4,25.7,81.0,3877.3,194.0,9.1,59.9,arenoso,urbano,media,0,inundação,0,BAIXO,2,verao,Norte_Amazonia
Z_1096_SUD,-20.86283,-48.43936,2024-05-29,251.0,23.8,64.4,4697.0,937.7,47.1,6.9,argiloso,pastagem,alta,0,deslizamento,1,ALTO,5,outono,Sudeste_Montanhoso_Litoraneo
Z_1097_SUL,-25.59369,-52.56744,2024-12-31,124.1,30.6,48.9,91.1,1624.2,27.2,27.1,organico,pastagem,media,0,nenhum,0,MUITO BAIXO,12,verao,Sul_Campos_Planalto
Z_1098_SUD,-20.11066,-44.81145,2023-02-03,259.7,15.1,76.8,4644.3,1573.4,30.0,9.5,rochoso,rural,media,0,deslizamento,0,BAIXO,2,verao,Sudeste_Montanhoso_Litoraneo
Z_1099_NOR,-5.13082,-71.18931,2023-05-14,313.9,24.7,75.8,2507.0,246.3,4.2,61.1,arenoso,rural,baixa,0,vendaval,0,BAIXO,5,outono,Norte_Amazonia
Z_1100_NOR,-6.87106,-41.51686,2024-08-28,3.4,34.3,10.0,318.4,909.3,7.8,9.6,argiloso_seco,pastagem,baixa,0,incêndio,0,BAIXO,8,inverno,Nordeste_Sertao
Z_1101_CEN,-13.15086,-56.39494,2023-07-28,23.2,22.4,47.19735361115355,326.1,1060.5,17.1,11.5,arenoso,pastagem,media,0,seca,0,BAIXO,7,inverno,CentroOeste_Cerrado_Pantanal
Z_1102_NOR,2.56613,-64.5746,2024-08-18,346.0,37.3,83.1,601.1,218.2,6.3,55.0,argiloso,floresta,baixa,0,vendaval,0,BAIXO,8,inverno,Norte_Amazonia
Z_1103_NOR,-8.66244,-68.95871,2024-12-07,407.1,27.0,96.1,1488.1,415.2,3.4,2.5,arenoso,floresta,baixa,0,inundação,1,MÉDIO,12,verao,Norte_Amazonia
Z_1104_NOR,-10.17213,-44.77773,2023-11-15,53.6,29.0,49.8,254.1,644.5,14.7,29.8,rochoso,pastagem,alta,0,incêndio,0,BAIXO,11,primavera,Nordeste_Sertao
Z_1105_NOR,-7.20779,-62.71708,2023-09-20,375.2,29.1,74.6,4592.8,210.5,9.0,59.3,argiloso,urbano,alta,0,vendaval,0,BAIXO,9,primavera,Norte_Amazonia
Z_1106_NOR,-3.95697,-43.78917,2024-08-07,3.6,25.3,41.74298367556621,149.1,470.6,2.5,23.9,arenoso,rural,baixa,0,incêndio,0,BAIXO,8,inverno,Nordeste_Sertao
Z_1107_NOR,4.1745,-55.08675,2023-07-05,348.7,27.5,72.9,2592.6,163.0,7.8,24.8,argiloso,rural,baixa,0,vendaval,1,MÉDIO,7,inverno,Norte_Amazonia
Z_1108_SUD,-18.46195,-45.30444,2023-10-02,306.3,21.7,89.0,2343.7,2546.0,35.3,5.1,organico,pastagem,media,0,nenhum,0,MUITO BAIXO,10,primavera,Sudeste_Montanhoso_Litoraneo
Z_1109_SUL,-26.51557,-56.3351,2024-06-05,203.1,31.6,39.67891513090175,2550.3,145.8,0.7,20.5,organico,urbano,media,0,nenhum,0,MUITO BAIXO,6,inverno,Sul_Campos_Planalto
Z_1110_SUD,-23.86291,-46.8617,2023-08-09,130.3,17.9,52.71225661322315,1659.2,1729.9,59.6,17.4,rochoso,pastagem,alta,0,nenhum,0,MUITO BAIXO,8,inverno,Sudeste_Montanhoso_Litoraneo
Z_1111_NOR,-8.72413,-48.66377,2023-12-16,433.9,30.6,83.1,4407.5,333.4,19.7,16.9,argiloso,rural,media,0,inundação,0,BAIXO,12,verao,Norte_Amazonia
Z_1112_NOR,-2.51092,-49.23023,2024-05-30,216.3,32.8,73.6,3025.1,226.5,4.7,55.1,organico,area_umida,baixa,0,inundação,0,MÉDIO,5,outono,Norte_Amazonia
Z_1113_SUD,-21.16887,-40.31838,2024-04-05,128.8,30.3,51.7,1975.9,1949.5,19.8,11.8,rochoso,urbano,alta,0,nenhum,0,MUITO BAIXO,4,outono,Sudeste_Montanhoso_Litoraneo
Z_1114_NOR,-3.01634,-39.53986,2024-03-26,35.6,32.8,61.8,469.1,979.6,1.0,17.0,argiloso_seco,pastagem,baixa,0,nenhum,0,MUITO BAIXO,3,outono,Nordeste_Sertao
Z_1115_SUD,-20.73178,-44.50666,2024-07-16,93.4,33.8,41.82364337207783,4579.0,640.5,26.3,28.6,rochoso,floresta,baixa,0,deslizamento,0,BAIXO,7,inverno,Sudeste_Montanhoso_Litoraneo
Z_1116_NOR,3.74651,-65.04032,2024-07-31,185.4,35.5,84.6,1854.2,85.3,6.7,72.2,argiloso,area_umida,baixa,0,inundação,0,BAIXO,7,inverno,Norte_Amazonia
Z_1117_NOR,0.39619,-49.19788,2023-05-19,239.4,23.2,88.1,2975.5,238.2,3.2,14.1,organico,rural,media,0,nenhum,0,MUITO BAIXO,5,outono,Norte_Amazonia
Z_1118_CEN,-15.78944,-52.37102,2024-04-09,121.2,35.5,80.4,48.8,151.3,3.9,6.3,latossolo,area_umida,baixa,0,inundação,0,BAIXO,4,outono,CentroOeste_Cerrado_Pantanal
Z_1119_SUD,-23.68594,-45.65138,2024-10-22,183.1,25.7,81.8,1613.5,137.6,23.8,5.3,argiloso,floresta,baixa,0,deslizamento,0,BAIXO,10,primavera,Sudeste_Montanhoso_Litoraneo
Z_1120_SUL,-28.56203,-54.39821,2023-08-06,172.5,30.2,59.376903490091514,3692.0,1616.9,19.5,8.4,arenoso_argiloso,rural,alta,0,nenhum,0,MUITO BAIXO,8,inverno,Sul_Campos_Planalto
Z_1121_NOR,1.10718,-67.55029,2024-11-23,346.1,32.0,77.3,2481.8,366.4,17.3,22.2,organico,urbano,media,0,inundação,0,BAIXO,11,primavera,Norte_Amazonia
Z_1122_SUD,-24.31124,-43.41353,2024-10-21,109.3,24.3,90.5,1122.0,1665.8,26.5,24.4,organico,floresta,baixa,0,nenhum,0,MUITO BAIXO,10,primavera,Sudeste_Montanhoso_Litoraneo
Z_1123_SUL,-28.98862,-53.81156,2023-04-24,92.9,9.7,41.6,1033.8,1784.2,9.4,12.6,organico,floresta,baixa,0,nenhum,0,MUITO BAIXO,4,outono,Sul_Campos_Planalto
Z_1124_SUD,-24.3514,-46.11146,2023-11-22,266.4,34.4,53.1,1675.5,2630.2,51.9,21.7,rochoso,pastagem,media,0,deslizamento,0,BAIXO,11,primavera,Sudeste_Montanhoso_Litoraneo
Z_1125_NOR,3.45296,-66.30887,2023-05-16,361.8,24.1,75.8,767.3,40.2,16.4,4.0,arenoso,floresta,baixa,0,nenhum,0,MUITO BAIXO,5,outono,Norte_Amazonia
Z_1126_CEN,-20.69323,-60.85191,2024-08-27,25.9,21.3,21.31861376426587,484.5,160.5,7.5,14.5,latossolo,area_umida,media,0,seca,0,BAIXO,8,inverno,CentroOeste_Cerrado_Pantanal
Z_1127_CEN,-6.58873,-47.39588,2023-11-24,130.3,25.6,75.4,210.5,163.7,14.3,11.7,arenoso,area_umida,baixa,0,inundação,0,BAIXO,11,primavera,CentroOeste_Cerrado_Pantanal
Z_1128_SUD,-21.27806,-40.86226,2023-03-03,301.8,29.9,58.9,2216.3,1819.3,14.4,17.1,rochoso,urbano,alta,0,nenhum,0,MUITO BAIXO,3,outono,Sudeste_Montanhoso_Litoraneo
Z_1129_NOR,-6.50246,-57.00034,2024-01-30,207.9,36.5,92.5,2533.3,38.3,17.2,61.0,organico,floresta,media,0,vendaval,0,BAIXO,1,verao,Norte_Amazonia
Z_1130_SUD,-23.09361,-43.83964,2023-05-20,114.7,18.7,84.5,3085.1,1795.2,14.3,17.7,argiloso,rural,baixa,0,inundação,0,BAIXO,5,outono,Sudeste_Montanhoso_Litoraneo
Z_1131_SUD,-23.27182,-46.37101,2024-10-24,333.3,34.5,86.5,3914.7,1881.0,39.2,28.9,organico,urbano,alta,0,deslizamento,1,ALTO,10,primavera,Sudeste_Montanhoso_Litoraneo
Z_1132_NOR,-12.7477,-43.18128,2023-09-07,75.7,28.4,64.7,188.2,647.0,17.8,5.5,argiloso_seco,pastagem,alta,0,incêndio,0,BAIXO,9,primavera,Nordeste_Sertao
Z_1133_CEN,-10.04181,-60.2949,2024-03-09,130.4,32.3,36.3,396.9,1176.4,18.8,5.5,arenoso,floresta,media,0,seca,0,BAIXO,3,outono,CentroOeste_Cerrado_Pantanal
Z_1134_NOR,-2.81092,-43.19041,2023-01-21,62.9,28.0,42.3,94.9,805.4,24.5,14.1,argiloso_seco,pastagem,alta,0,nenhum,0,MUITO BAIXO,1,verao,Nordeste_Sertao
Z_1135_SUD,-19.55941,-41.32515,2024-06-11,267.5,26.8,42.089400294836366,383.1,2321.4,40.4,27.2,rochoso,urbano,media,1,vendaval,0,BAIXO,6,inverno,Sudeste_Montanhoso_Litoraneo
Z_1136_NOR,-0.50656,-72.87448,2023-01-11,188.3,34.7,91.1,776.6,197.5,5.5,76.6,organico,area_umida,baixa,0,inundação,1,MÉDIO,1,verao,Norte_Amazonia
Z_1137_CEN,-10.44674,-59.96961,2024-03-01,108.0,19.9,75.7,270.7,187.4,23.4,1.1,latossolo,pastagem,baixa,0,seca,0,BAIXO,3,outono,CentroOeste_Cerrado_Pantanal
Z_1138_SUL,-32.04049,-50.43356,2024-07-25,201.6,21.1,37.873451603520685,1974.7,1013.4,19.1,7.3,organico,floresta,baixa,0,seca,0,BAIXO,7,inverno,Sul_Campos_Planalto
Z_1139_SUD,-23.98109,-40.44094,2024-12-14,133.0,30.6,51.4,4453.3,1885.8,28.4,9.9,rochoso,urbano,alta,0,nenhum,0,MUITO BAIXO,12,verao,Sudeste_Montanhoso_Litoraneo
Z_1140_NOR,-1.15843,-57.29427,2023-12-09,372.9,32.0,95.5,948.1,389.3,3.4,33.0,argiloso,floresta,media,0,inundação,0,BAIXO,12,verao,Norte_Amazonia
Z_1141_SUD,-18.46478,-46.75722,2023-03-07,84.9,20.6,81.4,4448.6,682.1,39.5,2.4,organico,floresta,baixa,0,nenhum,0,MUITO BAIXO,3,outono,Sudeste_Montanhoso_Litoraneo
Z_1142_CEN,-20.27517,-51.33482,2023-01-01,52.0,23.9,30.3,302.4,988.0,19.0,5.4,arenoso,area_umida,media,0,nenhum,0,MUITO BAIXO,1,verao,CentroOeste_Cerrado_Pantanal
Z_1143_NOR,-13.81143,-43.56793,2023-09-01,70.1,25.7,58.7,496.0,182.2,29.1,26.9,argiloso_seco,rural,alta,0,seca,0,BAIXO,9,primavera,Nordeste_Sertao
Z_1144_SUD,-20.29988,-40.32545,2024-09-05,100.6,15.5,72.3,2673.4,307.6,53.4,10.7,argiloso,rural,baixa,0,deslizamento,0,BAIXO,9,primavera,Sudeste_Montanhoso_Litoraneo
Z_1145_SUD,-23.99613,-46.82481,2023-12-02,82.3,34.3,81.3,3507.4,2160.0,15.4,28.8,argiloso,urbano,media,0,nenhum,0,MUITO BAIXO,12,verao,Sudeste_Montanhoso_Litoraneo
Z_1146_NOR,-17.21299,-45.8654,2023-05-03,8.9,23.0,23.8,278.9,611.3,9.9,28.1,arenoso,rural,alta,0,incêndio,0,BAIXO,5,outono,Nordeste_Sertao
Z_1147_NOR,-6.72211,-70.22703,2024-07-10,180.8,32.3,83.9,3535.5,269.9,8.4,50.2,arenoso,floresta,baixa,0,nenhum,0,MUITO BAIXO,7,inverno,Norte_Amazonia
Z_1148_CEN,-15.16225,-46.78761,2023-06-13,0.9,20.6,50.76585319758192,485.3,664.5,13.7,28.4,argiloso,floresta,media,0,incêndio,0,BAIXO,6,inverno,CentroOeste_Cerrado_Pantanal
Z_1149_NOR,-2.20662,-39.73806,2024-07-31,2.7,41.3,37.17537163022031,188.9,846.6,23.6,25.6,arenoso,rural,alta,1,incêndio,0,MÉDIO,7,inverno,Nordeste_Sertao
Z_1150_NOR,-2.14019,-54.15198,2023-02-05,291.6,35.4,98.3,1426.4,360.7,0.9,0.8,arenoso,rural,baixa,0,inundação,1,ALTO,2,verao,Norte_Amazonia
Z_1151_SUL,-25.0553,-53.63904,2023-07-18,188.3,5.9,65.45863621743439,455.3,1153.4,3.6,19.7,arenoso_argiloso,rural,alta,0,nenhum,0,MUITO BAIXO,7,inverno,Sul_Campos_Planalto
Z_1152_CEN,-20.9703,-50.75878,2023-01-15,125.1,18.5,34.7,25.6,687.4,0.1,6.2,latossolo,pastagem,baixa,0,inundação,0,BAIXO,1,verao,CentroOeste_Cerrado_Pantanal
Z_1153_SUL,-22.66314,-51.12644,2024-04-13,95.4,10.3,62.2,1173.5,869.8,26.2,7.0,argiloso,urbano,alta,0,seca,0,BAIXO,4,outono,Sul_Campos_Planalto
Z_1154_NOR,3.6937,-69.04105,2023-07-26,394.0,31.6,73.2,1821.7,272.8,2.9,37.6,argiloso,rural,baixa,0,vendaval,0,BAIXO,7,inverno,Norte_Amazonia
Z_1155_SUL,-31.59906,-51.4855,2023-05-14,126.4,19.7,78.0,2688.5,124.9,1.0,20.6,argiloso,urbano,alta,0,nenhum,0,MUITO BAIXO,5,outono,Sul_Campos_Planalto
Z_1156_NOR,-4.63883,-63.57716,2023-10-22,192.6,33.8,83.3,2303.7,340.4,4.8,60.8,arenoso,floresta,baixa,1,inundação,0,BAIXO,10,primavera,Norte_Amazonia
Z_1157_NOR,-6.24922,-39.99551,2023-12-28,8.8,25.4,31.4,61.8,712.6,11.0,19.6,argiloso_seco,rural,alta,0,nenhum,0,MUITO BAIXO,12,verao,Nordeste_Sertao
Z_1158_CEN,-9.05041,-51.73665,2023-06-23,30.4,22.5,31.930934089008076,246.4,1085.6,14.8,23.0,arenoso,floresta,baixa,0,incêndio,0,BAIXO,6,inverno,CentroOeste_Cerrado_Pantanal
Z_1159_SUL,-33.20234,-53.30763,2024-08-13,85.2,12.1,12.965849396074802,844.8,1122.8,6.7,3.5,arenoso_argiloso,rural,baixa,0,nenhum,0,MUITO BAIXO,8,inverno,Sul_Campos_Planalto
Z_1160_SUD,-18.12404,-43.50069,2023-11-19,272.9,23.6,92.6,4761.0,1555.4,57.6,14.5,rochoso,rural,media,0,deslizamento,0,BAIXO,11,primavera,Sudeste_Montanhoso_Litoraneo
Z_1161_SUL,-27.79476,-57.78979,2024-06-07,194.7,10.3,62.18491033991229,1415.9,66.7,13.7,3.4,argiloso,pastagem,media,0,inundação,0,BAIXO,6,inverno,Sul_Campos_Planalto
Z_1162_SUD,-20.28661,-44.49238,2024-06-16,96.1,28.0,46.687559948306195,480.4,2403.1,16.2,8.2,rochoso,rural,baixa,0,deslizamento,0,BAIXO,6,inverno,Sudeste_Montanhoso_Litoraneo
Z_1163_NOR,-2.89593,-38.18143,2024-10-16,19.1,40.9,67.9,62.7,921.7,25.8,24.4,argiloso_seco,rural,baixa,0,nenhum,0,MUITO BAIXO,10,primavera,Nordeste_Sertao
Z_1164_NOR,-9.27953,-50.57498,2023-03-17,326.5,24.2,74.0,524.3,286.9,0.8,33.3,argiloso,urbano,alta,0,nenhum,0,MUITO BAIXO,3,outono,Norte_Amazonia
Z_1165_NOR,-8.26296,-68.33698,2023-02-11,171.8,35.5,82.4,1007.1,218.7,14.1,78.8,arenoso,rural,media,1,inundação,0,BAIXO,2,verao,Norte_Amazonia
Z_1166_SUD,-18.5819,-48.17667,2023-03-25,132.7,23.1,92.6,1891.8,20.0,10.0,20.6,organico,urbano,alta,0,nenhum,0,MUITO BAIXO,3,outono,Sudeste_Montanhoso_Litoraneo
Z_1167_SUL,-32.82738,-54.00798,2024-12-23,189.8,18.3,66.3,4043.0,1336.5,10.2,6.4,arenoso_argiloso,pastagem,media,0,inundação,0,BAIXO,12,verao,Sul_Campos_Planalto
Z_1168_NOR,-3.951,-61.60996,2024-12-06,221.3,29.0,79.5,3366.7,54.4,13.8,56.6,organico,urbano,alta,0,inundação,0,MÉDIO,12,verao,Norte_Amazonia
Z_1169_SUL,-29.71464,-56.08675,2024-07-07,133.4,7.4,61.992383518324445,2586.6,1532.2,5.9,23.1,argiloso,urbano,alta,0,inundação,0,BAIXO,7,inverno,Sul_Campos_Planalto
Z_1170_NOR,-2.83356,-68.76504,2023-01-29,306.8,33.6,70.4,4073.9,449.9,9.6,10.5,argiloso,area_umida,baixa,0,inundação,0,MÉDIO,1,verao,Norte_Amazonia
Z_1171_CEN,-23.54658,-54.14044,2024-03-25,92.4,30.6,76.5,398.7,1084.8,20.2,11.0,argiloso,floresta,baixa,0,inundação,0,BAIXO,3,outono,CentroOeste_Cerrado_Pantanal
Z_1172_NOR,-6.6215,-38.00193,2024-02-09,51.9,41.8,68.3,266.9,984.8,28.4,27.1,rochoso,rural,baixa,0,incêndio,0,BAIXO,2,verao,Nordeste_Sertao
Z_1173_NOR,-7.48815,-43.91946,2023-06-26,21.9,38.3,34.384118146324404,458.3,730.9,15.1,26.2,rochoso,pastagem,media,0,incêndio,1,MÉDIO,6,inverno,Nordeste_Sertao
Z_1174_CEN,-14.51183,-47.87364,2024-02-09,59.4,20.6,73.9,52.8,861.5,18.6,16.4,latossolo,rural,baixa,0,seca,0,BAIXO,2,verao,CentroOeste_Cerrado_Pantanal
Z_1175_NOR,-8.11389,-69.61915,2023-10-13,248.6,24.1,85.3,3047.9,388.7,17.1,51.0,arenoso,area_umida,baixa,0,nenhum,0,MUITO BAIXO,10,primavera,Norte_Amazonia
Z_1176_NOR,-9.30163,-37.53035,2024-04-08,71.7,40.4,54.6,266.2,302.2,27.3,11.9,rochoso,rural,alta,0,nenhum,0,MUITO BAIXO,4,outono,Nordeste_Sertao
Z_1177_CEN,-17.67022,-58.83087,2023-11-22,194.9,29.3,62.7,166.3,705.4,13.2,24.3,latossolo,area_umida,alta,0,inundação,0,MÉDIO,11,primavera,CentroOeste_Cerrado_Pantanal
Z_1178_NOR,4.87798,-57.94603,2023-09-23,211.0,23.4,94.1,3889.3,235.3,6.4,8.8,argiloso,floresta,baixa,1,incêndio,0,BAIXO,9,primavera,Norte_Amazonia
Z_1179_NOR,1.91285,-49.57604,2023-01-01,384.1,25.3,99.9,510.0,287.1,17.2,64.2,arenoso,rural,baixa,0,incêndio,0,BAIXO,1,verao,Norte_Amazonia
Z_1180_NOR,-13.64194,-38.06703,2023-09-21,23.1,41.0,38.3,146.8,939.8,4.6,18.3,rochoso,pastagem,alta,0,incêndio,1,MÉDIO,9,primavera,Nordeste_Sertao
Z_1181_NOR,-0.10385,-62.68516,2024-07-03,301.9,23.1,83.6,1199.4,246.9,6.2,24.6,argiloso,urbano,alta,0,incêndio,0,BAIXO,7,inverno,Norte_Amazonia
Z_1182_SUD,-21.96445,-46.43517,2024-10-19,175.9,28.1,79.3,1910.5,1396.2,56.3,25.3,rochoso,pastagem,media,0,vendaval,0,BAIXO,10,primavera,Sudeste_Montanhoso_Litoraneo
Z_1183_CEN,-21.0037,-50.11565,2023-03-10,189.4,29.1,55.9,194.3,473.0,15.3,19.5,arenoso,area_umida,baixa,1,seca,0,BAIXO,3,outono,CentroOeste_Cerrado_Pantanal
Z_1184_NOR,-15.31505,-39.01067,2023-01-31,46.3,33.1,23.8,226.2,945.0,22.6,3.5,arenoso,pastagem,baixa,0,nenhum,0,MUITO BAIXO,1,verao,Nordeste_Sertao
Z_1185_NOR,-4.80167,-54.34398,2024-06-22,206.3,37.8,87.7,1819.5,445.6,13.1,11.5,organico,urbano,alta,0,nenhum,0,MUITO BAIXO,6,inverno,Norte_Amazonia
Z_1186_SUD,-19.45375,-44.73054,2023-04-24,219.3,33.0,64.1,4184.2,1230.0,23.1,0.4,argiloso,urbano,alta,0,vendaval,0,MÉDIO,4,outono,Sudeste_Montanhoso_Litoraneo
Z_1187_CEN,-23.11697,-59.74071,2024-04-12,192.2,19.8,39.7,208.2,536.8,20.5,29.4,argiloso,rural,media,0,nenhum,0,MUITO BAIXO,4,outono,CentroOeste_Cerrado_Pantanal
Z_1188_NOR,1.68403,-50.23588,2024-05-29,372.4,25.0,74.6,3563.2,117.8,4.8,75.4,argiloso,rural,media,0,nenhum,0,MUITO BAIXO,5,outono,Norte_Amazonia
Z_1189_SUL,-26.06995,-53.03989,2023-10-13,85.0,16.9,87.8,2930.0,1764.8,33.5,7.8,organico,floresta,baixa,0,seca,1,BAIXO,10,primavera,Sul_Campos_Planalto
Z_1190_SUD,-24.53352,-49.36891,2024-10-13,124.8,31.3,73.9,134.2,1858.3,53.9,11.8,organico,rural,alta,1,inundação,0,BAIXO,10,primavera,Sudeste_Montanhoso_Litoraneo
Z_1191_NOR,-4.72382,-70.44186,2024-07-21,430.5,23.5,91.8,2139.6,343.5,7.4,78.3,organico,area_umida,baixa,0,inundação,0,MÉDIO,7,inverno,Norte_Amazonia
Z_1192_NOR,-4.46907,-45.91071,2024-07-06,8.3,29.5,26.926112567635244,105.7,830.3,9.1,28.4,argiloso_seco,rural,alta,0,nenhum,0,MUITO BAIXO,7,inverno,Nordeste_Sertao
Z_1193_NOR,-6.38631,-67.0128,2024-12-10,282.1,27.9,76.8,3980.5,429.0,17.4,71.1,organico,urbano,alta,0,nenhum,0,MUITO BAIXO,12,verao,Norte_Amazonia
Z_1194_NOR,-7.92743,-67.56997,2024-08-25,228.7,27.6,83.5,117.6,263.8,18.1,1.4,argiloso,floresta,baixa,0,vendaval,0,BAIXO,8,inverno,Norte_Amazonia
Z_1195_NOR,-5.36345,-67.01401,2023-03-25,333.6,36.1,99.1,3476.5,90.9,5.1,68.7,arenoso,area_umida,media,0,inundação,1,MÉDIO,3,outono,Norte_Amazonia
Z_1196_SUD,-23.03238,-49.19133,2023-04-24,257.8,33.7,63.6,2836.9,2060.4,20.4,17.7,rochoso,urbano,alta,0,vendaval,0,BAIXO,4,outono,Sudeste_Montanhoso_Litoraneo
Z_1197_NOR,0.62311,-49.90263,2024-06-26,291.6,32.1,80.9,4426.3,49.0,2.7,43.8,arenoso,area_umida,media,0,inundação,0,BAIXO,6,inverno,Norte_Amazonia
Z_1198_CEN,-16.96712,-55.5609,2023-12-16,95.9,23.6,45.2,290.2,295.2,1.5,28.6,latossolo,pastagem,media,1,seca,0,BAIXO,12,verao,CentroOeste_Cerrado_Pantanal
Z_1199_SUL,-27.25025,-48.6062,2023-12-02,131.8,24.9,43.0,2626.0,290.0,23.9,19.2,organico,urbano,alta,0,vendaval,0,BAIXO,12,verao,Sul_Campos_Planalto
Z_1200_SUD,-20.15667,-47.77465,2023-12-01,169.0,28.5,69.6,850.0,1618.1,27.3,14.9,rochoso,floresta,media,0,vendaval,0,BAIXO,12,verao,Sudeste_Montanhoso_Litoraneo
Z_1201_SUL,-23.35465,-55.90794,2023-07-05,87.8,14.8,71.87034155486882,4612.7,945.9,17.1,19.6,arenoso_argiloso,pastagem,media,0,seca,0,BAIXO,7,inverno,Sul_Campos_Planalto
Z_1202_NOR,-14.89592,-40.85358,2023-07-11,0.7,25.4,28.68799894441083,313.0,414.3,29.7,22.7,rochoso,rural,media,0,nenhum,0,MUITO BAIXO,7,inverno,Nordeste_Sertao
Z_1203_CEN,-15.55115,-46.23919,2024-05-22,103.4,21.2,55.0,434.8,85.4,21.5,20.7,latossolo,pastagem,baixa,0,nenhum,0,MUITO BAIXO,5,outono,CentroOeste_Cerrado_Pantanal
Z_1204_CEN,-17.5818,-54.21657,2023-08-07,17.4,25.1,28.552445045663518,61.5,449.3,23.8,18.8,arenoso,floresta,baixa,0,incêndio,0,BAIXO,8,inverno,CentroOeste_Cerrado_Pantanal
Z_1205_SUL,-33.24842,-55.01168,2023-05-10,215.6,25.7,75.9,3214.1,125.1,37.9,13.0,organico,urbano,alta,1,deslizamento,1,ALTO,5,outono,Sul_Campos_Planalto
Z_1206_CEN,-12.84187,-58.60202,2023-12-30,110.3,30.8,30.1,242.6,230.8,18.7,10.1,latossolo,floresta,baixa,0,nenhum,0,MUITO BAIXO,12,verao,CentroOeste_Cerrado_Pantanal
Z_1207_NOR,-2.84213,-50.87563,2024-09-24,198.3,24.2,89.6,4915.3,413.7,5.6,38.4,organico,rural,baixa,1,nenhum,0,MUITO BAIXO,9,primavera,Norte_Amazonia
Z_1208_NOR,2.73681,-58.73118,2024-11-12,159.9,30.4,98.0,4105.9,300.4,12.6,74.9,arenoso,rural,baixa,0,inundação,0,BAIXO,11,primavera,Norte_Amazonia
Z_1209_SUL,-30.64453,-49.88691,2023-07-18,75.7,6.1,21.258101891561708,2775.0,1786.8,22.7,14.8,argiloso,pastagem,media,0,nenhum,0,MUITO BAIXO,7,inverno,Sul_Campos_Planalto
Z_1210_SUD,-18.40364,-48.31604,2023-08-30,172.0,21.9,70.2517109630397,1904.3,235.2,53.8,28.0,organico,floresta,media,0,deslizamento,0,MÉDIO,8,inverno,Sudeste_Montanhoso_Litoraneo
Z_1211_SUL,-33.32108,-55.11518,2023-10-11,90.0,29.6,87.8,2029.6,1757.2,10.7,27.1,argiloso,urbano,alta,0,nenhum,0,MUITO BAIXO,10,primavera,Sul_Campos_Planalto
Z_1212_SUL,-26.11712,-49.00967,2024-11-18,139.0,6.9,63.7,1543.3,477.1,33.9,9.9,organico,floresta,baixa,0,seca,0,BAIXO,11,primavera,Sul_Campos_Planalto
Z_1213_SUD,-24.33688,-40.80822,2023-08-12,248.7,23.3,23.106265130592757,3316.6,2293.2,48.8,2.9,argiloso,pastagem,baixa,0,deslizamento,0,BAIXO,8,inverno,Sudeste_Montanhoso_Litoraneo
Z_1214_NOR,-1.7119,-67.54307,2023-03-23,235.7,29.5,81.3,1888.6,388.6,7.6,42.2,organico,floresta,media,0,nenhum,0,MUITO BAIXO,3,outono,Norte_Amazonia
Z_1215_CEN,-19.14709,-54.82383,2024-12-06,56.3,19.2,79.5,303.6,182.3,17.7,3.0,arenoso,pastagem,alta,0,seca,0,BAIXO,12,verao,CentroOeste_Cerrado_Pantanal
Z_1216_NOR,1.89593,-54.45796,2023-10-12,399.2,37.0,77.4,3526.7,370.5,14.8,41.7,arenoso,urbano,alta,0,vendaval,0,MÉDIO,10,primavera,Norte_Amazonia
Z_1217_SUL,-23.87367,-48.94143,2023-03-31,132.3,20.6,49.9,1956.9,1006.8,35.2,15.9,arenoso_argiloso,floresta,baixa,0,seca,0,BAIXO,3,outono,Sul_Campos_Planalto
Z_1218_SUL,-23.31522,-57.98424,2023-08-26,118.5,20.0,39.06650776535598,410.4,662.9,39.3,26.9,argiloso,pastagem,baixa,0,nenhum,0,MUITO BAIXO,8,inverno,Sul_Campos_Planalto
Z_1219_NOR,-17.4555,-40.44194,2023-01-29,19.7,32.2,21.5,59.8,387.7,14.3,26.2,arenoso,pastagem,media,0,incêndio,0,MÉDIO,1,verao,Nordeste_Sertao
Z_1220_SUD,-19.74196,-39.4082,2024-05-12,166.4,26.2,82.0,3632.1,2344.1,30.6,23.4,rochoso,floresta,media,0,nenhum,0,MUITO BAIXO,5,outono,Sudeste_Montanhoso_Litoraneo
Z_1221_NOR,2.67626,-66.72663,2023-12-25,322.1,25.6,82.2,297.2,88.4,12.3,37.2,argiloso,urbano,media,0,inundação,1,MÉDIO,12,verao,Norte_Amazonia
Z_1222_NOR,-8.68019,-63.5614,2023-08-13,268.1,23.2,92.8,4707.0,385.6,2.5,37.5,argiloso,urbano,alta,0,nenhum,0,MUITO BAIXO,8,inverno,Norte_Amazonia
Z_1223_NOR,-2.44012,-40.5892,2024-06-17,12.5,37.2,24.565864161199467,293.2,136.9,11.8,3.5,rochoso,rural,alta,0,incêndio,1,ALTO,6,inverno,Nordeste_Sertao
Z_1224_CEN,-15.00908,-60.96972,2023-04-12,113.6,25.9,59.7,325.3,298.9,5.6,25.9,latossolo,area_umida,baixa,0,nenhum,0,MUITO BAIXO,4,outono,CentroOeste_Cerrado_Pantanal
Z_1225_SUD,-18.18741,-43.27008,2023-07-19,216.2,21.2,43.43106182592386,3962.7,367.0,41.1,26.4,argiloso,pastagem,alta,0,nenhum,0,MUITO BAIXO,7,inverno,Sudeste_Montanhoso_Litoraneo
Z_1226_SUL,-28.7604,-57.48345,2023-07-18,238.8,7.7,42.166970373183794,2168.6,168.4,21.5,4.4,argiloso,rural,alta,0,vendaval,0,BAIXO,7,inverno,Sul_Campos_Planalto
Z_1227_SUL,-24.62296,-53.4113,2023-05-22,234.0,10.4,54.9,1223.0,1238.8,17.3,20.4,organico,pastagem,media,0,inundação,0,BAIXO,5,outono,Sul_Campos_Planalto
Z_1228_NOR,-12.65522,-39.78354,2024-05-05,53.9,25.1,20.1,229.1,780.2,16.7,29.5,rochoso,rural,baixa,0,incêndio,0,BAIXO,5,outono,Nordeste_Sertao
Z_1229_NOR,1.2719,-73.28941,2023-01-06,296.5,23.1,98.2,2355.6,164.2,13.4,61.1,organico,floresta,baixa,0,vendaval,0,BAIXO,1,verao,Norte_Amazonia
Z_1230_CEN,-6.45057,-45.87454,2024-11-01,63.1,28.5,36.7,150.5,891.7,5.7,25.1,latossolo,floresta,baixa,0,seca,0,BAIXO,11,primavera,CentroOeste_Cerrado_Pantanal
Z_1231_SUL,-31.70013,-51.62933,2023-07-21,180.0,31.6,35.61987913121408,751.0,1075.2,18.5,17.2,argiloso,floresta,baixa,0,nenhum,0,MUITO BAIXO,7,inverno,Sul_Campos_Planalto
Z_1232_NOR,0.72138,-60.35864,2024-10-11,255.0,29.3,84.7,3380.2,71.8,9.0,31.4,arenoso,floresta,baixa,0,inundação,0,MÉDIO,10,primavera,Norte_Amazonia
Z_1233_SUL,-32.68913,-55.83894,2023-12-20,175.6,26.1,41.1,3995.1,466.7,13.0,4.3,arenoso_argiloso,rural,alta,0,vendaval,0,BAIXO,12,verao,Sul_Campos_Planalto
Z_1234_CEN,-5.97077,-45.59811,2023-01-29,77.4,37.5,47.3,66.5,464.0,21.5,9.2,argiloso,floresta,baixa,0,nenhum,0,MUITO BAIXO,1,verao,CentroOeste_Cerrado_Pantanal
Z_1235_NOR,-15.85293,-40.4454,2023-12-17,64.0,29.6,43.5,273.1,581.0,26.0,28.5,arenoso,pastagem,alta,0,nenhum,0,MUITO BAIXO,12,verao,Nordeste_Sertao
Z_1236_NOR,-7.46676,-44.99564,2023-08-14,9.3,24.3,49.78715963188672,207.4,833.3,7.8,7.4,arenoso,rural,baixa,0,seca,0,BAIXO,8,inverno,Nordeste_Sertao
Z_1237_NOR,-4.52323,-61.09605,2024-04-29,240.4,25.1,74.2,4705.6,323.7,4.0,33.1,arenoso,floresta,baixa,0,nenhum,0,MUITO BAIXO,4,outono,Norte_Amazonia
Z_1238_CEN,-18.87039,-53.35727,2024-06-17,14.1,18.2,42.48047197489234,300.7,1154.7,15.7,11.7,argiloso,floresta,media,0,inundação,0,BAIXO,6,inverno,CentroOeste_Cerrado_Pantanal
Z_1239_SUD,-23.00953,-44.25977,2024-10-01,192.3,33.3,80.2,4389.0,2461.0,52.2,2.0,rochoso,rural,baixa,1,nenhum,0,MUITO BAIXO,10,primavera,Sudeste_Montanhoso_Litoraneo
Z_1240_CEN,-13.65064,-56.85915,2023-06-11,41.2,20.5,72.51811056576135,97.0,948.4,12.0,15.3,argiloso,floresta,baixa,0,nenhum,0,MUITO BAIXO,6,inverno,CentroOeste_Cerrado_Pantanal
Z_1241_SUL,-26.94794,-53.75591,2024-06-17,239.2,17.3,65.2714251316379,877.0,360.4,37.4,13.1,argiloso,rural,media,0,nenhum,0,MUITO BAIXO,6,inverno,Sul_Campos_Planalto
Z_1242_SUD,-20.87182,-40.30666,2023-09-24,185.7,28.8,60.1,4127.3,713.8,52.8,20.8,rochoso,floresta,baixa,1,vendaval,0,BAIXO,9,primavera,Sudeste_Montanhoso_Litoraneo
Z_1243_CEN,-19.74059,-46.5077,2024-02-29,139.5,21.9,55.0,123.5,737.1,20.9,5.8,arenoso,pastagem,baixa,0,inundação,0,BAIXO,2,verao,CentroOeste_Cerrado_Pantanal
Z_1244_NOR,-10.333,-38.9055,2024-03-31,69.2,34.3,58.3,226.0,847.6,9.0,12.5,argiloso_seco,pastagem,media,0,nenhum,0,MUITO BAIXO,3,outono,Nordeste_Sertao
Z_1245_SUL,-24.93083,-56.41874,2023-09-10,189.8,15.1,57.1,912.4,645.9,13.1,27.2,arenoso_argiloso,pastagem,alta,0,nenhum,0,MUITO BAIXO,9,primavera,Sul_Campos_Planalto
Z_1246_SUD,-22.48923,-49.97979,2024-01-13,180.2,34.5,68.0,2447.1,542.6,29.0,5.4,rochoso,floresta,baixa,0,nenhum,0,MUITO BAIXO,1,verao,Sudeste_Montanhoso_Litoraneo
Z_1247_NOR,-16.18014,-39.5924,2023-04-08,30.8,20.3,21.6,214.9,277.0,18.7,6.9,argiloso_seco,pastagem,baixa,0,nenhum,0,MUITO BAIXO,4,outono,Nordeste_Sertao
Z_1248_SUD,-18.70321,-41.76322,2023-10-09,258.2,17.8,82.4,3176.4,36.4,19.8,8.4,argiloso,floresta,media,0,nenhum,0,MUITO BAIXO,10,primavera,Sudeste_Montanhoso_Litoraneo
Z_1249_NOR,-12.09769,-38.73396,2023-06-24,1.7,40.8,49.077989429035206,414.7,829.6,13.2,25.2,rochoso,pastagem,media,0,seca,0,BAIXO,6,inverno,Nordeste_Sertao
Z_1250_SUL,-29.5668,-56.5076,2023-06-23,215.5,24.5,29.142355492025764,3293.5,1443.6,17.5,2.0,arenoso_argiloso,pastagem,alta,0,nenhum,0,MUITO BAIXO,6,inverno,Sul_Campos_Planalto
Z_1251_CEN,-19.40848,-51.43749,2024-04-25,191.0,32.3,51.3,389.9,103.9,23.8,28.6,arenoso,rural,baixa,0,nenhum,0,MUITO BAIXO,4,outono,CentroOeste_Cerrado_Pantanal
Z_1252_CEN,-23.63569,-57.42196,2023-08-19,25.0,25.2,40.44696910552365,11.8,1129.9,13.6,25.8,argiloso,floresta,media,0,nenhum,0,MUITO BAIXO,8,inverno,CentroOeste_Cerrado_Pantanal
Z_1253_NOR,-6.5792,-64.80618,2024-03-23,224.0,36.7,94.2,2650.0,194.6,5.2,53.5,organico,rural,baixa,0,nenhum,0,MUITO BAIXO,3,outono,Norte_Amazonia
Z_1254_SUL,-23.06536,-49.36814,2023-03-28,113.5,13.9,48.2,1736.6,1429.3,21.4,29.7,argiloso,urbano,alta,0,vendaval,0,BAIXO,3,outono,Sul_Campos_Planalto
Z_1255_NOR,-5.23703,-42.27258,2023-08-22,1.4,36.6,36.67000378021092,166.1,811.0,1.7,25.2,argiloso_seco,pastagem,alta,0,incêndio,0,MÉDIO,8,inverno,Nordeste_Sertao
Z_1256_NOR,0.03587,-63.73071,2023-05-29,397.2,23.3,91.6,2766.8,188.2,16.2,32.1,argiloso,rural,baixa,0,nenhum,0,MUITO BAIXO,5,outono,Norte_Amazonia
Z_1257_CEN,-10.87736,-49.45661,2024-08-12,36.6,18.1,10.0,128.4,194.4,17.4,26.0,argiloso,area_umida,baixa,0,nenhum,0,MUITO BAIXO,8,inverno,CentroOeste_Cerrado_Pantanal
Z_1258_NOR,-7.22968,-41.01236,2024-02-08,74.6,38.5,36.8,156.1,959.1,7.0,15.9,argiloso_seco,pastagem,media,0,nenhum,0,MUITO BAIXO,2,verao,Nordeste_Sertao
Z_1259_NOR,-8.76868,-50.33623,2024-09-07,322.4,33.8,72.4,161.4,357.0,11.0,33.4,organico,area_umida,baixa,0,inundação,0,MÉDIO,9,primavera,Norte_Amazonia
Z_1260_NOR,-9.77358,-58.96333,2024-01-13,326.5,28.6,90.3,1108.7,441.1,3.4,33.4,organico,rural,baixa,0,vendaval,0,BAIXO,1,verao,Norte_Amazonia
Z_1261_SUL,-22.7885,-50.60562,2023-04-26,82.4,12.0,56.3,3245.9,1265.1,15.8,7.2,argiloso,floresta,baixa,1,inundação,0,BAIXO,4,outono,Sul_Campos_Planalto
Z_1262_NOR,-11.21106,-45.81597,2024-03-26,65.5,35.5,45.2,368.2,753.3,8.4,24.8,argiloso_seco,rural,alta,0,nenhum,0,MUITO BAIXO,3,outono,Nordeste_Sertao
Z_1263_SUD,-18.61753,-44.65847,2023-01-25,296.8,22.9,50.3,2183.8,1428.7,33.1,5.6,rochoso,pastagem,baixa,0,nenhum,0,MUITO BAIXO,1,verao,Sudeste_Montanhoso_Litoraneo
Z_1264_SUL,-32.43699,-55.96707,2023-10-03,97.4,20.9,56.9,4503.3,915.0,6.7,28.3,argiloso,urbano,alta,1,nenhum,0,MUITO BAIXO,10,primavera,Sul_Campos_Planalto
Z_1265_SUD,-22.33385,-39.87697,2024-10-27,165.5,26.9,77.3,748.0,756.4,36.2,24.5,organico,urbano,alta,0,deslizamento,0,MÉDIO,10,primavera,Sudeste_Montanhoso_Litoraneo
Z_1266_NOR,-9.66779,-71.17724,2024-07-24,263.1,25.1,94.1,983.0,482.9,13.2,46.0,organico,floresta,baixa,0,vendaval,0,BAIXO,7,inverno,Norte_Amazonia
Z_1267_CEN,-17.42226,-51.12628,2024-07-20,5.2,34.4,34.18759686926157,334.9,599.8,17.0,10.5,latossolo,area_umida,media,0,incêndio,0,BAIXO,7,inverno,CentroOeste_Cerrado_Pantanal
Z_1268_NOR,-10.30671,-37.72866,2024-06-10,3.4,39.4,15.442009876666052,243.2,104.4,24.7,10.6,arenoso,rural,alta,0,nenhum,0,MUITO BAIXO,6,inverno,Nordeste_Sertao
Z_1269_SUL,-29.36591,-52.82059,2023-03-09,224.5,19.3,71.5,4738.3,1153.0,34.8,14.7,organico,pastagem,baixa,0,deslizamento,1,MÉDIO,3,outono,Sul_Campos_Planalto
Z_1270_NOR,-6.00798,-60.77929,2023-10-13,268.4,29.6,80.6,2954.0,25.4,10.9,32.0,argiloso,urbano,alta,0,inundação,0,MÉDIO,10,primavera,Norte_Amazonia
Z_1271_SUD,-21.95719,-46.03316,2024-02-24,348.1,25.3,85.2,1508.7,2497.8,19.7,20.1,organico,urbano,alta,0,vendaval,0,BAIXO,2,verao,Sudeste_Montanhoso_Litoraneo
Z_1272_CEN,-13.21733,-49.7595,2023-10-07,167.7,29.5,52.4,233.7,325.0,2.7,4.8,latossolo,rural,media,0,inundação,0,BAIXO,10,primavera,CentroOeste_Cerrado_Pantanal
Z_1273_NOR,-10.40516,-38.79109,2023-01-20,55.0,23.0,26.6,214.3,154.8,26.4,15.8,rochoso,rural,alta,0,incêndio,0,BAIXO,1,verao,Nordeste_Sertao
Z_1274_CEN,-15.86008,-46.28539,2023-11-21,104.2,25.8,39.0,497.7,478.7,12.9,6.3,argiloso,pastagem,media,0,seca,0,BAIXO,11,primavera,CentroOeste_Cerrado_Pantanal
Z_1275_NOR,-12.56983,-42.13167,2024-08-12,9.1,26.1,19.986689263447023,59.4,497.8,27.5,28.4,argiloso_seco,pastagem,baixa,0,nenhum,0,MUITO BAIXO,8,inverno,Nordeste_Sertao
Z_1276_NOR,-4.70056,-65.294,2023-11-03,392.2,30.0,93.0,435.7,291.6,13.7,24.0,arenoso,floresta,baixa,0,vendaval,0,BAIXO,11,primavera,Norte_Amazonia
Z_1277_NOR,-6.97179,-64.10685,2023-04-22,366.0,31.3,93.7,3668.4,287.3,18.2,42.8,organico,rural,baixa,0,nenhum,0,MUITO BAIXO,4,outono,Norte_Amazonia
Z_1278_SUD,-24.26434,-45.50117,2023-04-26,206.6,15.4,89.1,785.2,2429.0,39.9,24.4,organico,urbano,media,0,deslizamento,1,ALTO,4,outono,Sudeste_Montanhoso_Litoraneo
Z_1279_NOR,-1.53327,-52.14936,2023-11-29,357.6,36.3,98.3,2303.6,363.4,10.9,12.3,arenoso,area_umida,baixa,0,inundação,0,MÉDIO,11,primavera,Norte_Amazonia
Z_1280_NOR,1.7248,-71.15104,2024-11-25,447.6,26.7,76.7,2159.2,181.5,19.2,12.9,argiloso,floresta,media,0,vendaval,0,BAIXO,11,primavera,Norte_Amazonia
Z_1281_NOR,-0.82358,-52.01462,2023-11-16,336.9,36.2,95.4,1583.1,71.3,4.3,79.2,arenoso,rural,baixa,0,inundação,1,MÉDIO,11,primavera,Norte_Amazonia
Z_1282_NOR,-16.03295,-40.56367,2023-07-29,8.1,20.7,10.0,167.7,630.7,13.6,5.3,arenoso,rural,baixa,0,nenhum,0,MUITO BAIXO,7,inverno,Nordeste_Sertao
Z_1283_NOR,-6.17374,-65.38801,2024-06-07,443.6,32.2,71.8,1333.0,109.4,10.6,75.3,organico,floresta,baixa,0,incêndio,0,BAIXO,6,inverno,Norte_Amazonia
Z_1284_NOR,0.05251,-49.6225,2024-02-23,256.0,26.6,95.3,4863.2,252.5,4.8,30.6,organico,rural,baixa,0,nenhum,0,MUITO BAIXO,2,verao,Norte_Amazonia
Z_1285_SUL,-23.27626,-54.90993,2023-06-27,157.5,18.3,27.970343516986894,2287.9,1068.0,21.0,28.9,argiloso,rural,baixa,1,seca,0,BAIXO,6,inverno,Sul_Campos_Planalto
Z_1286_SUL,-33.56467,-57.70083,2023-11-21,95.5,11.1,50.5,2109.7,238.0,23.7,26.6,arenoso_argiloso,floresta,media,0,vendaval,0,BAIXO,11,primavera,Sul_Campos_Planalto
Z_1287_SUD,-24.19522,-39.87957,2024-12-04,236.2,26.7,57.5,3348.8,2481.2,46.1,14.9,argiloso,floresta,baixa,0,deslizamento,1,ALTO,12,verao,Sudeste_Montanhoso_Litoraneo
Z_1288_CEN,-22.66737,-59.95509,2024-10-12,141.4,28.0,72.2,58.3,450.6,0.2,20.5,arenoso,pastagem,alta,0,inundação,0,BAIXO,10,primavera,CentroOeste_Cerrado_Pantanal
Z_1289_SUL,-31.60881,-49.09887,2023-05-20,137.2,9.2,81.3,4646.2,1751.7,32.6,2.5,argiloso,rural,alta,0,nenhum,0,MUITO BAIXO,5,outono,Sul_Campos_Planalto
Z_1290_SUL,-26.35814,-57.23824,2023-09-23,159.9,18.3,74.2,1379.3,1040.1,22.3,21.8,organico,floresta,media,0,nenhum,0,MUITO BAIXO,9,primavera,Sul_Campos_Planalto
Z_1291_NOR,-10.79276,-37.47689,2024-04-13,15.2,34.4,42.9,310.4,683.3,15.3,20.8,arenoso,rural,media,0,seca,0,MÉDIO,4,outono,Nordeste_Sertao
Z_1292_NOR,-7.81189,-44.39374,2023-07-22,2.5,29.2,18.21893804681472,90.0,274.9,0.6,5.3,rochoso,pastagem,baixa,0,nenhum,0,MUITO BAIXO,7,inverno,Nordeste_Sertao
Z_1293_NOR,-7.38182,-48.29667,2024-05-11,255.1,35.1,78.2,1618.9,328.2,15.3,76.7,organico,rural,media,1,nenhum,0,MUITO BAIXO,5,outono,Norte_Amazonia
Z_1294_NOR,-3.31788,-40.80328,2024-12-09,23.3,35.9,50.8,476.2,795.7,6.2,3.3,argiloso_seco,rural,media,0,nenhum,0,MUITO BAIXO,12,verao,Nordeste_Sertao
Z_1295_CEN,-5.79324,-57.03308,2023-07-06,11.4,28.2,41.668631861582384,342.1,701.3,13.8,19.5,argiloso,area_umida,media,0,inundação,0,BAIXO,7,inverno,CentroOeste_Cerrado_Pantanal
Z_1296_SUD,-18.24839,-39.00349,2024-07-12,169.1,29.2,57.78394433304348,4192.9,1581.6,49.5,7.1,argiloso,floresta,baixa,0,deslizamento,0,MÉDIO,7,inverno,Sudeste_Montanhoso_Litoraneo
Z_1297_NOR,-7.40724,-41.45006,2023-03-02,58.0,20.2,25.9,137.3,121.2,19.1,29.0,argiloso_seco,rural,baixa,0,incêndio,0,BAIXO,3,outono,Nordeste_Sertao
Z_1298_SUD,-24.47996,-42.38664,2024-11-11,149.7,31.3,55.1,2754.5,925.1,17.9,5.8,argiloso,rural,alta,0,vendaval,0,BAIXO,11,primavera,Sudeste_Montanhoso_Litoraneo
Z_1299_SUD,-22.76929,-39.67792,2023-02-04,175.6,34.7,86.9,1263.9,1181.4,20.5,21.9,organico,rural,media,0,vendaval,0,MÉDIO,2,verao,Sudeste_Montanhoso_Litoraneo
Z_1300_NOR,-1.50349,-62.977,2024-10-09,372.0,37.2,88.8,4812.9,214.5,6.3,56.2,arenoso,floresta,media,0,nenhum,0,MUITO BAIXO,10,primavera,Norte_Amazonia
Z_1301_SUD,-21.03281,-43.57535,2023-08-15,227.8,30.6,36.24717747482827,1461.1,2477.2,8.1,26.9,rochoso,urbano,alta,0,inundação,0,BAIXO,8,inverno,Sudeste_Montanhoso_Litoraneo
Z_1302_NOR,-8.95208,-62.5565,2024-08-24,226.3,29.0,81.0,4153.5,141.9,18.1,52.3,arenoso,area_umida,baixa,0,vendaval,0,MÉDIO,8,inverno,Norte_Amazonia
Z_1303_NOR,-6.73079,-44.35863,2024-01-09,112.2,35.5,61.0,204.4,661.9,12.3,27.7,argiloso_seco,rural,baixa,0,incêndio,0,BAIXO,1,verao,Nordeste_Sertao
Z_1304_NOR,0.56874,-68.85408,2024-05-04,180.4,28.3,94.0,2981.1,458.0,6.9,70.2,argiloso,rural,media,0,vendaval,0,MÉDIO,5,outono,Norte_Amazonia
Z_1305_NOR,-12.45852,-44.34994,2023-09-14,7.8,25.7,58.5,177.9,386.8,10.7,18.8,argiloso_seco,rural,media,0,incêndio,0,BAIXO,9,primavera,Nordeste_Sertao
Z_1306_NOR,-1.08815,-50.54602,2024-05-20,314.8,24.5,94.0,4476.4,88.7,5.2,46.9,arenoso,floresta,baixa,0,inundação,1,MÉDIO,5,outono,Norte_Amazonia
Z_1307_SUD,-24.32914,-46.35921,2024-12-11,201.3,16.2,78.5,1523.7,2257.6,58.8,0.5,organico,urbano,media,0,deslizamento,1,ALTO,12,verao,Sudeste_Montanhoso_Litoraneo
Z_1308_NOR,-9.33563,-50.60091,2023-07-25,237.0,29.3,76.4,2854.9,484.7,12.7,41.4,arenoso,rural,baixa,1,nenhum,0,MUITO BAIXO,7,inverno,Norte_Amazonia
Z_1309_NOR,2.02442,-55.45139,2024-08-16,253.7,23.0,91.2,4016.7,55.1,2.7,30.1,arenoso,rural,baixa,0,inundação,1,MÉDIO,8,inverno,Norte_Amazonia
Z_1310_NOR,-9.36341,-42.71726,2024-05-26,6.5,20.6,29.6,417.7,522.9,22.0,16.5,rochoso,rural,alta,0,nenhum,0,MUITO BAIXO,5,outono,Nordeste_Sertao
Z_1311_SUL,-33.57341,-55.21826,2024-06-24,151.8,18.9,23.2769598183657,2118.3,946.1,29.4,7.6,argiloso,floresta,baixa,0,deslizamento,0,MÉDIO,6,inverno,Sul_Campos_Planalto
Z_1312_NOR,-5.33133,-66.65823,2024-03-01,253.4,26.0,84.3,3122.1,424.7,2.7,31.0,argiloso,urbano,alta,0,nenhum,0,MUITO BAIXO,3,outono,Norte_Amazonia
Z_1313_CEN,-5.13045,-45.9654,2024-12-23,220.7,37.2,82.0,488.8,170.5,19.5,3.3,argiloso,pastagem,media,0,inundação,0,BAIXO,12,verao,CentroOeste_Cerrado_Pantanal
Z_1314_NOR,-9.1565,-38.90194,2023-03-02,36.3,20.5,50.1,240.8,324.9,16.4,27.8,arenoso,rural,baixa,0,incêndio,0,BAIXO,3,outono,Nordeste_Sertao
Z_1315_SUD,-21.36427,-48.98035,2024-07-08,115.6,30.8,41.23586997385799,2976.3,743.0,21.3,14.0,rochoso,urbano,alta,0,nenhum,0,MUITO BAIXO,7,inverno,Sudeste_Montanhoso_Litoraneo
Z_1316_CEN,-8.81829,-48.03135,2023-03-09,139.9,27.4,44.1,211.7,1198.2,23.3,17.0,argiloso,area_umida,alta,0,nenhum,0,MUITO BAIXO,3,outono,CentroOeste_Cerrado_Pantanal
Z_1317_SUD,-21.57545,-40.39748,2023-11-29,288.3,15.2,66.7,3817.6,716.9,30.5,12.5,organico,floresta,baixa,0,deslizamento,0,MÉDIO,11,primavera,Sudeste_Montanhoso_Litoraneo
Z_1318_SUD,-23.8835,-39.60326,2023-10-05,276.4,15.0,84.6,3533.8,1332.4,39.6,17.4,rochoso,rural,media,0,vendaval,0,BAIXO,10,primavera,Sudeste_Montanhoso_Litoraneo
Z_1319_NOR,-3.59789,-41.41136,2023-10-19,88.4,24.1,66.0,63.5,978.6,2.0,24.1,arenoso,rural,media,0,incêndio,0,BAIXO,10,primavera,Nordeste_Sertao
Z_1320_NOR,0.0323,-56.51377,2023-01-23,154.1,28.7,74.5,419.5,479.2,1.6,45.3,argiloso,urbano,media,0,nenhum,0,MUITO BAIXO,1,verao,Norte_Amazonia
Z_1321_SUL,-22.43831,-56.8064,2024-07-02,229.9,15.0,76.53475956196539,2637.1,1124.5,1.3,29.0,arenoso_argiloso,pastagem,baixa,0,nenhum,0,MUITO BAIXO,7,inverno,Sul_Campos_Planalto
Z_1322_CEN,-11.28609,-51.59764,2023-12-02,108.4,22.2,68.8,196.7,347.8,12.1,18.0,argiloso,floresta,baixa,0,nenhum,0,MUITO BAIXO,12,verao,CentroOeste_Cerrado_Pantanal
Z_1323_NOR,-15.6631,-37.23339,2024-05-21,22.4,22.1,52.5,188.5,348.3,27.0,29.4,argiloso_seco,rural,media,0,nenhum,0,MUITO BAIXO,5,outono,Nordeste_Sertao
Z_1324_CEN,-20.63413,-58.82931,2024-08-05,11.4,30.8,19.605886774197987,309.2,997.0,17.2,4.3,argiloso,pastagem,baixa,0,nenhum,0,MUITO BAIXO,8,inverno,CentroOeste_Cerrado_Pantanal
Z_1325_SUD,-20.85549,-43.08749,2023-01-09,166.4,33.3,84.4,3556.0,1043.1,15.7,0.9,organico,floresta,baixa,0,nenhum,0,MUITO BAIXO,1,verao,Sudeste_Montanhoso_Litoraneo
Z_1326_NOR,-17.93312,-39.58053,2024-02-07,77.5,22.8,30.0,460.2,988.2,10.1,7.4,rochoso,rural,baixa,1,nenhum,0,MUITO BAIXO,2,verao,Nordeste_Sertao
Z_1327_CEN,-6.28419,-49.85355,2023-04-26,174.2,30.7,56.6,143.0,1016.1,14.4,13.0,arenoso,floresta,media,0,inundação,0,BAIXO,4,outono,CentroOeste_Cerrado_Pantanal
Z_1328_NOR,-3.39843,-61.48977,2023-03-11,408.6,26.2,92.0,609.6,111.2,18.3,51.5,arenoso,rural,media,0,nenhum,0,MUITO BAIXO,3,outono,Norte_Amazonia
Z_1329_NOR,1.42549,-54.71839,2024-07-29,279.6,34.7,73.9,3978.7,323.5,12.8,66.6,organico,rural,baixa,0,vendaval,0,BAIXO,7,inverno,Norte_Amazonia
Z_1330_SUL,-22.35746,-52.87152,2024-06-05,132.9,7.2,53.877858704890144,4555.1,1336.4,27.8,17.3,arenoso_argiloso,pastagem,alta,1,seca,0,BAIXO,6,inverno,Sul_Campos_Planalto
Z_1331_SUL,-22.72695,-50.09144,2023-01-05,119.0,15.8,49.8,287.0,1662.6,18.1,20.4,organico,rural,alta,0,inundação,0,BAIXO,1,verao,Sul_Campos_Planalto
Z_1332_SUD,-24.74425,-42.07667,2024-08-09,313.7,23.9,48.23709651178149,1611.5,2308.7,49.6,14.0,argiloso,floresta,baixa,0,deslizamento,0,BAIXO,8,inverno,Sudeste_Montanhoso_Litoraneo
Z_1333_SUL,-23.20403,-53.96789,2024-08-02,99.1,10.2,55.53395161523896,4764.7,152.8,4.8,17.1,arenoso_argiloso,floresta,baixa,0,nenhum,0,MUITO BAIXO,8,inverno,Sul_Campos_Planalto
Z_1334_NOR,-5.64926,-39.12214,2023-03-10,13.7,28.6,45.3,347.0,645.3,11.8,21.3,rochoso,pastagem,media,0,incêndio,0,BAIXO,3,outono,Nordeste_Sertao
Z_1335_SUL,-30.18151,-53.4688,2023-03-30,242.7,31.7,53.4,2573.4,1533.6,24.3,14.8,organico,floresta,baixa,0,nenhum,0,MUITO BAIXO,3,outono,Sul_Campos_Planalto
Z_1336_SUL,-25.6282,-57.44478,2023-03-25,206.0,21.6,45.7,2816.1,1436.9,37.0,16.4,argiloso,pastagem,media,0,deslizamento,1,ALTO,3,outono,Sul_Campos_Planalto
Z_1337_CEN,-6.01144,-56.93743,2024-01-31,71.3,31.6,75.5,306.2,926.2,1.6,7.3,latossolo,rural,baixa,1,inundação,0,BAIXO,1,verao,CentroOeste_Cerrado_Pantanal
Z_1338_CEN,-15.64812,-58.82237,2023-09-15,183.8,18.4,62.5,447.9,723.2,7.4,27.4,arenoso,pastagem,baixa,0,incêndio,0,BAIXO,9,primavera,CentroOeste_Cerrado_Pantanal
Z_1339_NOR,4.15084,-55.97019,2023-11-01,163.9,22.8,84.5,223.5,232.0,19.3,48.4,organico,floresta,baixa,0,nenhum,0,MUITO BAIXO,11,primavera,Norte_Amazonia
Z_1340_CEN,-5.14925,-50.48891,2023-05-29,102.5,37.3,37.2,382.1,58.5,6.6,18.5,argiloso,area_umida,media,1,nenhum,0,MUITO BAIXO,5,outono,CentroOeste_Cerrado_Pantanal
Z_1341_NOR,-13.16701,-38.75593,2023-05-20,99.0,25.9,34.2,194.4,766.6,9.7,6.8,argiloso_seco,rural,baixa,0,nenhum,0,MUITO BAIXO,5,outono,Nordeste_Sertao
Z_1342_NOR,-3.24839,-41.97371,2024-05-26,47.1,40.0,57.0,185.2,101.5,3.4,3.5,rochoso,pastagem,media,0,seca,0,BAIXO,5,outono,Nordeste_Sertao
Z_1343_CEN,-12.40624,-53.41673,2024-09-22,185.6,22.0,69.5,363.1,843.5,8.1,18.7,arenoso,floresta,media,0,nenhum,0,MUITO BAIXO,9,primavera,CentroOeste_Cerrado_Pantanal
Z_1344_SUL,-30.1627,-52.86143,2024-07-02,128.5,31.0,37.86844707089284,799.1,1538.2,6.1,22.4,organico,floresta,media,0,inundação,0,BAIXO,7,inverno,Sul_Campos_Planalto
Z_1345_SUL,-23.01958,-50.8167,2023-08-21,163.9,27.3,38.29164589662339,2764.3,1633.2,13.9,12.9,arenoso_argiloso,pastagem,alta,0,nenhum,0,MUITO BAIXO,8,inverno,Sul_Campos_Planalto
Z_1346_NOR,-6.73309,-69.27564,2023-08-22,278.5,22.0,90.5,2718.4,469.3,19.1,10.7,arenoso,area_umida,media,1,nenhum,0,MUITO BAIXO,8,inverno,Norte_Amazonia
Z_1347_SUD,-22.0153,-49.06243,2024-02-19,241.1,23.3,56.3,629.0,2319.9,29.7,25.6,rochoso,urbano,alta,0,nenhum,0,MUITO BAIXO,2,verao,Sudeste_Montanhoso_Litoraneo
Z_1348_NOR,-10.09052,-40.00698,2023-11-01,32.0,21.4,51.6,199.2,689.2,17.0,18.1,arenoso,pastagem,alta,0,seca,0,BAIXO,11,primavera,Nordeste_Sertao
Z_1349_SUD,-23.3365,-48.75025,2024-12-26,209.0,35.0,93.5,3269.0,646.9,21.8,3.6,argiloso,urbano,media,0,inundação,0,BAIXO,12,verao,Sudeste_Montanhoso_Litoraneo
Z_1350_SUD,-19.13604,-46.53768,2023-05-12,158.6,15.1,87.3,1343.2,810.1,38.4,21.4,organico,floresta,baixa,0,deslizamento,0,MÉDIO,5,outono,Sudeste_Montanhoso_Litoraneo
Z_1351_NOR,-15.72957,-38.71534,2023-06-23,0.3,24.3,51.08696860799856,439.6,550.4,21.5,8.3,argiloso_seco,pastagem,media,0,incêndio,0,BAIXO,6,inverno,Nordeste_Sertao
Z_1352_NOR,-9.92687,-60.93689,2023-05-13,155.9,27.3,97.9,3291.3,258.1,11.7,40.7,arenoso,floresta,baixa,0,vendaval,0,MÉDIO,5,outono,Norte_Amazonia
Z_1353_CEN,-7.30157,-51.99707,2024-03-25,150.2,21.3,47.7,208.6,647.3,18.6,29.8,latossolo,area_umida,media,0,inundação,0,BAIXO,3,outono,CentroOeste_Cerrado_Pantanal
Z_1354_NOR,-14.32976,-43.60584,2024-01-22,33.5,30.4,62.6,303.7,297.9,10.8,24.0,arenoso,rural,alta,1,seca,0,BAIXO,1,verao,Nordeste_Sertao
Z_1355_NOR,2.58901,-68.20338,2024-03-13,405.3,22.4,99.2,2852.7,287.6,7.4,38.6,argiloso,area_umida,baixa,0,inundação,0,BAIXO,3,outono,Norte_Amazonia
Z_1356_CEN,-12.2153,-51.1502,2023-11-11,74.7,26.8,45.0,129.7,799.1,23.0,5.2,arenoso,rural,baixa,0,incêndio,0,BAIXO,11,primavera,CentroOeste_Cerrado_Pantanal
Z_1357_NOR,-4.77055,-40.71964,2023-02-02,76.4,20.2,39.2,365.0,427.0,19.9,15.7,rochoso,rural,alta,0,incêndio,0,BAIXO,2,verao,Nordeste_Sertao
Z_1358_SUD,-21.98891,-49.56111,2024-11-12,145.4,27.7,78.2,582.6,1872.2,29.8,29.5,organico,pastagem,alta,0,vendaval,0,BAIXO,11,primavera,Sudeste_Montanhoso_Litoraneo
Z_1359_NOR,-14.9071,-38.91527,2023-10-28,85.6,39.5,38.1,306.0,354.0,9.6,2.6,argiloso_seco,pastagem,media,0,nenhum,0,MUITO BAIXO,10,primavera,Nordeste_Sertao
Z_1360_NOR,-3.60403,-58.77267,2023-06-26,348.1,28.0,79.9,2746.4,206.9,16.9,54.0,arenoso,area_umida,media,0,incêndio,0,BAIXO,6,inverno,Norte_Amazonia
Z_1361_CEN,-19.77122,-45.57695,2024-11-05,199.2,25.2,53.7,424.2,1056.3,20.6,13.3,latossolo,rural,alta,1,nenhum,0,MUITO BAIXO,11,primavera,CentroOeste_Cerrado_Pantanal
Z_1362_NOR,1.78513,-51.48103,2023-07-02,390.5,34.7,72.2,4597.1,374.3,5.5,4.4,arenoso,floresta,media,0,inundação,0,BAIXO,7,inverno,Norte_Amazonia
Z_1363_NOR,-2.41115,-61.52095,2023-11-07,345.8,28.2,83.3,1177.4,60.9,17.7,21.3,organico,urbano,alta,0,nenhum,0,MUITO BAIXO,11,primavera,Norte_Amazonia
Z_1364_NOR,2.79125,-64.16802,2024-11-26,271.2,32.9,91.8,3113.0,411.6,13.3,32.0,arenoso,urbano,alta,0,nenhum,0,MUITO BAIXO,11,primavera,Norte_Amazonia
Z_1365_SUL,-23.50852,-49.61117,2023-04-10,147.7,30.6,78.9,503.0,294.9,17.9,22.4,organico,rural,alta,0,nenhum,0,MUITO BAIXO,4,outono,Sul_Campos_Planalto
Z_1366_CEN,-7.43392,-60.407,2024-05-29,72.8,20.0,30.4,167.1,957.4,10.4,15.8,latossolo,floresta,media,0,nenhum,0,MUITO BAIXO,5,outono,CentroOeste_Cerrado_Pantanal
Z_1367_SUL,-32.11364,-50.52195,2023-09-12,114.6,30.8,59.9,3528.0,458.8,10.5,29.9,organico,pastagem,alta,0,nenhum,0,MUITO BAIXO,9,primavera,Sul_Campos_Planalto
Z_1368_NOR,-2.83767,-39.8847,2023-03-25,29.0,38.7,47.4,477.6,152.0,16.1,8.4,arenoso,pastagem,baixa,0,nenhum,0,MUITO BAIXO,3,outono,Nordeste_Sertao
Z_1369_SUD,-22.48889,-47.70218,2024-10-01,226.6,22.8,61.7,4327.2,1732.1,58.4,12.3,argiloso,pastagem,alta,0,deslizamento,1,ALTO,10,primavera,Sudeste_Montanhoso_Litoraneo
Z_1370_NOR,-10.86476,-37.88928,2024-03-24,29.6,29.8,26.1,308.0,855.8,7.0,18.5,arenoso,rural,alta,0,incêndio,0,BAIXO,3,outono,Nordeste_Sertao
Z_1371_SUD,-21.73229,-48.67475,2024-06-05,166.5,33.6,25.58995738330729,1105.9,2226.0,18.0,16.7,rochoso,floresta,media,0,nenhum,0,MUITO BAIXO,6,inverno,Sudeste_Montanhoso_Litoraneo
Z_1372_SUL,-23.67475,-49.68347,2024-11-07,72.7,14.4,75.9,1180.0,1362.0,39.7,16.4,arenoso_argiloso,pastagem,media,0,nenhum,0,MUITO BAIXO,11,primavera,Sul_Campos_Planalto
Z_1373_SUL,-31.61869,-52.54104,2023-05-20,221.9,29.0,58.9,996.7,105.0,17.6,1.4,organico,floresta,baixa,0,nenhum,0,MUITO BAIXO,5,outono,Sul_Campos_Planalto
Z_1374_NOR,-1.98114,-66.75111,2024-09-09,182.9,30.5,97.1,3128.7,63.3,16.4,6.7,argiloso,area_umida,baixa,0,vendaval,0,BAIXO,9,primavera,Norte_Amazonia
Z_1375_NOR,-4.58471,-42.98187,2023-04-10,72.5,28.5,63.9,106.1,187.7,0.2,9.6,arenoso,rural,alta,0,nenhum,0,MUITO BAIXO,4,outono,Nordeste_Sertao
Z_1376_SUD,-20.39125,-47.36403,2023-04-09,104.2,27.5,69.8,1674.8,1911.0,31.4,14.5,argiloso,floresta,baixa,0,nenhum,0,MUITO BAIXO,4,outono,Sudeste_Montanhoso_Litoraneo
Z_1377_SUL,-24.98182,-48.92197,2023-01-04,147.7,16.1,50.1,2829.5,1460.6,27.3,0.9,arenoso_argiloso,urbano,alta,0,vendaval,0,BAIXO,1,verao,Sul_Campos_Planalto
Z_1378_CEN,-5.26393,-47.57182,2024-04-13,127.6,22.5,45.4,221.6,939.0,8.2,16.1,arenoso,area_umida,alta,0,seca,0,BAIXO,4,outono,CentroOeste_Cerrado_Pantanal
Z_1379_CEN,-19.42327,-55.06311,2023-02-13,184.7,33.6,82.7,146.1,725.1,10.5,9.6,arenoso,area_umida,alta,0,inundação,0,BAIXO,2,verao,CentroOeste_Cerrado_Pantanal
Z_1380_SUD,-21.6892,-48.77835,2024-04-25,133.5,30.1,91.8,2351.5,1885.1,57.0,9.3,organico,urbano,alta,0,vendaval,1,MÉDIO,4,outono,Sudeste_Montanhoso_Litoraneo
Z_1381_NOR,-7.38228,-41.69981,2023-03-23,85.3,26.0,26.6,43.0,906.5,27.6,19.2,rochoso,rural,media,0,nenhum,0,MUITO BAIXO,3,outono,Nordeste_Sertao
Z_1382_CEN,-22.89956,-56.80693,2024-08-29,31.4,22.6,24.46889872600264,111.6,282.2,8.2,26.7,argiloso,floresta,baixa,0,nenhum,0,MUITO BAIXO,8,inverno,CentroOeste_Cerrado_Pantanal
Z_1383_SUD,-21.69406,-43.97216,2024-03-20,302.8,34.6,61.7,4823.4,80.3,24.3,15.6,rochoso,rural,baixa,0,inundação,0,BAIXO,3,outono,Sudeste_Montanhoso_Litoraneo
Z_1384_NOR,-2.52306,-40.48388,2023-08-09,16.6,27.1,33.156721293891444,452.5,763.6,12.3,28.9,rochoso,pastagem,media,0,incêndio,0,BAIXO,8,inverno,Nordeste_Sertao
Z_1385_SUD,-24.21011,-39.76809,2024-02-24,295.4,20.5,93.9,4949.1,1079.2,41.0,26.2,organico,floresta,baixa,0,deslizamento,1,ALTO,2,verao,Sudeste_Montanhoso_Litoraneo
Z_1386_NOR,-7.68731,-50.81551,2024-02-19,316.2,30.8,82.4,2933.1,29.9,11.9,50.5,organico,urbano,alta,0,inundação,0,MÉDIO,2,verao,Norte_Amazonia
Z_1387_NOR,-9.23641,-40.4216,2024-09-13,19.1,32.0,69.0,325.8,293.6,22.1,4.9,argiloso_seco,pastagem,media,0,nenhum,0,MUITO BAIXO,9,primavera,Nordeste_Sertao
Z_1388_NOR,-9.15035,-45.0977,2023-06-28,4.3,39.2,11.7125735150508,200.0,157.2,9.1,20.8,rochoso,rural,alta,0,incêndio,1,ALTO,6,inverno,Nordeste_Sertao
Z_1389_SUD,-24.40532,-47.68566,2024-02-08,300.3,18.4,70.7,4200.2,128.9,13.6,20.1,organico,rural,media,0,nenhum,0,MUITO BAIXO,2,verao,Sudeste_Montanhoso_Litoraneo
Z_1390_CEN,-15.32542,-58.58767,2023-07-05,35.1,33.6,10.38203656822266,491.1,682.9,19.1,5.7,latossolo,rural,baixa,0,seca,0,BAIXO,7,inverno,CentroOeste_Cerrado_Pantanal
Z_1391_NOR,-7.25772,-37.61591,2024-07-20,5.6,24.5,27.677942155771778,324.5,906.2,15.2,12.5,argiloso_seco,rural,baixa,0,nenhum,0,MUITO BAIXO,7,inverno,Nordeste_Sertao
Z_1392_NOR,-14.15806,-41.39093,2023-09-16,58.4,41.6,36.1,94.7,286.7,15.7,29.0,argiloso_seco,rural,alta,0,incêndio,0,BAIXO,9,primavera,Nordeste_Sertao
Z_1393_SUD,-18.17355,-40.36434,2023-11-19,267.1,25.8,56.3,450.9,1479.2,58.4,29.8,organico,rural,baixa,0,deslizamento,1,ALTO,11,primavera,Sudeste_Montanhoso_Litoraneo
Z_1394_NOR,4.25843,-58.10236,2024-01-28,154.9,23.4,75.8,4900.5,205.4,13.7,69.1,arenoso,rural,baixa,0,nenhum,0,MUITO BAIXO,1,verao,Norte_Amazonia
Z_1395_SUD,-24.12163,-42.43186,2023-12-30,229.6,31.5,90.0,836.9,315.6,24.1,4.4,rochoso,urbano,alta,0,inundação,0,BAIXO,12,verao,Sudeste_Montanhoso_Litoraneo
Z_1396_SUL,-31.23241,-48.67449,2024-10-09,102.0,31.2,51.6,2055.3,959.2,35.3,16.2,argiloso,pastagem,baixa,0,inundação,0,BAIXO,10,primavera,Sul_Campos_Planalto
Z_1397_SUD,-22.69157,-47.52038,2024-01-06,249.3,24.5,73.3,4418.9,1886.9,40.4,7.5,argiloso,urbano,alta,0,deslizamento,1,ALTO,1,verao,Sudeste_Montanhoso_Litoraneo
Z_1398_NOR,-4.61596,-43.06664,2023-09-08,31.5,26.5,44.4,42.2,396.2,27.1,19.1,arenoso,pastagem,baixa,0,nenhum,0,MUITO BAIXO,9,primavera,Nordeste_Sertao
Z_1399_SUL,-24.13239,-55.91744,2023-10-26,103.8,28.2,84.2,4614.1,883.9,39.5,13.3,organico,rural,baixa,0,seca,0,BAIXO,10,primavera,Sul_Campos_Planalto
Z_1400_NOR,3.27926,-73.46457,2023-01-25,322.2,25.6,99.1,3691.8,23.2,13.8,11.9,organico,floresta,baixa,0,inundação,0,MÉDIO,1,verao,Norte_Amazonia
Z_1401_NOR,-2.43065,-48.45158,2023-06-01,229.6,33.0,81.8,1120.2,262.4,6.1,79.3,organico,area_umida,baixa,0,inundação,0,MÉDIO,6,inverno,Norte_Amazonia
Z_1402_NOR,-8.97197,-69.57085,2023-01-04,168.9,23.5,78.1,558.7,152.6,14.0,20.3,organico,area_umida,baixa,0,inundação,0,BAIXO,1,verao,Norte_Amazonia
Z_1403_NOR,-7.34319,-40.02279,2023-09-18,41.6,30.5,54.7,271.2,899.9,19.8,3.1,arenoso,pastagem,baixa,0,nenhum,0,MUITO BAIXO,9,primavera,Nordeste_Sertao
Z_1404_NOR,3.24262,-55.53076,2024-04-07,207.4,37.0,98.4,2856.6,333.3,16.0,69.5,arenoso,floresta,baixa,0,incêndio,0,BAIXO,4,outono,Norte_Amazonia
Z_1405_SUD,-20.75523,-44.14907,2023-08-08,149.9,30.3,36.3643858248268,4049.3,2449.7,27.6,10.7,organico,urbano,media,0,nenhum,0,MUITO BAIXO,8,inverno,Sudeste_Montanhoso_Litoraneo
Z_1406_NOR,-6.16727,-73.36774,2023-02-14,180.1,33.8,96.5,1555.4,105.9,10.0,48.1,argiloso,area_umida,baixa,0,inundação,0,MÉDIO,2,verao,Norte_Amazonia
Z_1407_NOR,-1.79056,-72.38275,2023-08-01,358.2,33.8,76.1,1990.9,0.6,9.8,42.6,organico,area_umida,baixa,0,inundação,0,MÉDIO,8,inverno,Norte_Amazonia
Z_1408_SUD,-20.19614,-40.26985,2024-12-31,324.2,18.2,61.6,28.2,834.2,49.5,29.1,argiloso,rural,alta,0,deslizamento,0,BAIXO,12,verao,Sudeste_Montanhoso_Litoraneo
Z_1409_CEN,-21.97583,-52.24895,2024-05-06,128.7,32.5,36.2,373.5,51.8,19.8,9.9,latossolo,pastagem,baixa,0,incêndio,0,BAIXO,5,outono,CentroOeste_Cerrado_Pantanal
Z_1410_CEN,-7.64215,-52.19398,2023-02-19,77.4,22.1,53.6,168.8,846.5,19.8,23.8,arenoso,floresta,baixa,0,inundação,0,BAIXO,2,verao,CentroOeste_Cerrado_Pantanal
Z_1411_CEN,-13.87237,-45.28983,2024-12-09,125.1,25.6,56.1,235.1,240.3,2.2,29.9,arenoso,area_umida,baixa,0,nenhum,0,MUITO BAIXO,12,verao,CentroOeste_Cerrado_Pantanal
Z_1412_NOR,-16.59799,-43.03277,2024-05-29,40.0,20.4,30.9,465.5,782.2,29.3,11.3,rochoso,rural,baixa,1,incêndio,0,BAIXO,5,outono,Nordeste_Sertao
Z_1413_SUD,-19.61731,-45.37289,2023-04-28,139.4,25.4,88.9,4957.6,2552.5,14.7,15.9,argiloso,urbano,alta,0,vendaval,0,MÉDIO,4,outono,Sudeste_Montanhoso_Litoraneo
Z_1414_NOR,2.57117,-63.90089,2023-03-03,429.4,37.8,77.8,1206.8,256.5,2.2,73.2,organico,floresta,baixa,0,inundação,0,BAIXO,3,outono,Norte_Amazonia
Z_1415_SUD,-21.35089,-40.49336,2024-04-07,343.6,29.5,51.5,1302.3,1810.3,10.9,8.0,rochoso,floresta,baixa,0,nenhum,0,MUITO BAIXO,4,outono,Sudeste_Montanhoso_Litoraneo
Z_1416_NOR,-2.19827,-45.51591,2024-08-04,9.2,28.6,10.0,437.2,857.7,21.5,13.0,arenoso,pastagem,baixa,0,incêndio,0,BAIXO,8,inverno,Nordeste_Sertao
Z_1417_SUD,-20.8062,-48.68588,2024-06-24,189.0,20.2,44.78839898215412,1964.5,294.6,11.9,0.7,rochoso,pastagem,alta,0,inundação,1,MÉDIO,6,inverno,Sudeste_Montanhoso_Litoraneo
Z_1418_NOR,-9.98412,-58.93056,2024-10-07,243.3,34.5,84.4,1085.0,189.5,8.4,19.3,organico,area_umida,baixa,0,inundação,1,MÉDIO,10,primavera,Norte_Amazonia
Z_1419_SUD,-19.03873,-47.27583,2023-01-05,86.2,26.6,91.8,1905.5,1379.3,52.9,10.3,organico,urbano,alta,0,inundação,0,BAIXO,1,verao,Sudeste_Montanhoso_Litoraneo
Z_1420_NOR,-8.05499,-40.82837,2023-01-16,43.4,21.3,67.2,410.3,992.1,29.8,20.7,arenoso,pastagem,alta,0,nenhum,0,MUITO BAIXO,1,verao,Nordeste_Sertao
Z_1421_NOR,-13.24279,-42.85135,2024-04-26,87.2,36.4,34.5,212.4,306.2,9.1,1.7,arenoso,pastagem,baixa,0,incêndio,0,BAIXO,4,outono,Nordeste_Sertao
Z_1422_NOR,-10.31183,-42.14209,2023-12-15,21.3,22.9,58.4,245.1,369.7,14.1,4.4,argiloso_seco,pastagem,baixa,0,incêndio,0,BAIXO,12,verao,Nordeste_Sertao
Z_1423_CEN,-14.56342,-48.95218,2024-02-18,78.2,26.2,76.6,309.3,181.2,6.6,26.2,argiloso,pastagem,media,0,nenhum,0,MUITO BAIXO,2,verao,CentroOeste_Cerrado_Pantanal
Z_1424_NOR,-14.55164,-41.97385,2023-06-24,7.3,42.0,29.668339015068128,12.1,818.4,26.4,1.9,arenoso,pastagem,media,0,incêndio,0,MÉDIO,6,inverno,Nordeste_Sertao
Z_1425_NOR,-2.16538,-45.32445,2023-09-22,55.0,30.8,34.1,486.4,164.3,19.5,1.5,rochoso,rural,baixa,0,seca,0,BAIXO,9,primavera,Nordeste_Sertao
Z_1426_SUD,-18.09241,-46.59946,2023-11-29,171.7,29.5,50.8,2370.7,2199.4,9.4,5.3,organico,rural,baixa,0,vendaval,0,BAIXO,11,primavera,Sudeste_Montanhoso_Litoraneo
Z_1427_SUD,-23.95623,-41.40889,2024-01-06,102.2,32.1,86.9,2546.4,2047.9,48.2,11.5,organico,urbano,alta,0,nenhum,0,MUITO BAIXO,1,verao,Sudeste_Montanhoso_Litoraneo
Z_1428_NOR,-13.32557,-37.86174,2023-10-25,5.7,24.6,56.8,82.8,682.8,17.3,29.6,rochoso,pastagem,alta,0,incêndio,0,BAIXO,10,primavera,Nordeste_Sertao
Z_1429_NOR,-0.97042,-60.96539,2023-05-26,183.6,28.5,90.7,2102.5,271.6,11.7,62.2,argiloso,urbano,alta,0,nenhum,0,MUITO BAIXO,5,outono,Norte_Amazonia
Z_1430_CEN,-7.91836,-59.2666,2023-03-28,141.0,27.5,38.3,425.4,609.8,18.5,28.7,latossolo,rural,alta,0,nenhum,0,MUITO BAIXO,3,outono,CentroOeste_Cerrado_Pantanal
Z_1431_SUD,-20.50395,-46.60317,2023-11-30,160.8,31.4,78.3,3114.6,1109.6,32.3,6.6,rochoso,urbano,alta,0,nenhum,0,MUITO BAIXO,11,primavera,Sudeste_Montanhoso_Litoraneo
Z_1432_SUD,-21.91673,-39.11028,2024-03-27,297.6,18.7,77.6,2338.8,1514.7,48.9,6.6,argiloso,rural,alta,0,deslizamento,1,ALTO,3,outono,Sudeste_Montanhoso_Litoraneo
Z_1433_CEN,-5.9316,-46.81164,2024-04-22,109.4,27.4,56.2,368.9,1014.3,23.0,29.7,argiloso,area_umida,media,0,incêndio,0,BAIXO,4,outono,CentroOeste_Cerrado_Pantanal
Z_1434_NOR,-7.16668,-38.44738,2023-03-01,62.3,23.8,69.4,292.4,229.9,15.2,11.4,arenoso,rural,baixa,0,nenhum,0,MUITO BAIXO,3,outono,Nordeste_Sertao
Z_1435_NOR,-9.6665,-68.3808,2024-02-08,339.8,35.0,86.9,1177.9,477.8,18.7,51.7,argiloso,area_umida,baixa,0,inundação,0,BAIXO,2,verao,Norte_Amazonia
Z_1436_NOR,-0.81483,-53.9173,2023-02-02,398.3,29.3,73.9,1394.7,237.8,11.7,37.0,argiloso,floresta,baixa,0,inundação,0,BAIXO,2,verao,Norte_Amazonia
Z_1437_CEN,-15.499,-53.6274,2024-11-23,92.1,36.5,38.0,177.3,1118.6,24.5,14.6,arenoso,area_umida,media,0,nenhum,0,MUITO BAIXO,11,primavera,CentroOeste_Cerrado_Pantanal
Z_1438_CEN,-22.84084,-46.54689,2024-11-13,161.7,35.2,73.1,337.3,53.7,18.6,0.6,latossolo,rural,baixa,0,nenhum,0,MUITO BAIXO,11,primavera,CentroOeste_Cerrado_Pantanal
Z_1439_SUL,-23.58431,-49.47972,2024-01-14,184.1,9.1,75.3,623.6,1511.0,15.4,10.3,argiloso,pastagem,baixa,0,seca,0,BAIXO,1,verao,Sul_Campos_Planalto
Z_1440_CEN,-11.96006,-56.39706,2023-02-21,159.4,36.7,75.1,426.2,1020.3,12.5,14.3,argiloso,floresta,media,0,incêndio,0,BAIXO,2,verao,CentroOeste_Cerrado_Pantanal
Z_1441_NOR,-7.98898,-50.18643,2024-11-17,331.1,28.8,80.6,2284.0,30.0,5.9,22.7,arenoso,area_umida,baixa,0,inundação,0,MÉDIO,11,primavera,Norte_Amazonia
Z_1442_SUD,-23.6064,-47.96665,2024-10-24,327.3,28.0,53.6,1209.7,1548.4,17.2,16.3,organico,urbano,alta,0,nenhum,0,MUITO BAIXO,10,primavera,Sudeste_Montanhoso_Litoraneo
Z_1443_SUD,-18.59994,-40.41845,2024-09-03,171.3,23.7,86.5,3486.9,1986.4,46.9,7.0,rochoso,urbano,alta,0,vendaval,0,BAIXO,9,primavera,Sudeste_Montanhoso_Litoraneo
Z_1444_SUL,-23.19984,-52.55804,2023-09-07,126.9,22.9,76.6,3545.1,907.5,6.3,15.9,arenoso_argiloso,floresta,media,0,vendaval,0,BAIXO,9,primavera,Sul_Campos_Planalto
Z_1445_SUL,-23.61959,-49.92966,2024-02-19,222.0,15.4,67.8,974.9,297.2,13.0,23.9,argiloso,floresta,baixa,0,nenhum,0,MUITO BAIXO,2,verao,Sul_Campos_Planalto
Z_1446_NOR,-7.64147,-63.7984,2024-03-21,438.7,24.8,81.1,111.2,291.1,11.4,42.1,argiloso,rural,baixa,0,nenhum,0,MUITO BAIXO,3,outono,Norte_Amazonia
Z_1447_NOR,-2.67288,-59.99495,2023-12-08,423.8,28.0,85.4,4922.3,237.7,15.8,61.3,arenoso,rural,baixa,0,nenhum,0,MUITO BAIXO,12,verao,Norte_Amazonia
Z_1448_CEN,-14.25196,-56.17245,2024-09-17,137.0,20.6,68.8,339.2,1107.8,12.2,24.9,latossolo,rural,baixa,0,seca,0,BAIXO,9,primavera,CentroOeste_Cerrado_Pantanal
Z_1449_NOR,-1.33817,-63.95062,2024-05-25,266.5,22.0,94.5,2047.3,102.6,17.7,0.7,organico,urbano,alta,0,vendaval,0,BAIXO,5,outono,Norte_Amazonia
Z_1450_NOR,-5.8427,-38.1266,2023-05-10,98.9,36.1,67.3,339.9,328.3,10.9,14.5,arenoso,pastagem,alta,0,seca,0,BAIXO,5,outono,Nordeste_Sertao
Z_1451_SUD,-24.99276,-41.98743,2024-08-24,263.4,18.7,60.237060578069745,2972.1,1174.6,28.8,22.3,rochoso,floresta,baixa,0,deslizamento,0,BAIXO,8,inverno,Sudeste_Montanhoso_Litoraneo
Z_1452_NOR,-9.41433,-58.2195,2024-03-06,314.0,23.6,88.3,591.4,102.3,0.5,10.6,argiloso,floresta,baixa,0,incêndio,0,BAIXO,3,outono,Norte_Amazonia
Z_1453_SUL,-26.95242,-56.23398,2023-02-16,247.6,20.1,51.2,4009.2,1741.0,30.1,4.0,argiloso,floresta,baixa,0,deslizamento,0,MÉDIO,2,verao,Sul_Campos_Planalto
Z_1454_SUL,-28.35981,-55.40514,2023-04-18,127.7,26.6,63.7,1790.1,997.2,19.8,14.0,argiloso,urbano,alta,0,nenhum,0,MUITO BAIXO,4,outono,Sul_Campos_Planalto
Z_1455_SUD,-19.06291,-46.10209,2024-05-26,246.5,23.0,53.6,130.5,2389.9,16.9,9.5,rochoso,urbano,alta,0,inundação,0,BAIXO,5,outono,Sudeste_Montanhoso_Litoraneo
Z_1456_NOR,-4.39945,-45.54354,2023-08-02,8.7,20.7,31.254482849243168,256.5,971.6,20.1,14.1,rochoso,rural,media,0,nenhum,0,MUITO BAIXO,8,inverno,Nordeste_Sertao
Z_1457_NOR,-6.77349,-58.7741,2023-11-19,365.0,31.0,73.2,4073.2,11.1,18.2,26.0,arenoso,rural,baixa,0,inundação,0,BAIXO,11,primavera,Norte_Amazonia
Z_1458_NOR,-3.96931,-43.89122,2023-07-30,4.6,25.0,46.79668695427466,227.3,351.9,8.9,29.5,arenoso,rural,baixa,0,incêndio,0,BAIXO,7,inverno,Nordeste_Sertao
Z_1459_CEN,-13.24173,-48.20619,2024-11-12,104.2,22.8,43.2,453.0,123.4,22.1,21.6,latossolo,pastagem,baixa,0,seca,0,BAIXO,11,primavera,CentroOeste_Cerrado_Pantanal
Z_1460_SUD,-19.11207,-46.23185,2023-01-22,123.3,23.7,72.9,2044.5,359.4,21.1,6.0,argiloso,pastagem,baixa,1,vendaval,0,BAIXO,1,verao,Sudeste_Montanhoso_Litoraneo
Z_1461_SUL,-29.07387,-53.52423,2023-01-22,129.2,7.3,72.0,2831.3,360.5,33.5,9.9,organico,urbano,media,0,inundação,0,BAIXO,1,verao,Sul_Campos_Planalto
Z_1462_SUD,-21.23919,-47.77245,2024-09-04,89.5,28.9,70.6,1140.3,1511.7,51.9,17.8,organico,urbano,alta,0,deslizamento,0,BAIXO,9,primavera,Sudeste_Montanhoso_Litoraneo
Z_1463_SUD,-22.57351,-41.18867,2023-12-19,113.4,28.5,50.4,3283.7,2166.6,26.8,9.2,argiloso,rural,baixa,0,nenhum,0,MUITO BAIXO,12,verao,Sudeste_Montanhoso_Litoraneo
Z_1464_NOR,-1.37908,-69.84964,2024-08-15,370.9,33.3,87.4,3460.7,42.3,1.5,33.7,arenoso,floresta,baixa,1,inundação,0,MÉDIO,8,inverno,Norte_Amazonia
Z_1465_SUD,-19.1877,-46.25907,2023-09-14,139.8,31.1,83.4,4107.6,1162.6,31.9,21.9,argiloso,urbano,media,0,nenhum,0,MUITO BAIXO,9,primavera,Sudeste_Montanhoso_Litoraneo
Z_1466_NOR,1.32603,-57.20791,2023-05-03,191.8,25.6,94.3,845.9,290.2,13.7,23.3,argiloso,rural,media,0,nenhum,0,MUITO BAIXO,5,outono,Norte_Amazonia
Z_1467_SUL,-29.86198,-56.83108,2024-10-06,242.5,27.7,44.9,3067.2,84.9,13.6,0.7,organico,urbano,alta,0,inundação,0,MÉDIO,10,primavera,Sul_Campos_Planalto
Z_1468_NOR,-5.0521,-44.14538,2023-01-20,47.8,36.5,56.8,56.2,246.5,3.0,5.7,rochoso,pastagem,alta,0,nenhum,0,MUITO BAIXO,1,verao,Nordeste_Sertao
Z_1469_NOR,-9.96238,-40.29402,2023-12-03,68.1,25.5,63.3,266.3,822.6,22.2,24.3,rochoso,rural,baixa,0,nenhum,0,MUITO BAIXO,12,verao,Nordeste_Sertao
Z_1470_NOR,2.12427,-70.04947,2023-07-04,236.1,22.7,82.5,194.0,298.1,18.9,36.3,argiloso,rural,baixa,1,incêndio,0,BAIXO,7,inverno,Norte_Amazonia
Z_1471_NOR,-1.49341,-71.15045,2024-06-04,358.1,30.1,82.8,2251.0,256.5,6.4,3.0,arenoso,area_umida,media,0,inundação,0,MÉDIO,6,inverno,Norte_Amazonia
Z_1472_CEN,-20.67423,-46.12068,2024-08-08,34.1,32.4,49.68100356309022,41.7,99.1,3.9,23.7,arenoso,floresta,baixa,0,incêndio,0,BAIXO,8,inverno,CentroOeste_Cerrado_Pantanal
Z_1473_NOR,0.46844,-52.57157,2023-08-22,406.7,34.8,95.8,256.4,499.9,7.7,17.4,argiloso,rural,baixa,0,vendaval,0,BAIXO,8,inverno,Norte_Amazonia
Z_1474_SUL,-26.12397,-49.79826,2023-11-24,121.9,16.1,40.9,3189.8,1537.3,37.0,27.5,organico,urbano,alta,0,nenhum,0,MUITO BAIXO,11,primavera,Sul_Campos_Planalto
Z_1475_NOR,-14.36552,-37.17854,2024-06-21,1.8,36.5,30.98903062155157,384.5,434.9,17.3,9.4,rochoso,pastagem,media,0,incêndio,0,MÉDIO,6,inverno,Nordeste_Sertao
Z_1476_NOR,-1.67218,-53.74892,2024-06-18,397.7,25.0,91.3,2600.5,29.5,15.5,57.9,organico,floresta,media,0,nenhum,0,MUITO BAIXO,6,inverno,Norte_Amazonia
Z_1477_SUL,-28.22911,-50.32632,2024-08-26,74.7,31.3,38.89135660249276,298.5,482.7,5.3,5.5,organico,rural,alta,0,vendaval,0,BAIXO,8,inverno,Sul_Campos_Planalto
Z_1478_NOR,-7.60767,-67.74177,2023-03-18,297.7,37.7,73.6,563.5,19.2,7.0,8.6,argiloso,area_umida,baixa,0,inundação,1,MÉDIO,3,outono,Norte_Amazonia
Z_1479_SUD,-22.84471,-48.37309,2023-12-08,151.8,29.8,69.6,983.9,1665.4,45.7,12.6,organico,pastagem,alta,0,deslizamento,0,MÉDIO,12,verao,Sudeste_Montanhoso_Litoraneo
Z_1480_CEN,-10.93765,-51.90301,2024-03-24,158.6,37.7,60.1,495.2,308.3,8.1,23.9,arenoso,pastagem,alta,1,inundação,0,BAIXO,3,outono,CentroOeste_Cerrado_Pantanal
Z_1481_SUD,-23.62481,-41.64793,2024-10-29,304.1,33.7,61.4,4688.0,2338.7,13.6,24.0,organico,pastagem,media,0,nenhum,0,MUITO BAIXO,10,primavera,Sudeste_Montanhoso_Litoraneo
Z_1482_NOR,2.74271,-56.94178,2024-07-19,445.4,33.4,98.9,3637.1,252.9,1.1,59.9,organico,rural,baixa,0,incêndio,0,BAIXO,7,inverno,Norte_Amazonia
Z_1483_SUL,-22.64968,-54.53734,2024-03-26,248.3,31.6,48.2,1764.9,1098.2,2.2,4.6,argiloso,pastagem,media,0,inundação,0,MÉDIO,3,outono,Sul_Campos_Planalto
Z_1484_NOR,-7.20237,-38.50954,2023-09-05,14.2,30.0,36.8,464.3,860.6,18.5,17.1,arenoso,pastagem,baixa,0,nenhum,0,MUITO BAIXO,9,primavera,Nordeste_Sertao
Z_1485_NOR,-16.94339,-45.99287,2023-09-17,55.2,20.5,46.1,156.3,266.8,26.2,16.4,argiloso_seco,rural,media,0,seca,0,BAIXO,9,primavera,Nordeste_Sertao
Z_1486_SUD,-21.44969,-43.81411,2024-09-14,119.3,20.7,60.5,2777.4,1286.0,12.9,19.8,organico,floresta,baixa,1,inundação,0,BAIXO,9,primavera,Sudeste_Montanhoso_Litoraneo
Z_1487_NOR,-0.35306,-50.75528,2024-11-13,430.5,28.8,95.2,4419.5,326.9,1.5,45.3,arenoso,rural,media,0,nenhum,0,MUITO BAIXO,11,primavera,Norte_Amazonia
Z_1488_NOR,-7.88262,-65.99698,2024-09-24,272.0,36.9,78.7,4223.4,424.3,4.8,3.0,argiloso,area_umida,media,0,inundação,1,MÉDIO,9,primavera,Norte_Amazonia
Z_1489_CEN,-6.99371,-53.18668,2024-04-16,131.6,36.1,32.2,274.8,150.4,2.7,15.6,latossolo,rural,baixa,0,inundação,0,BAIXO,4,outono,CentroOeste_Cerrado_Pantanal
Z_1490_NOR,-17.90494,-43.35187,2024-11-07,85.4,25.3,41.0,434.8,565.3,25.8,22.2,rochoso,rural,media,0,seca,0,BAIXO,11,primavera,Nordeste_Sertao
Z_1491_SUD,-20.37028,-43.78396,2023-02-12,312.9,21.6,81.3,3887.1,2080.3,22.2,2.2,organico,floresta,baixa,0,vendaval,0,BAIXO,2,verao,Sudeste_Montanhoso_Litoraneo
Z_1492_NOR,-8.56549,-54.59929,2024-09-18,222.7,34.6,98.2,1305.2,438.3,16.4,20.9,arenoso,urbano,alta,0,inundação,0,BAIXO,9,primavera,Norte_Amazonia
Z_1493_NOR,-7.09098,-40.70499,2023-05-14,32.4,41.4,37.3,489.4,842.0,4.5,4.9,argiloso_seco,pastagem,media,0,nenhum,0,MUITO BAIXO,5,outono,Nordeste_Sertao
Z_1494_CEN,-11.4426,-47.77108,2024-06-03,3.4,26.0,39.78158732920254,250.5,292.6,11.7,3.7,argiloso,pastagem,alta,0,nenhum,0,MUITO BAIXO,6,inverno,CentroOeste_Cerrado_Pantanal
Z_1495_NOR,-8.98223,-40.51702,2024-02-28,65.3,36.9,29.7,269.1,457.8,1.7,7.8,arenoso,rural,alta,0,incêndio,0,BAIXO,2,verao,Nordeste_Sertao
Z_1496_NOR,-5.42322,-56.8996,2023-06-15,261.9,23.4,92.6,3028.6,244.6,6.1,64.9,arenoso,urbano,alta,1,nenhum,0,MUITO BAIXO,6,inverno,Norte_Amazonia
Z_1497_SUD,-23.42054,-44.22231,2023-08-07,95.6,20.2,37.486472299790975,767.4,1590.8,50.1,22.5,rochoso,rural,alta,0,deslizamento,0,BAIXO,8,inverno,Sudeste_Montanhoso_Litoraneo
Z_1498_NOR,-2.3921,-39.96184,2024-10-16,85.2,38.4,34.2,112.1,304.6,8.9,16.1,rochoso,rural,media,0,seca,0,BAIXO,10,primavera,Nordeste_Sertao
Z_1499_NOR,-5.49253,-68.03233,2024-08-22,171.1,33.5,95.8,1393.3,350.9,10.5,31.0,organico,urbano,alta,0,nenhum,0,MUITO BAIXO,8,inverno,Norte_Amazonia
Z_1500_SUL,-32.06045,-56.38494,2024-12-28,122.1,30.2,64.2,4797.5,275.1,23.3,24.6,organico,urbano,media,0,vendaval,0,BAIXO,12,verao,Sul_Campos_Planalto
Z_1501_SUD,-22.49347,-46.05363,2023-06-21,225.0,32.7,42.97391957533939,588.8,493.4,31.0,19.7,argiloso,urbano,alta,0,deslizamento,0,MÉDIO,6,inverno,Sudeste_Montanhoso_Litoraneo
Z_1502_SUL,-28.71651,-51.07337,2024-02-08,106.4,14.9,60.9,1017.3,1127.0,14.5,23.6,arenoso_argiloso,pastagem,alta,0,nenhum,0,MUITO BAIXO,2,verao,Sul_Campos_Planalto
Z_1503_SUD,-23.18966,-48.4137,2024-11-15,272.3,23.9,58.3,2980.7,530.8,18.3,27.7,organico,urbano,alta,0,nenhum,0,MUITO BAIXO,11,primavera,Sudeste_Montanhoso_Litoraneo
Z_1504_NOR,0.11592,-66.37874,2024-04-15,374.5,37.4,74.9,3623.7,83.3,12.5,63.1,argiloso,urbano,alta,1,inundação,0,BAIXO,4,outono,Norte_Amazonia
Z_1505_NOR,-3.10311,-48.67215,2023-06-13,337.2,34.8,91.4,2035.8,335.9,10.5,3.3,argiloso,urbano,alta,0,inundação,1,MÉDIO,6,inverno,Norte_Amazonia
Z_1506_SUL,-30.56574,-52.08413,2024-08-27,195.0,27.0,69.35394124183415,259.7,305.1,37.3,20.6,organico,urbano,alta,0,deslizamento,0,MÉDIO,8,inverno,Sul_Campos_Planalto
Z_1507_SUL,-32.92506,-53.88288,2024-07-31,242.6,31.3,37.448027382344435,4815.9,875.3,24.9,13.8,organico,urbano,alta,0,seca,0,BAIXO,7,inverno,Sul_Campos_Planalto
Z_1508_SUD,-21.83001,-40.8565,2024-12-10,332.2,16.4,56.3,1281.6,42.1,38.5,8.2,argiloso,floresta,baixa,0,deslizamento,1,ALTO,12,verao,Sudeste_Montanhoso_Litoraneo
Z_1509_NOR,-3.2645,-37.52198,2024-04-05,48.6,20.8,63.8,416.1,707.5,21.6,5.4,rochoso,pastagem,media,0,seca,0,BAIXO,4,outono,Nordeste_Sertao
Z_1510_CEN,-21.96139,-48.84542,2024-06-19,53.9,21.9,34.7945857373108,139.2,731.0,1.5,0.8,latossolo,area_umida,baixa,0,nenhum,0,MUITO BAIXO,6,inverno,CentroOeste_Cerrado_Pantanal
Z_1511_SUL,-24.76818,-52.47346,2023-12-07,232.7,22.8,64.0,4969.0,881.2,1.0,24.1,argiloso,urbano,alta,0,nenhum,0,MUITO BAIXO,12,verao,Sul_Campos_Planalto
Z_1512_SUL,-30.13634,-51.85036,2024-12-22,88.9,5.3,42.2,2473.0,609.2,18.7,15.2,organico,pastagem,baixa,0,nenhum,0,MUITO BAIXO,12,verao,Sul_Campos_Planalto
Z_1513_SUL,-24.79744,-49.30943,2024-02-04,225.8,19.0,84.2,327.9,1223.8,12.7,29.2,organico,urbano,alta,0,seca,0,BAIXO,2,verao,Sul_Campos_Planalto
Z_1514_SUL,-33.72552,-55.6551,2024-01-06,155.8,7.6,71.3,1329.1,1414.3,7.3,19.1,arenoso_argiloso,rural,baixa,1,nenhum,0,MUITO BAIXO,1,verao,Sul_Campos_Planalto
Z_1515_SUD,-23.52885,-43.48298,2024-07-19,291.8,18.1,45.845306900265854,4234.6,1464.7,9.7,2.4,organico,pastagem,media,0,inundação,1,MÉDIO,7,inverno,Sudeste_Montanhoso_Litoraneo
Z_1516_SUL,-27.45239,-49.47936,2023-01-20,144.3,20.6,86.6,1855.7,765.6,24.4,1.1,argiloso,floresta,baixa,0,nenhum,0,MUITO BAIXO,1,verao,Sul_Campos_Planalto
Z_1517_SUD,-22.42122,-45.57837,2023-10-08,154.8,24.1,67.8,1018.6,561.3,42.9,9.4,rochoso,floresta,baixa,0,nenhum,0,MUITO BAIXO,10,primavera,Sudeste_Montanhoso_Litoraneo
Z_1518_SUL,-30.78792,-55.87774,2024-02-15,217.9,21.7,42.6,2577.6,295.2,25.4,3.3,argiloso,floresta,baixa,0,deslizamento,0,MÉDIO,2,verao,Sul_Campos_Planalto
Z_1519_NOR,3.61079,-58.07409,2024-01-21,238.3,36.7,73.0,3246.0,88.2,7.4,50.4,organico,area_umida,media,0,inundação,0,MÉDIO,1,verao,Norte_Amazonia
Z_1520_NOR,-4.55203,-48.18268,2024-12-16,401.6,26.9,73.1,1312.6,129.3,0.1,28.4,argiloso,floresta,media,1,incêndio,0,BAIXO,12,verao,Norte_Amazonia
Z_1521_NOR,-8.89654,-54.66665,2023-05-07,256.6,29.7,81.1,2896.1,450.5,4.1,3.9,organico,floresta,media,0,inundação,1,MÉDIO,5,outono,Norte_Amazonia
Z_1522_CEN,-22.92877,-47.89213,2024-07-14,21.7,36.3,33.06464147275274,354.3,78.0,10.8,12.0,argiloso,pastagem,baixa,0,incêndio,0,MÉDIO,7,inverno,CentroOeste_Cerrado_Pantanal
Z_1523_SUL,-31.32848,-52.97439,2023-05-13,97.5,19.7,89.7,4162.0,77.4,2.1,22.3,arenoso_argiloso,rural,media,0,inundação,0,BAIXO,5,outono,Sul_Campos_Planalto
Z_1524_SUD,-19.74652,-48.33474,2023-07-30,222.3,23.6,60.72807079533092,2935.0,2428.6,5.8,5.1,argiloso,urbano,media,0,vendaval,0,BAIXO,7,inverno,Sudeste_Montanhoso_Litoraneo
Z_1525_CEN,-9.18723,-59.21595,2024-02-29,93.9,28.6,68.8,223.8,696.8,10.7,14.7,argiloso,rural,baixa,1,nenhum,0,MUITO BAIXO,2,verao,CentroOeste_Cerrado_Pantanal
Z_1526_SUL,-22.05782,-49.38865,2024-11-17,109.5,11.3,66.4,4910.8,293.3,35.6,25.4,arenoso_argiloso,pastagem,alta,0,nenhum,0,MUITO BAIXO,11,primavera,Sul_Campos_Planalto
Z_1527_CEN,-16.67818,-47.2922,2023-11-30,179.2,23.5,42.4,148.7,982.5,20.6,25.7,latossolo,floresta,media,0,incêndio,0,BAIXO,11,primavera,CentroOeste_Cerrado_Pantanal
Z_1528_NOR,-3.48445,-42.24746,2023-08-07,6.6,27.9,22.448711329066345,82.2,527.8,13.6,18.8,arenoso,pastagem,media,0,incêndio,0,BAIXO,8,inverno,Nordeste_Sertao
Z_1529_NOR,-10.99057,-43.62024,2023-03-18,99.5,31.2,56.6,299.0,733.0,20.1,27.1,argiloso_seco,rural,media,0,nenhum,0,MUITO BAIXO,3,outono,Nordeste_Sertao
Z_1530_SUD,-19.63134,-42.68023,2024-04-19,190.7,17.1,72.1,1465.7,583.0,42.2,26.8,argiloso,rural,media,0,deslizamento,0,MÉDIO,4,outono,Sudeste_Montanhoso_Litoraneo
Z_1531_NOR,-13.94803,-44.15168,2024-04-06,82.5,22.6,61.3,154.3,464.4,0.7,5.0,rochoso,rural,media,0,nenhum,0,MUITO BAIXO,4,outono,Nordeste_Sertao
Z_1532_NOR,-1.55412,-52.24971,2023-01-25,287.2,24.5,93.2,3657.6,99.9,5.7,25.8,arenoso,area_umida,media,0,inundação,0,MÉDIO,1,verao,Norte_Amazonia
Z_1533_NOR,-9.59949,-37.13775,2023-02-21,48.1,32.4,42.2,298.5,743.7,11.2,12.3,rochoso,pastagem,baixa,0,nenhum,0,MUITO BAIXO,2,verao,Nordeste_Sertao
Z_1534_NOR,-15.82943,-38.12118,2023-10-29,73.7,41.6,20.3,18.9,593.8,19.1,5.4,arenoso,rural,baixa,0,seca,0,BAIXO,10,primavera,Nordeste_Sertao
Z_1535_SUL,-23.78329,-54.60191,2024-05-13,104.7,27.9,73.7,1189.2,1017.4,10.0,22.6,organico,floresta,baixa,0,nenhum,0,MUITO BAIXO,5,outono,Sul_Campos_Planalto
Z_1536_NOR,1.85752,-63.42392,2024-06-16,349.6,26.8,98.7,1538.2,309.4,18.6,68.0,arenoso,rural,baixa,0,nenhum,0,MUITO BAIXO,6,inverno,Norte_Amazonia
Z_1537_SUD,-24.20791,-39.87488,2023-01-29,214.6,17.8,88.7,1248.8,2116.4,12.0,11.8,rochoso,urbano,media,0,deslizamento,0,BAIXO,1,verao,Sudeste_Montanhoso_Litoraneo
Z_1538_NOR,-1.4491,-68.96583,2024-07-24,283.0,33.8,92.7,4225.1,430.7,15.7,14.8,organico,rural,baixa,0,inundação,0,BAIXO,7,inverno,Norte_Amazonia
Z_1539_NOR,-13.24043,-39.35414,2023-03-02,92.2,36.5,32.0,434.5,977.1,4.0,7.9,arenoso,pastagem,baixa,1,seca,0,BAIXO,3,outono,Nordeste_Sertao
Z_1540_NOR,-15.69337,-43.96379,2024-09-23,35.3,35.8,55.2,423.9,539.5,1.1,13.7,arenoso,rural,alta,0,nenhum,0,MUITO BAIXO,9,primavera,Nordeste_Sertao
Z_1541_CEN,-19.85836,-53.72886,2024-09-12,72.4,24.9,53.7,189.2,460.1,20.7,9.5,argiloso,area_umida,baixa,0,nenhum,0,MUITO BAIXO,9,primavera,CentroOeste_Cerrado_Pantanal
Z_1542_CEN,-7.0301,-59.04384,2024-10-28,107.5,21.3,46.1,76.7,249.3,8.8,19.7,latossolo,floresta,baixa,0,incêndio,0,BAIXO,10,primavera,CentroOeste_Cerrado_Pantanal
Z_1543_SUD,-23.86556,-41.28394,2023-07-01,256.3,18.0,42.41683302449229,2539.0,2057.3,10.3,26.0,rochoso,urbano,alta,1,nenhum,0,MUITO BAIXO,7,inverno,Sudeste_Montanhoso_Litoraneo
Z_1544_NOR,-8.14218,-68.89232,2023-07-05,292.0,25.7,85.4,385.9,314.0,5.4,48.9,arenoso,urbano,alta,0,inundação,0,BAIXO,7,inverno,Norte_Amazonia
Z_1545_NOR,-2.81678,-73.77674,2023-03-05,204.7,36.1,73.9,3190.0,199.8,5.9,50.7,organico,area_umida,baixa,0,inundação,0,MÉDIO,3,outono,Norte_Amazonia
Z_1546_NOR,-3.09624,-37.27513,2024-07-01,4.3,30.1,29.250983088606226,485.3,620.9,15.8,26.3,arenoso,rural,alta,0,seca,0,MÉDIO,7,inverno,Nordeste_Sertao
Z_1547_NOR,-1.15973,-70.34334,2023-07-26,355.3,29.2,83.6,2491.0,55.5,1.7,27.2,arenoso,floresta,media,0,inundação,0,MÉDIO,7,inverno,Norte_Amazonia
Z_1548_NOR,-2.32793,-52.01259,2024-05-06,196.6,31.9,99.6,2183.5,452.1,2.8,36.3,argiloso,urbano,alta,0,vendaval,1,MÉDIO,5,outono,Norte_Amazonia
Z_1549_SUL,-28.72958,-54.67058,2024-02-05,196.1,27.9,83.0,3122.3,1707.8,25.6,25.3,argiloso,floresta,baixa,0,deslizamento,0,BAIXO,2,verao,Sul_Campos_Planalto
Z_1550_CEN,-5.88556,-46.48392,2023-03-03,141.8,26.4,63.7,283.8,1041.5,15.3,10.8,latossolo,pastagem,baixa,0,seca,0,BAIXO,3,outono,CentroOeste_Cerrado_Pantanal
Z_1551_SUL,-31.27907,-53.92774,2024-06-14,210.7,16.0,27.854766391764606,114.8,829.6,13.0,26.2,organico,rural,baixa,0,nenhum,0,MUITO BAIXO,6,inverno,Sul_Campos_Planalto
Z_1552_NOR,-15.16819,-43.66698,2024-03-03,43.8,31.8,29.9,213.6,105.9,30.0,9.5,arenoso,pastagem,alta,0,nenhum,0,MUITO BAIXO,3,outono,Nordeste_Sertao
Z_1553_NOR,-5.12598,-42.07796,2023-02-27,5.7,24.8,42.5,105.0,149.8,20.4,27.7,argiloso_seco,rural,media,0,nenhum,0,MUITO BAIXO,2,verao,Nordeste_Sertao
Z_1554_CEN,-21.92593,-59.6214,2024-03-16,116.7,19.1,48.2,481.7,1060.8,3.3,12.0,latossolo,area_umida,alta,0,inundação,0,BAIXO,3,outono,CentroOeste_Cerrado_Pantanal
Z_1555_SUL,-23.7064,-55.79392,2023-03-11,96.2,6.3,70.7,2482.4,437.6,20.3,21.0,argiloso,rural,media,0,nenhum,0,MUITO BAIXO,3,outono,Sul_Campos_Planalto
Z_1556_NOR,-0.39344,-52.4324,2023-03-29,332.2,37.2,99.6,506.9,9.9,13.6,45.4,arenoso,urbano,media,0,inundação,0,MÉDIO,3,outono,Norte_Amazonia
Z_1557_CEN,-18.96079,-57.31102,2023-06-09,18.3,31.2,28.342864368731632,359.7,1028.8,22.1,0.2,latossolo,floresta,baixa,0,nenhum,0,MUITO BAIXO,6,inverno,CentroOeste_Cerrado_Pantanal
Z_1558_CEN,-14.30342,-58.22334,2024-12-07,101.5,18.2,72.2,399.4,915.0,6.8,4.5,latossolo,floresta,baixa,1,incêndio,0,BAIXO,12,verao,CentroOeste_Cerrado_Pantanal
Z_1559_SUL,-24.06126,-57.04413,2023-01-31,169.8,7.4,84.0,4085.4,1395.4,9.0,13.1,organico,rural,alta,0,seca,0,BAIXO,1,verao,Sul_Campos_Planalto
Z_1560_SUD,-23.61418,-43.38586,2024-07-15,297.9,30.4,58.718898620396175,4649.7,1285.0,31.4,22.1,organico,floresta,media,0,deslizamento,0,MÉDIO,7,inverno,Sudeste_Montanhoso_Litoraneo
Z_1561_CEN,-13.88403,-60.71995,2024-04-06,108.5,27.8,53.7,141.9,770.2,20.1,27.0,arenoso,floresta,baixa,0,incêndio,0,BAIXO,4,outono,CentroOeste_Cerrado_Pantanal
Z_1562_NOR,-4.36625,-39.97264,2023-04-21,43.2,32.1,55.3,199.6,509.4,25.9,22.5,arenoso,rural,baixa,0,nenhum,0,MUITO BAIXO,4,outono,Nordeste_Sertao
Z_1563_NOR,-4.87876,-41.08589,2024-11-26,33.7,29.0,31.4,120.2,805.6,5.1,27.7,argiloso_seco,pastagem,alta,0,nenhum,0,MUITO BAIXO,11,primavera,Nordeste_Sertao
Z_1564_SUL,-23.90236,-57.70623,2023-10-06,153.7,8.1,89.7,3308.0,901.5,29.8,1.7,organico,rural,media,0,deslizamento,0,MÉDIO,10,primavera,Sul_Campos_Planalto
Z_1565_SUD,-24.4536,-39.70953,2023-06-02,328.5,15.8,42.76991249657803,2614.9,2053.0,17.8,17.9,rochoso,floresta,media,0,vendaval,0,BAIXO,6,inverno,Sudeste_Montanhoso_Litoraneo
Z_1566_NOR,-2.15008,-59.8559,2024-06-06,356.3,27.0,94.5,2617.5,138.2,6.1,64.7,arenoso,area_umida,media,0,inundação,1,MÉDIO,6,inverno,Norte_Amazonia
Z_1567_NOR,-17.18994,-43.12037,2024-02-23,14.2,24.1,31.5,330.0,966.0,21.1,22.1,argiloso_seco,rural,baixa,0,seca,0,BAIXO,2,verao,Nordeste_Sertao
Z_1568_NOR,-3.87478,-42.85562,2023-07-25,0.6,32.1,17.732334283192277,201.1,127.3,15.8,13.0,rochoso,rural,baixa,0,incêndio,0,MÉDIO,7,inverno,Nordeste_Sertao
Z_1569_NOR,-10.98035,-37.5805,2023-08-07,4.7,37.6,36.57625109404144,166.4,895.2,13.7,3.5,arenoso,pastagem,media,0,incêndio,0,MÉDIO,8,inverno,Nordeste_Sertao
Z_1570_NOR,0.51729,-63.30165,2024-04-13,374.7,28.8,91.1,2162.3,420.1,19.1,3.3,arenoso,area_umida,baixa,0,inundação,0,BAIXO,4,outono,Norte_Amazonia
Z_1571_NOR,4.37394,-66.33377,2024-05-25,236.9,29.1,79.4,3049.4,319.9,18.2,65.5,argiloso,floresta,baixa,0,vendaval,0,BAIXO,5,outono,Norte_Amazonia
Z_1572_NOR,-9.63882,-69.97408,2023-12-03,395.6,27.1,87.4,3374.7,51.3,6.9,15.8,arenoso,floresta,baixa,0,inundação,0,MÉDIO,12,verao,Norte_Amazonia
Z_1573_NOR,-3.76469,-37.62733,2023-07-03,1.1,30.9,56.71994680074273,271.5,101.1,14.5,6.0,arenoso,rural,alta,0,incêndio,0,BAIXO,7,inverno,Nordeste_Sertao
Z_1574_SUD,-18.06704,-43.84517,2023-06-12,344.3,23.5,71.25086679364834,3605.7,2263.6,46.6,10.0,organico,urbano,media,0,deslizamento,1,ALTO,6,inverno,Sudeste_Montanhoso_Litoraneo
Z_1575_SUD,-21.37338,-43.71484,2024-06-19,307.1,30.3,52.47268723912691,243.7,1282.8,25.8,11.0,argiloso,urbano,media,0,deslizamento,0,MÉDIO,6,inverno,Sudeste_Montanhoso_Litoraneo
Z_1576_SUD,-18.68162,-39.50697,2023-06-13,206.2,25.6,81.87493641619969,1130.3,1483.1,27.7,10.6,rochoso,floresta,baixa,0,vendaval,0,MÉDIO,6,inverno,Sudeste_Montanhoso_Litoraneo
Z_1577_NOR,-4.37614,-55.209,2024-08-07,422.1,26.3,85.2,2428.7,327.7,17.2,44.0,arenoso,rural,baixa,0,nenhum,0,MUITO BAIXO,8,inverno,Norte_Amazonia
Z_1578_NOR,-5.37486,-39.68603,2024-03-23,61.0,27.1,56.3,17.7,289.6,7.6,10.1,argiloso_seco,rural,media,0,incêndio,0,BAIXO,3,outono,Nordeste_Sertao
Z_1579_SUD,-21.59806,-39.94269,2024-08-09,123.6,31.1,38.95086227711873,125.4,1904.6,54.3,21.1,organico,urbano,alta,0,inundação,0,BAIXO,8,inverno,Sudeste_Montanhoso_Litoraneo
Z_1580_NOR,-8.82276,-60.80991,2023-03-31,159.2,32.1,79.8,4513.6,231.3,1.9,39.5,argiloso,area_umida,baixa,0,nenhum,0,MUITO BAIXO,3,outono,Norte_Amazonia
Z_1581_NOR,-17.81088,-43.76654,2024-06-06,12.1,32.6,44.61490956088948,321.7,645.1,6.9,11.3,arenoso,rural,media,0,seca,0,MÉDIO,6,inverno,Nordeste_Sertao
Z_1582_SUD,-24.19205,-39.5311,2024-09-23,130.2,30.6,92.2,1645.2,587.7,50.8,2.7,argiloso,floresta,media,0,deslizamento,0,BAIXO,9,primavera,Sudeste_Montanhoso_Litoraneo
Z_1583_SUL,-27.39449,-57.47082,2023-02-14,225.4,11.9,73.9,4410.4,864.2,21.2,27.3,organico,urbano,alta,0,vendaval,0,BAIXO,2,verao,Sul_Campos_Planalto
Z_1584_CEN,-22.81813,-49.73607,2024-05-20,82.5,31.9,41.6,53.3,798.9,3.7,22.3,arenoso,area_umida,baixa,1,nenhum,0,MUITO BAIXO,5,outono,CentroOeste_Cerrado_Pantanal
Z_1585_SUL,-33.26426,-48.52055,2024-11-09,148.9,30.9,72.5,3207.2,1595.8,3.3,13.1,organico,urbano,alta,0,vendaval,0,MÉDIO,11,primavera,Sul_Campos_Planalto
Z_1586_SUD,-24.15779,-47.46191,2024-12-02,103.1,27.9,61.8,3552.8,2622.4,48.1,5.3,argiloso,rural,media,1,vendaval,0,BAIXO,12,verao,Sudeste_Montanhoso_Litoraneo
Z_1587_NOR,-8.77658,-68.67642,2024-11-20,367.5,30.4,76.7,3318.8,186.4,1.9,8.3,argiloso,urbano,alta,0,vendaval,0,BAIXO,11,primavera,Norte_Amazonia
Z_1588_SUD,-23.63765,-41.74476,2023-04-23,328.5,20.6,54.1,4846.9,248.7,20.0,15.2,rochoso,rural,baixa,0,deslizamento,0,BAIXO,4,outono,Sudeste_Montanhoso_Litoraneo
Z_1589_SUD,-24.9408,-42.62674,2024-08-14,269.6,16.6,50.70354752232135,3774.6,2240.4,14.7,28.4,argiloso,urbano,alta,0,nenhum,0,MUITO BAIXO,8,inverno,Sudeste_Montanhoso_Litoraneo
Z_1590_NOR,-5.04508,-67.96352,2023-11-20,275.8,36.9,87.7,4460.2,404.0,8.6,23.8,argiloso,urbano,alta,0,inundação,0,BAIXO,11,primavera,Norte_Amazonia
Z_1591_NOR,-9.28067,-37.41217,2024-11-10,36.6,20.4,67.7,335.8,468.9,9.1,8.9,argiloso_seco,pastagem,alta,0,incêndio,0,BAIXO,11,primavera,Nordeste_Sertao
Z_1592_SUL,-26.54312,-53.29127,2024-10-28,194.9,6.8,62.4,656.7,329.2,8.9,2.5,organico,pastagem,baixa,0,inundação,0,MÉDIO,10,primavera,Sul_Campos_Planalto
Z_1593_CEN,-7.74634,-55.86964,2024-01-12,172.9,37.7,34.6,488.8,243.7,17.1,15.2,latossolo,area_umida,alta,1,nenhum,0,MUITO BAIXO,1,verao,CentroOeste_Cerrado_Pantanal
Z_1594_NOR,4.74537,-55.3206,2024-04-06,416.5,28.2,91.4,4734.4,403.6,12.1,1.9,organico,rural,baixa,0,inundação,1,ALTO,4,outono,Norte_Amazonia
Z_1595_SUD,-18.48703,-41.98915,2024-10-15,243.6,29.9,78.6,109.7,1414.0,12.3,19.2,rochoso,rural,baixa,0,vendaval,0,BAIXO,10,primavera,Sudeste_Montanhoso_Litoraneo
Z_1596_NOR,-1.32096,-64.21285,2024-07-08,374.0,28.9,99.9,754.4,315.2,6.8,71.8,argiloso,floresta,baixa,0,nenhum,0,MUITO BAIXO,7,inverno,Norte_Amazonia
Z_1597_NOR,-7.36989,-53.57842,2024-02-15,160.0,35.4,76.8,611.9,25.4,11.4,67.6,organico,area_umida,media,0,nenhum,0,MUITO BAIXO,2,verao,Norte_Amazonia
Z_1598_NOR,-11.81399,-40.63336,2024-10-11,36.6,36.8,53.9,147.7,461.8,0.1,8.2,argiloso_seco,pastagem,baixa,0,seca,0,BAIXO,10,primavera,Nordeste_Sertao
Z_1599_NOR,-3.47355,-38.66686,2024-10-19,26.2,31.7,57.0,473.0,907.2,25.1,28.0,argiloso_seco,rural,alta,0,nenhum,0,MUITO BAIXO,10,primavera,Nordeste_Sertao
Z_1600_NOR,-2.57711,-72.87298,2023-06-29,365.8,34.1,97.3,1182.1,211.8,10.2,52.2,argiloso,urbano,alta,0,vendaval,0,MÉDIO,6,inverno,Norte_Amazonia
Z_1601_NOR,-8.96388,-40.57794,2023-03-24,41.7,30.4,65.5,228.7,568.2,4.6,14.0,argiloso_seco,pastagem,alta,0,seca,0,BAIXO,3,outono,Nordeste_Sertao
Z_1602_NOR,1.24475,-57.80374,2024-07-10,443.2,22.1,74.1,1557.5,488.8,10.3,61.2,organico,rural,media,0,vendaval,0,BAIXO,7,inverno,Norte_Amazonia
Z_1603_NOR,0.92345,-71.31779,2023-03-29,275.6,35.2,79.5,4958.4,94.5,19.7,4.2,arenoso,area_umida,baixa,0,vendaval,0,BAIXO,3,outono,Norte_Amazonia
Z_1604_CEN,-14.3788,-60.30113,2023-06-03,14.4,35.7,52.822700737410884,441.3,433.2,24.6,16.3,arenoso,pastagem,media,0,seca,0,BAIXO,6,inverno,CentroOeste_Cerrado_Pantanal
Z_1605_SUD,-19.1939,-40.80225,2023-02-02,230.1,30.8,50.7,79.4,444.7,45.8,6.6,rochoso,urbano,alta,0,deslizamento,0,BAIXO,2,verao,Sudeste_Montanhoso_Litoraneo
Z_1606_SUD,-19.57824,-39.00835,2023-08-26,244.8,19.6,33.38433505743002,3570.8,819.4,16.1,6.8,rochoso,rural,media,0,nenhum,0,MUITO BAIXO,8,inverno,Sudeste_Montanhoso_Litoraneo
Z_1607_SUD,-22.98785,-45.71775,2024-03-12,132.6,31.5,56.2,2205.8,1893.1,47.1,10.0,argiloso,rural,baixa,1,inundação,0,BAIXO,3,outono,Sudeste_Montanhoso_Litoraneo
Z_1608_SUD,-19.35226,-46.38603,2024-03-21,100.2,18.3,86.4,586.4,1982.0,26.0,11.5,argiloso,pastagem,baixa,0,vendaval,0,BAIXO,3,outono,Sudeste_Montanhoso_Litoraneo
Z_1609_NOR,2.98634,-60.70429,2023-09-25,389.6,28.3,91.5,4103.0,413.9,18.5,33.5,organico,rural,media,1,incêndio,0,BAIXO,9,primavera,Norte_Amazonia
Z_1610_SUL,-31.49469,-57.83525,2024-01-17,169.2,8.4,75.7,4806.2,1724.0,19.1,9.9,argiloso,floresta,media,1,vendaval,0,BAIXO,1,verao,Sul_Campos_Planalto
Z_1611_NOR,-5.44751,-53.29846,2024-06-27,271.1,32.0,79.3,2613.1,468.5,13.9,18.8,argiloso,area_umida,baixa,0,inundação,1,MÉDIO,6,inverno,Norte_Amazonia
Z_1612_NOR,-10.6565,-44.66201,2024-12-09,28.2,27.7,55.6,474.9,811.3,19.2,27.1,rochoso,rural,media,0,incêndio,0,BAIXO,12,verao,Nordeste_Sertao
Z_1613_CEN,-5.13903,-47.78915,2023-04-09,184.1,29.2,42.4,105.8,146.5,13.3,15.5,arenoso,pastagem,baixa,0,seca,0,BAIXO,4,outono,CentroOeste_Cerrado_Pantanal
Z_1614_NOR,1.3542,-53.48121,2023-12-16,287.8,36.1,90.4,1424.4,262.5,9.4,29.7,organico,floresta,media,0,nenhum,0,MUITO BAIXO,12,verao,Norte_Amazonia
Z_1615_SUD,-18.74382,-44.25903,2023-01-10,293.3,31.9,58.4,441.5,1706.6,45.6,16.8,rochoso,floresta,media,0,nenhum,0,MUITO BAIXO,1,verao,Sudeste_Montanhoso_Litoraneo
Z_1616_SUL,-27.38333,-55.42549,2023-07-24,160.5,9.2,53.21719915481157,3935.8,873.3,19.9,2.5,organico,urbano,alta,0,seca,0,BAIXO,7,inverno,Sul_Campos_Planalto
Z_1617_SUD,-22.12662,-40.56215,2023-10-28,329.8,16.1,80.9,4710.2,2167.5,28.4,10.6,organico,rural,alta,0,deslizamento,0,MÉDIO,10,primavera,Sudeste_Montanhoso_Litoraneo
Z_1618_NOR,1.90387,-56.8364,2024-01-09,383.4,22.2,95.6,1179.8,148.5,18.1,67.5,organico,urbano,alta,0,incêndio,0,BAIXO,1,verao,Norte_Amazonia
Z_1619_NOR,-9.36404,-71.07713,2024-10-30,382.5,22.3,98.9,1572.2,89.2,2.3,7.7,organico,floresta,baixa,0,inundação,1,MÉDIO,10,primavera,Norte_Amazonia
Z_1620_SUL,-27.78929,-55.86092,2023-02-15,204.7,20.3,42.9,1139.1,1595.4,10.4,26.8,arenoso_argiloso,urbano,media,0,inundação,0,BAIXO,2,verao,Sul_Campos_Planalto
Z_1621_SUD,-19.69129,-47.07918,2024-09-16,215.8,31.8,90.9,3370.3,1500.8,18.4,3.4,organico,pastagem,alta,0,inundação,0,BAIXO,9,primavera,Sudeste_Montanhoso_Litoraneo
Z_1622_SUD,-20.67169,-40.67653,2024-01-05,328.6,22.7,81.5,2226.6,329.2,11.8,0.6,organico,urbano,alta,0,inundação,1,ALTO,1,verao,Sudeste_Montanhoso_Litoraneo
Z_1623_SUD,-21.29151,-43.06907,2024-01-28,334.1,22.5,74.5,2801.6,1202.2,11.2,26.8,organico,pastagem,baixa,0,nenhum,0,MUITO BAIXO,1,verao,Sudeste_Montanhoso_Litoraneo
Z_1624_NOR,-7.15576,-44.98033,2024-08-29,0.6,38.6,16.81542735492303,226.0,986.8,1.0,18.9,rochoso,pastagem,media,0,incêndio,1,ALTO,8,inverno,Nordeste_Sertao
Z_1625_SUD,-19.30502,-47.72136,2023-07-09,94.4,20.7,58.79077764872084,2291.6,700.8,52.2,20.9,organico,pastagem,alta,0,nenhum,0,MUITO BAIXO,7,inverno,Sudeste_Montanhoso_Litoraneo
Z_1626_SUL,-30.71507,-49.01209,2023-04-14,117.6,9.5,74.4,2507.3,1356.9,17.9,25.0,arenoso_argiloso,pastagem,baixa,0,vendaval,0,BAIXO,4,outono,Sul_Campos_Planalto
Z_1627_SUL,-33.35261,-48.99748,2024-03-28,165.8,14.2,71.9,3788.4,1599.9,14.9,23.1,argiloso,floresta,baixa,0,seca,0,BAIXO,3,outono,Sul_Campos_Planalto
Z_1628_NOR,-6.28646,-50.06978,2024-04-05,256.0,35.1,92.8,2581.0,486.7,8.0,70.5,argiloso,urbano,alta,0,vendaval,0,MÉDIO,4,outono,Norte_Amazonia
Z_1629_NOR,1.71066,-70.0871,2024-05-10,188.5,23.3,73.9,4195.8,492.5,9.8,64.2,arenoso,area_umida,baixa,0,inundação,0,MÉDIO,5,outono,Norte_Amazonia
Z_1630_CEN,-21.74977,-60.87956,2024-07-05,40.4,32.3,35.72149692335926,14.9,624.2,11.8,24.0,latossolo,area_umida,media,0,incêndio,0,BAIXO,7,inverno,CentroOeste_Cerrado_Pantanal
Z_1631_NOR,-2.75018,-42.8124,2024-09-23,49.4,26.6,25.0,83.6,950.8,19.0,26.8,arenoso,pastagem,baixa,0,seca,0,BAIXO,9,primavera,Nordeste_Sertao
Z_1632_CEN,-16.46072,-48.82817,2023-03-02,101.5,32.6,60.7,323.2,1132.5,19.5,14.9,latossolo,rural,media,1,nenhum,0,MUITO BAIXO,3,outono,CentroOeste_Cerrado_Pantanal
Z_1633_SUL,-25.60569,-51.34964,2023-10-02,223.1,15.6,85.2,1734.9,471.9,4.8,3.2,organico,pastagem,baixa,0,inundação,0,MÉDIO,10,primavera,Sul_Campos_Planalto
Z_1634_NOR,-14.32777,-41.58896,2024-06-14,4.1,31.2,19.7,209.3,840.0,15.1,22.8,rochoso,rural,alta,0,seca,1,MÉDIO,6,inverno,Nordeste_Sertao
Z_1635_SUD,-23.14532,-39.04063,2024-01-16,342.3,16.6,68.5,612.0,802.0,50.9,13.8,argiloso,urbano,media,0,deslizamento,0,BAIXO,1,verao,Sudeste_Montanhoso_Litoraneo
Z_1636_CEN,-6.01385,-52.40151,2024-09-01,119.7,22.4,81.2,59.5,210.6,15.8,11.4,arenoso,floresta,baixa,0,incêndio,0,BAIXO,9,primavera,CentroOeste_Cerrado_Pantanal
Z_1637_NOR,-12.3471,-37.80307,2024-08-21,20.5,26.2,46.70989671336389,154.5,403.4,3.9,19.6,argiloso_seco,rural,media,0,nenhum,0,MUITO BAIXO,8,inverno,Nordeste_Sertao
Z_1638_CEN,-8.26827,-48.97915,2023-11-11,139.1,34.8,60.6,42.5,894.2,21.4,24.8,arenoso,floresta,media,0,nenhum,0,MUITO BAIXO,11,primavera,CentroOeste_Cerrado_Pantanal
Z_1639_SUD,-18.27685,-44.37868,2023-01-05,133.6,32.0,72.4,3261.1,709.3,49.4,12.4,organico,rural,media,0,inundação,0,BAIXO,1,verao,Sudeste_Montanhoso_Litoraneo
Z_1640_SUL,-32.13231,-49.54256,2024-08-11,194.2,27.1,59.90699323883011,907.3,760.5,12.5,25.2,arenoso_argiloso,pastagem,alta,0,seca,0,BAIXO,8,inverno,Sul_Campos_Planalto
Z_1641_CEN,-16.86362,-54.04624,2023-02-25,94.5,31.2,37.9,373.1,898.8,18.4,6.9,argiloso,floresta,baixa,0,incêndio,0,BAIXO,2,verao,CentroOeste_Cerrado_Pantanal
Z_1642_SUD,-20.35535,-49.88273,2023-03-29,288.1,22.7,78.6,2915.8,2160.0,27.2,4.4,argiloso,pastagem,alta,0,deslizamento,0,MÉDIO,3,outono,Sudeste_Montanhoso_Litoraneo
Z_1643_NOR,-5.79461,-37.43494,2024-04-10,21.9,38.5,53.1,372.3,758.0,8.0,10.3,rochoso,pastagem,media,0,seca,0,BAIXO,4,outono,Nordeste_Sertao
Z_1644_SUD,-20.98486,-47.83636,2024-01-28,318.1,26.3,73.4,1615.3,1586.7,11.5,7.5,rochoso,pastagem,media,0,vendaval,0,BAIXO,1,verao,Sudeste_Montanhoso_Litoraneo
Z_1645_SUD,-24.85166,-42.41157,2024-11-20,335.6,22.5,75.2,1464.8,2635.6,29.3,14.8,organico,pastagem,baixa,1,deslizamento,0,MÉDIO,11,primavera,Sudeste_Montanhoso_Litoraneo
Z_1646_NOR,-5.29491,-48.68924,2024-10-13,376.8,33.1,96.1,3080.2,249.1,12.6,6.7,argiloso,floresta,baixa,0,vendaval,0,MÉDIO,10,primavera,Norte_Amazonia
Z_1647_NOR,-5.60247,-38.88125,2024-09-04,89.0,25.7,37.5,78.2,295.1,26.7,17.3,arenoso,rural,baixa,1,seca,0,BAIXO,9,primavera,Nordeste_Sertao
Z_1648_SUD,-24.30515,-40.26868,2024-09-05,129.6,24.8,87.9,4220.0,1916.3,7.1,9.3,organico,floresta,baixa,1,inundação,0,BAIXO,9,primavera,Sudeste_Montanhoso_Litoraneo
Z_1649_CEN,-14.40969,-50.2346,2023-11-23,174.6,22.6,51.6,219.7,256.6,3.6,11.3,arenoso,rural,alta,1,seca,0,BAIXO,11,primavera,CentroOeste_Cerrado_Pantanal
Z_1650_SUL,-30.99744,-52.31148,2023-03-28,70.6,17.2,65.8,3184.1,966.9,6.6,2.6,organico,urbano,alta,0,nenhum,0,MUITO BAIXO,3,outono,Sul_Campos_Planalto
Z_1651_SUD,-21.25763,-42.96872,2024-12-03,283.3,33.0,83.1,1497.0,2775.3,20.8,3.4,argiloso,urbano,alta,0,inundação,0,BAIXO,12,verao,Sudeste_Montanhoso_Litoraneo
Z_1652_SUD,-19.51635,-39.02013,2024-05-31,264.3,23.3,51.0,3560.5,1505.3,57.9,5.6,rochoso,urbano,alta,0,vendaval,0,BAIXO,5,outono,Sudeste_Montanhoso_Litoraneo
Z_1653_SUL,-32.43244,-56.97138,2024-08-15,211.4,15.4,37.254113822948234,1468.3,775.8,8.1,19.9,organico,pastagem,baixa,0,inundação,0,BAIXO,8,inverno,Sul_Campos_Planalto
Z_1654_NOR,-6.31584,-43.48635,2023-12-01,18.7,38.9,65.2,273.1,953.7,29.4,29.1,argiloso_seco,pastagem,baixa,0,nenhum,0,MUITO BAIXO,12,verao,Nordeste_Sertao
Z_1655_NOR,-6.39959,-45.80591,2023-07-08,4.5,27.8,10.0,274.0,938.0,16.5,6.1,argiloso_seco,rural,alta,0,incêndio,0,BAIXO,7,inverno,Nordeste_Sertao
Z_1656_SUD,-18.58586,-39.48562,2023-05-16,122.4,20.0,50.8,1987.6,1632.0,20.6,14.8,organico,floresta,media,1,nenhum,0,MUITO BAIXO,5,outono,Sudeste_Montanhoso_Litoraneo
Z_1657_CEN,-13.19074,-56.89959,2023-12-26,150.7,30.1,66.0,237.8,185.8,16.3,19.0,arenoso,floresta,baixa,0,inundação,0,BAIXO,12,verao,CentroOeste_Cerrado_Pantanal
Z_1658_SUD,-23.87052,-40.17612,2024-01-26,271.2,30.4,58.0,2254.4,2341.4,39.9,16.7,rochoso,pastagem,baixa,0,nenhum,0,MUITO BAIXO,1,verao,Sudeste_Montanhoso_Litoraneo
Z_1659_SUD,-19.37386,-48.41007,2024-01-21,106.4,31.6,83.3,4494.7,579.9,40.3,13.5,argiloso,rural,baixa,0,vendaval,0,MÉDIO,1,verao,Sudeste_Montanhoso_Litoraneo
Z_1660_SUD,-20.27383,-46.59803,2023-04-25,288.7,26.9,68.9,1317.3,1236.3,54.1,9.7,argiloso,urbano,alta,0,deslizamento,0,BAIXO,4,outono,Sudeste_Montanhoso_Litoraneo
Z_1661_NOR,3.34428,-66.3784,2024-05-23,397.1,27.9,76.7,2958.2,254.9,18.0,4.2,arenoso,floresta,media,0,vendaval,0,BAIXO,5,outono,Norte_Amazonia
Z_1662_NOR,-12.49799,-45.68113,2024-04-13,8.7,29.6,63.2,114.1,520.2,18.7,27.2,arenoso,rural,media,0,incêndio,0,BAIXO,4,outono,Nordeste_Sertao
Z_1663_NOR,-12.46325,-44.4756,2023-11-09,5.5,22.7,44.4,256.1,885.5,2.4,17.3,argiloso_seco,pastagem,media,0,nenhum,0,MUITO BAIXO,11,primavera,Nordeste_Sertao
Z_1664_NOR,-13.47633,-38.24289,2023-02-05,67.8,22.8,47.7,297.8,309.5,17.0,28.1,arenoso,pastagem,baixa,0,seca,0,BAIXO,2,verao,Nordeste_Sertao
Z_1665_NOR,-15.119,-43.09059,2023-12-23,75.0,30.7,64.0,100.9,943.7,18.5,27.0,arenoso,rural,baixa,1,incêndio,0,BAIXO,12,verao,Nordeste_Sertao
Z_1666_CEN,-20.38857,-46.46531,2023-04-13,122.5,23.8,67.6,90.9,1176.0,23.5,8.7,arenoso,floresta,baixa,0,nenhum,0,MUITO BAIXO,4,outono,CentroOeste_Cerrado_Pantanal
Z_1667_NOR,-7.88432,-62.43509,2024-11-15,357.9,37.3,89.2,3799.4,251.4,3.8,25.6,argiloso,urbano,alta,0,vendaval,0,BAIXO,11,primavera,Norte_Amazonia
Z_1668_NOR,0.88175,-59.55841,2024-04-22,249.5,28.1,88.0,1465.8,341.1,14.0,6.8,arenoso,floresta,baixa,0,inundação,0,BAIXO,4,outono,Norte_Amazonia
Z_1669_SUD,-23.36543,-42.76668,2023-01-10,299.9,26.8,59.3,2364.8,15.0,41.0,23.6,rochoso,pastagem,alta,0,inundação,0,BAIXO,1,verao,Sudeste_Montanhoso_Litoraneo
Z_1670_NOR,3.23788,-66.85919,2024-06-15,355.2,28.0,96.3,4653.1,79.5,0.2,58.9,argiloso,floresta,media,1,inundação,1,MÉDIO,6,inverno,Norte_Amazonia
Z_1671_NOR,-6.57067,-56.30593,2023-07-31,184.6,31.0,79.9,108.5,80.9,2.6,1.8,arenoso,floresta,baixa,0,inundação,0,MÉDIO,7,inverno,Norte_Amazonia
Z_1672_NOR,-6.93954,-63.52463,2024-08-22,169.7,37.8,74.0,2489.6,343.5,5.8,16.1,organico,rural,baixa,0,nenhum,0,MUITO BAIXO,8,inverno,Norte_Amazonia
Z_1673_SUD,-19.96171,-49.36884,2023-09-27,341.1,27.5,57.2,676.5,49.3,37.0,5.2,organico,floresta,baixa,0,deslizamento,1,ALTO,9,primavera,Sudeste_Montanhoso_Litoraneo
Z_1674_NOR,-4.23282,-70.2926,2024-12-13,418.3,25.6,70.0,3833.5,379.7,2.7,33.9,organico,floresta,baixa,1,nenhum,0,MUITO BAIXO,12,verao,Norte_Amazonia
Z_1675_SUD,-20.83504,-46.20512,2023-08-27,171.9,26.7,50.71702921470049,728.1,1961.5,18.8,19.7,organico,pastagem,alta,0,nenhum,0,MUITO BAIXO,8,inverno,Sudeste_Montanhoso_Litoraneo
Z_1676_CEN,-11.62676,-51.11941,2024-05-11,125.2,26.2,49.9,194.3,370.3,12.3,14.6,arenoso,area_umida,media,0,nenhum,0,MUITO BAIXO,5,outono,CentroOeste_Cerrado_Pantanal
Z_1677_SUD,-19.40627,-48.44475,2023-07-05,164.5,17.0,65.60955247559443,4122.4,2459.1,17.6,25.4,rochoso,floresta,baixa,0,vendaval,0,BAIXO,7,inverno,Sudeste_Montanhoso_Litoraneo
Z_1678_CEN,-23.80568,-50.19339,2023-09-10,94.7,19.5,61.7,315.3,788.2,6.4,4.8,latossolo,floresta,media,0,nenhum,0,MUITO BAIXO,9,primavera,CentroOeste_Cerrado_Pantanal
Z_1679_CEN,-7.8444,-46.50113,2023-02-25,177.1,18.7,58.5,372.0,544.6,7.1,18.4,latossolo,rural,baixa,0,inundação,0,BAIXO,2,verao,CentroOeste_Cerrado_Pantanal
Z_1680_SUD,-20.5853,-43.23353,2024-06-24,279.8,30.9,29.259237916011372,92.2,613.0,16.5,9.2,organico,rural,alta,0,inundação,0,BAIXO,6,inverno,Sudeste_Montanhoso_Litoraneo
Z_1681_NOR,4.68215,-62.34556,2024-10-04,181.0,22.1,80.5,964.4,444.0,9.1,74.5,arenoso,area_umida,baixa,0,inundação,0,MÉDIO,10,primavera,Norte_Amazonia
Z_1682_SUD,-24.90973,-40.50623,2023-10-20,345.3,30.6,65.2,1234.1,2710.6,39.4,12.2,argiloso,floresta,baixa,0,deslizamento,1,ALTO,10,primavera,Sudeste_Montanhoso_Litoraneo
Z_1683_CEN,-16.64061,-50.81338,2023-05-08,60.7,38.0,59.0,330.2,875.4,18.9,28.5,arenoso,floresta,baixa,0,incêndio,0,BAIXO,5,outono,CentroOeste_Cerrado_Pantanal
Z_1684_CEN,-19.55746,-57.50731,2023-11-14,100.6,37.2,84.7,497.8,699.5,9.7,14.2,argiloso,rural,media,0,seca,0,BAIXO,11,primavera,CentroOeste_Cerrado_Pantanal
Z_1685_SUD,-23.57091,-46.38925,2024-08-19,267.7,27.6,37.04572929786693,1903.6,115.4,24.4,4.8,organico,rural,baixa,0,nenhum,0,MUITO BAIXO,8,inverno,Sudeste_Montanhoso_Litoraneo
Z_1686_SUD,-21.85342,-41.28653,2023-07-05,229.1,18.7,53.119807379859225,830.3,49.5,53.6,3.6,rochoso,rural,alta,0,nenhum,0,MUITO BAIXO,7,inverno,Sudeste_Montanhoso_Litoraneo
Z_1687_NOR,-5.56024,-59.25391,2024-05-03,294.1,23.9,88.0,2152.8,359.0,0.4,42.4,argiloso,floresta,baixa,0,nenhum,0,MUITO BAIXO,5,outono,Norte_Amazonia
Z_1688_SUD,-24.43908,-45.93383,2024-11-15,338.5,16.7,59.6,2091.2,52.6,25.8,7.2,organico,rural,media,0,deslizamento,0,MÉDIO,11,primavera,Sudeste_Montanhoso_Litoraneo
Z_1689_CEN,-18.98337,-59.84504,2023-10-01,157.2,24.3,79.4,109.8,1145.3,16.7,23.9,latossolo,area_umida,alta,0,nenhum,0,MUITO BAIXO,10,primavera,CentroOeste_Cerrado_Pantanal
Z_1690_NOR,-2.60164,-45.04471,2023-10-07,16.1,40.1,54.4,453.7,756.3,24.2,4.9,rochoso,rural,baixa,0,seca,0,BAIXO,10,primavera,Nordeste_Sertao
Z_1691_SUD,-20.76143,-49.47207,2023-04-15,151.4,22.3,67.9,2700.8,1301.6,51.2,17.6,organico,floresta,baixa,1,deslizamento,0,MÉDIO,4,outono,Sudeste_Montanhoso_Litoraneo
Z_1692_NOR,-6.29177,-43.51423,2024-01-17,20.1,20.1,57.6,66.8,255.3,3.0,18.2,rochoso,pastagem,alta,0,nenhum,0,MUITO BAIXO,1,verao,Nordeste_Sertao
Z_1693_SUL,-30.31322,-56.56733,2024-05-24,94.8,17.9,60.7,4742.3,465.2,29.5,7.8,argiloso,rural,alta,0,seca,0,BAIXO,5,outono,Sul_Campos_Planalto
Z_1694_SUL,-31.92348,-54.4602,2023-07-31,232.6,28.8,48.126120222473105,2374.8,1050.7,1.7,23.4,argiloso,urbano,alta,0,nenhum,0,MUITO BAIXO,7,inverno,Sul_Campos_Planalto
Z_1695_SUL,-30.17332,-52.31562,2024-11-14,100.0,17.7,44.2,2326.4,314.2,14.4,20.8,arenoso_argiloso,pastagem,alta,1,seca,1,BAIXO,11,primavera,Sul_Campos_Planalto
Z_1696_SUD,-18.6036,-44.82532,2023-08-15,321.1,33.7,38.032851817091434,936.2,1056.0,18.7,12.4,argiloso,rural,alta,0,nenhum,0,MUITO BAIXO,8,inverno,Sudeste_Montanhoso_Litoraneo
Z_1697_SUD,-18.44103,-39.26284,2024-05-18,257.1,19.3,82.8,3136.0,1862.2,44.9,7.8,rochoso,urbano,media,0,nenhum,0,MUITO BAIXO,5,outono,Sudeste_Montanhoso_Litoraneo
Z_1698_SUD,-18.21353,-47.2838,2024-11-29,204.8,25.4,54.7,1820.3,78.3,58.9,14.8,organico,floresta,baixa,0,nenhum,0,MUITO BAIXO,11,primavera,Sudeste_Montanhoso_Litoraneo
Z_1699_NOR,-9.96612,-37.44447,2024-08-11,3.1,35.1,38.76733311809299,346.8,355.1,8.4,27.5,rochoso,pastagem,alta,0,incêndio,0,MÉDIO,8,inverno,Nordeste_Sertao
Z_1700_SUD,-24.42412,-45.23181,2023-10-26,282.9,21.7,51.2,3794.3,2094.5,26.1,2.3,organico,pastagem,media,0,deslizamento,1,MÉDIO,10,primavera,Sudeste_Montanhoso_Litoraneo
Z_1701_SUD,-22.99086,-43.58587,2024-10-21,187.4,28.3,94.3,314.9,2707.0,13.3,24.5,argiloso,urbano,alta,0,nenhum,0,MUITO BAIXO,10,primavera,Sudeste_Montanhoso_Litoraneo
Z_1702_SUD,-18.98189,-46.3685,2023-06-25,86.3,31.9,46.101830236062646,921.7,2280.4,26.7,0.7,rochoso,pastagem,alta,0,inundação,0,BAIXO,6,inverno,Sudeste_Montanhoso_Litoraneo
Z_1703_NOR,-11.28901,-41.48803,2024-02-14,83.8,24.7,61.0,338.4,307.0,9.0,12.1,arenoso,pastagem,baixa,0,incêndio,0,BAIXO,2,verao,Nordeste_Sertao
Z_1704_NOR,-0.94325,-57.3255,2023-01-26,422.1,23.0,79.8,3662.6,104.6,9.2,34.4,arenoso,rural,baixa,0,inundação,0,BAIXO,1,verao,Norte_Amazonia
Z_1705_NOR,-7.75705,-51.42432,2024-04-09,272.4,29.2,72.0,756.7,389.7,14.0,27.4,argiloso,area_umida,baixa,1,inundação,0,MÉDIO,4,outono,Norte_Amazonia
Z_1706_SUL,-32.90503,-49.48235,2024-02-28,157.0,14.0,65.8,2354.2,746.8,36.0,19.0,arenoso_argiloso,urbano,alta,0,nenhum,0,MUITO BAIXO,2,verao,Sul_Campos_Planalto
Z_1707_NOR,-1.0296,-65.24706,2024-09-04,349.5,22.3,97.8,2035.5,131.2,16.2,17.7,arenoso,floresta,baixa,0,nenhum,0,MUITO BAIXO,9,primavera,Norte_Amazonia
Z_1708_SUL,-22.67191,-54.08171,2023-12-20,182.8,6.9,64.1,529.3,1267.2,35.3,23.7,arenoso_argiloso,urbano,alta,0,inundação,0,BAIXO,12,verao,Sul_Campos_Planalto
Z_1709_NOR,-9.53766,-45.61637,2023-06-22,2.8,37.8,50.373514781284655,213.6,692.9,12.8,26.0,rochoso,pastagem,baixa,0,incêndio,0,BAIXO,6,inverno,Nordeste_Sertao
Z_1710_SUD,-20.00763,-44.75602,2024-09-21,157.7,23.2,61.4,1200.6,2165.5,51.3,26.8,argiloso,rural,media,0,deslizamento,0,MÉDIO,9,primavera,Sudeste_Montanhoso_Litoraneo
Z_1711_SUD,-18.94523,-45.9159,2024-07-07,274.6,17.3,40.54241875049678,482.2,614.4,9.3,28.4,argiloso,floresta,baixa,0,deslizamento,0,BAIXO,7,inverno,Sudeste_Montanhoso_Litoraneo
Z_1712_CEN,-5.17318,-47.4595,2023-12-01,72.2,18.1,48.2,55.1,522.1,20.9,20.8,latossolo,area_umida,alta,0,nenhum,0,MUITO BAIXO,12,verao,CentroOeste_Cerrado_Pantanal
Z_1713_SUL,-30.44536,-55.01183,2023-02-22,152.6,13.5,66.1,447.0,1762.0,9.0,23.2,arenoso_argiloso,rural,baixa,0,nenhum,0,MUITO BAIXO,2,verao,Sul_Campos_Planalto
Z_1714_SUL,-24.03715,-55.07146,2023-12-11,183.5,22.4,67.9,433.4,351.6,36.6,17.0,arenoso_argiloso,urbano,alta,0,inundação,0,BAIXO,12,verao,Sul_Campos_Planalto
Z_1715_CEN,-6.56677,-55.52738,2023-09-29,167.2,24.1,64.8,459.3,848.9,21.6,27.3,argiloso,area_umida,media,1,seca,0,BAIXO,9,primavera,CentroOeste_Cerrado_Pantanal
Z_1716_NOR,3.45828,-65.46808,2024-04-09,262.8,29.2,75.2,1451.8,54.1,2.8,1.8,organico,rural,baixa,0,nenhum,0,MUITO BAIXO,4,outono,Norte_Amazonia
Z_1717_SUL,-27.24611,-56.46632,2024-03-04,73.6,14.7,66.6,4496.3,697.2,7.1,26.0,arenoso_argiloso,rural,alta,0,seca,0,BAIXO,3,outono,Sul_Campos_Planalto
Z_1718_SUD,-18.18196,-44.41731,2024-10-14,88.7,26.2,75.9,3388.4,368.4,32.9,13.0,organico,rural,baixa,1,deslizamento,0,BAIXO,10,primavera,Sudeste_Montanhoso_Litoraneo
Z_1719_NOR,-6.15992,-39.41873,2024-05-11,40.1,32.9,55.4,498.5,828.4,16.8,3.9,rochoso,rural,alta,0,nenhum,0,MUITO BAIXO,5,outono,Nordeste_Sertao
Z_1720_NOR,-8.08272,-60.84317,2023-08-18,216.3,26.5,84.9,2643.8,311.3,11.5,57.6,arenoso,rural,baixa,0,nenhum,0,MUITO BAIXO,8,inverno,Norte_Amazonia
Z_1721_SUL,-30.36192,-50.79319,2023-01-16,118.0,21.7,85.3,1135.5,1584.4,26.9,20.2,arenoso_argiloso,pastagem,baixa,0,nenhum,0,MUITO BAIXO,1,verao,Sul_Campos_Planalto
Z_1722_CEN,-6.43463,-45.01551,2023-12-21,101.4,26.5,64.3,469.2,508.5,14.0,9.9,latossolo,floresta,media,0,nenhum,0,MUITO BAIXO,12,verao,CentroOeste_Cerrado_Pantanal
Z_1723_NOR,4.41352,-60.17789,2024-10-07,263.5,23.3,95.9,2962.1,5.1,17.2,54.2,argiloso,rural,baixa,1,vendaval,0,BAIXO,10,primavera,Norte_Amazonia
Z_1724_CEN,-18.9822,-52.02982,2023-02-10,163.1,23.0,64.5,167.6,744.8,25.0,5.3,argiloso,pastagem,media,0,nenhum,0,MUITO BAIXO,2,verao,CentroOeste_Cerrado_Pantanal
Z_1725_NOR,-10.97453,-37.07124,2023-11-11,98.2,26.6,44.8,147.0,458.9,26.3,25.4,argiloso_seco,rural,media,0,nenhum,0,MUITO BAIXO,11,primavera,Nordeste_Sertao
Z_1726_NOR,2.2463,-71.45586,2024-09-29,226.5,25.9,80.4,222.8,193.1,10.8,8.1,arenoso,rural,media,0,incêndio,0,BAIXO,9,primavera,Norte_Amazonia
Z_1727_NOR,-7.04399,-37.15502,2023-04-25,59.9,33.1,66.7,115.1,381.7,2.7,27.4,rochoso,pastagem,media,0,incêndio,0,BAIXO,4,outono,Nordeste_Sertao
Z_1728_SUD,-23.79461,-48.26958,2024-03-21,115.4,24.5,94.4,4274.7,1779.6,22.0,22.5,rochoso,urbano,alta,0,deslizamento,0,BAIXO,3,outono,Sudeste_Montanhoso_Litoraneo
Z_1729_SUL,-22.2276,-48.32744,2023-07-07,220.9,18.2,47.31970761944319,619.2,302.8,30.7,11.2,arenoso_argiloso,urbano,alta,0,seca,0,BAIXO,7,inverno,Sul_Campos_Planalto
Z_1730_SUD,-21.74887,-39.0813,2024-04-28,248.1,33.3,88.9,2808.0,658.1,22.4,19.0,rochoso,floresta,baixa,0,nenhum,0,MUITO BAIXO,4,outono,Sudeste_Montanhoso_Litoraneo
Z_1731_NOR,3.2896,-69.96482,2023-08-22,290.6,30.4,74.1,2026.4,404.5,19.6,69.5,arenoso,rural,media,0,nenhum,0,MUITO BAIXO,8,inverno,Norte_Amazonia
Z_1732_SUL,-31.86421,-53.10866,2024-07-12,101.1,17.7,27.429553501002943,1836.5,782.7,12.0,3.7,organico,urbano,alta,0,nenhum,0,MUITO BAIXO,7,inverno,Sul_Campos_Planalto
Z_1733_SUD,-21.08282,-47.8664,2023-09-09,332.9,23.8,79.3,2345.1,1439.9,54.7,12.5,rochoso,floresta,baixa,0,nenhum,0,MUITO BAIXO,9,primavera,Sudeste_Montanhoso_Litoraneo
Z_1734_NOR,-9.78496,-44.48434,2024-04-20,65.4,23.8,24.7,206.5,181.5,5.9,7.0,arenoso,pastagem,alta,0,seca,0,BAIXO,4,outono,Nordeste_Sertao
Z_1735_SUD,-24.60579,-46.45238,2023-04-15,299.8,26.2,87.2,1412.7,2661.6,32.5,30.0,organico,urbano,alta,0,deslizamento,0,MÉDIO,4,outono,Sudeste_Montanhoso_Litoraneo
Z_1736_NOR,-4.19932,-41.97866,2024-06-17,17.3,34.0,38.66727235726457,66.7,855.1,17.5,9.7,arenoso,rural,media,0,incêndio,0,MÉDIO,6,inverno,Nordeste_Sertao
Z_1737_CEN,-20.14163,-45.46437,2023-10-12,89.4,28.1,60.9,353.2,145.9,16.4,9.8,argiloso,area_umida,media,0,nenhum,0,MUITO BAIXO,10,primavera,CentroOeste_Cerrado_Pantanal
Z_1738_SUD,-21.49896,-49.69732,2023-02-04,120.9,30.4,81.8,2238.3,2049.6,45.5,29.5,argiloso,floresta,media,0,nenhum,0,MUITO BAIXO,2,verao,Sudeste_Montanhoso_Litoraneo
Z_1739_NOR,-4.63261,-51.59799,2024-10-14,181.4,24.9,73.7,4401.2,372.0,11.9,73.0,arenoso,rural,baixa,0,nenhum,0,MUITO BAIXO,10,primavera,Norte_Amazonia
Z_1740_SUD,-24.2113,-46.15362,2023-05-01,327.0,33.3,72.1,2304.6,2548.0,20.4,0.1,organico,urbano,alta,0,vendaval,0,MÉDIO,5,outono,Sudeste_Montanhoso_Litoraneo
Z_1741_NOR,2.77129,-48.42066,2024-07-01,445.1,29.8,90.3,723.3,335.6,19.7,55.6,organico,area_umida,baixa,0,nenhum,0,MUITO BAIXO,7,inverno,Norte_Amazonia
Z_1742_NOR,-2.78738,-67.818,2023-08-20,443.9,26.6,76.7,3882.4,262.8,7.9,48.6,argiloso,floresta,media,0,inundação,0,BAIXO,8,inverno,Norte_Amazonia
Z_1743_NOR,-13.83212,-40.85137,2023-02-06,58.9,37.0,51.3,351.7,449.8,19.8,16.6,rochoso,pastagem,alta,0,incêndio,0,BAIXO,2,verao,Nordeste_Sertao
Z_1744_NOR,-3.48188,-58.32372,2023-04-25,257.1,32.9,75.4,1580.3,217.3,1.5,48.7,argiloso,area_umida,baixa,0,inundação,0,MÉDIO,4,outono,Norte_Amazonia
Z_1745_NOR,-7.97613,-40.52036,2023-04-13,78.6,26.3,31.6,179.9,525.7,11.4,5.5,argiloso_seco,rural,media,0,nenhum,0,MUITO BAIXO,4,outono,Nordeste_Sertao
Z_1746_SUL,-33.84108,-57.49372,2023-04-27,222.3,8.8,74.8,4165.7,1616.1,11.4,18.9,arenoso_argiloso,urbano,alta,0,seca,0,BAIXO,4,outono,Sul_Campos_Planalto
Z_1747_CEN,-11.51301,-50.42251,2023-12-24,132.1,29.9,75.5,267.9,1162.7,24.5,23.7,arenoso,pastagem,alta,0,seca,0,BAIXO,12,verao,CentroOeste_Cerrado_Pantanal
Z_1748_SUD,-19.17195,-41.43285,2023-11-06,165.1,17.7,72.4,68.6,1061.3,15.8,14.5,argiloso,floresta,baixa,0,nenhum,0,MUITO BAIXO,11,primavera,Sudeste_Montanhoso_Litoraneo
Z_1749_SUL,-30.46276,-56.10087,2024-08-02,107.5,14.2,28.752971749315705,4368.3,414.6,39.7,8.5,arenoso_argiloso,urbano,alta,1,seca,0,BAIXO,8,inverno,Sul_Campos_Planalto
Z_1750_SUD,-23.16343,-45.3697,2023-06-23,195.9,17.7,53.806408502648594,2705.0,2024.4,45.4,10.2,organico,floresta,baixa,0,deslizamento,0,MÉDIO,6,inverno,Sudeste_Montanhoso_Litoraneo
Z_1751_NOR,-16.51036,-44.38476,2023-06-09,16.4,34.1,13.480919015508228,97.2,801.8,29.1,29.8,arenoso,rural,alta,0,incêndio,0,MÉDIO,6,inverno,Nordeste_Sertao
Z_1752_NOR,-9.81118,-45.95319,2024-06-10,2.4,21.7,54.08340049360065,71.5,399.4,18.0,21.2,rochoso,pastagem,media,1,nenhum,0,MUITO BAIXO,6,inverno,Nordeste_Sertao
Z_1753_SUL,-27.55499,-55.84856,2024-01-20,112.1,30.0,51.4,1102.7,247.5,35.7,7.7,arenoso_argiloso,pastagem,baixa,0,inundação,0,BAIXO,1,verao,Sul_Campos_Planalto
Z_1754_SUD,-18.66959,-39.69309,2023-05-18,319.9,22.1,70.0,3228.7,1822.2,26.7,13.7,rochoso,urbano,alta,0,nenhum,0,MUITO BAIXO,5,outono,Sudeste_Montanhoso_Litoraneo
Z_1755_NOR,2.77739,-51.11648,2024-09-16,229.5,37.3,82.4,2827.2,387.9,15.6,25.9,argiloso,floresta,media,0,nenhum,0,MUITO BAIXO,9,primavera,Norte_Amazonia
Z_1756_SUD,-24.58172,-46.86069,2024-03-20,196.2,25.8,84.9,1809.7,1937.8,18.1,29.9,argiloso,rural,baixa,0,deslizamento,0,BAIXO,3,outono,Sudeste_Montanhoso_Litoraneo
Z_1757_NOR,-9.43075,-49.30256,2023-03-08,238.4,28.0,88.7,4815.2,123.9,12.9,42.5,organico,floresta,baixa,0,inundação,0,BAIXO,3,outono,Norte_Amazonia
Z_1758_NOR,-6.42664,-48.60681,2023-04-10,302.4,35.5,79.4,4066.7,54.0,16.3,63.6,argiloso,floresta,baixa,1,nenhum,0,MUITO BAIXO,4,outono,Norte_Amazonia
Z_1759_SUL,-32.37367,-52.07945,2023-12-14,244.9,20.6,57.8,2260.3,1094.0,11.2,3.3,organico,pastagem,alta,0,inundação,0,MÉDIO,12,verao,Sul_Campos_Planalto
Z_1760_SUL,-26.36645,-54.44836,2023-01-13,105.2,6.0,86.3,3978.2,327.6,13.7,2.5,organico,floresta,baixa,0,inundação,0,BAIXO,1,verao,Sul_Campos_Planalto
Z_1761_SUD,-21.40535,-49.71971,2024-08-14,340.9,34.7,33.038514513016274,4872.1,1234.6,53.6,10.3,argiloso,pastagem,baixa,0,deslizamento,1,ALTO,8,inverno,Sudeste_Montanhoso_Litoraneo
Z_1762_CEN,-17.71834,-46.80557,2024-09-06,161.3,33.1,65.1,156.2,765.6,10.2,7.2,argiloso,floresta,baixa,0,nenhum,0,MUITO BAIXO,9,primavera,CentroOeste_Cerrado_Pantanal
Z_1763_CEN,-10.86821,-45.13671,2024-02-19,180.8,31.8,79.9,499.4,766.1,13.4,7.5,arenoso,floresta,media,0,nenhum,0,MUITO BAIXO,2,verao,CentroOeste_Cerrado_Pantanal
Z_1764_SUD,-24.14606,-43.84903,2023-06-26,281.4,20.2,56.48909070700056,975.3,30.3,38.6,20.0,rochoso,pastagem,media,0,vendaval,0,BAIXO,6,inverno,Sudeste_Montanhoso_Litoraneo
Z_1765_NOR,-2.08157,-42.81698,2023-03-26,88.1,29.8,22.9,336.5,866.1,25.0,5.7,argiloso_seco,pastagem,alta,0,seca,0,BAIXO,3,outono,Nordeste_Sertao
Z_1766_SUD,-23.05663,-47.99285,2024-03-30,158.4,21.6,87.9,2847.2,917.3,7.8,6.7,organico,floresta,baixa,0,deslizamento,0,BAIXO,3,outono,Sudeste_Montanhoso_Litoraneo
Z_1767_NOR,-5.65886,-45.15164,2024-08-01,4.4,41.8,40.225542579223685,25.8,609.5,4.6,28.6,rochoso,pastagem,alta,0,nenhum,0,MUITO BAIXO,8,inverno,Nordeste_Sertao
Z_1768_NOR,-5.99698,-59.74905,2023-11-01,408.4,33.2,94.2,2264.6,366.5,16.2,30.0,organico,urbano,alta,0,inundação,0,BAIXO,11,primavera,Norte_Amazonia
Z_1769_SUL,-33.92342,-48.11293,2024-06-10,188.5,20.9,27.92611606439511,2625.5,1302.5,36.1,15.2,argiloso,rural,media,0,deslizamento,1,MÉDIO,6,inverno,Sul_Campos_Planalto
Z_1770_NOR,-8.50585,-38.15189,2024-08-29,0.4,35.2,33.260253045904385,271.8,927.8,13.9,9.3,rochoso,pastagem,baixa,0,incêndio,0,MÉDIO,8,inverno,Nordeste_Sertao
Z_1771_SUL,-27.01803,-51.9636,2023-12-25,207.8,19.9,89.8,3987.8,648.6,38.3,20.3,arenoso_argiloso,pastagem,baixa,0,inundação,0,BAIXO,12,verao,Sul_Campos_Planalto
Z_1772_CEN,-5.01034,-47.44018,2024-01-06,202.3,33.7,30.1,100.9,1058.3,1.0,23.3,argiloso,pastagem,baixa,0,nenhum,0,MUITO BAIXO,1,verao,CentroOeste_Cerrado_Pantanal
Z_1773_SUL,-31.69291,-54.48177,2024-03-14,108.6,29.0,63.2,365.6,830.1,36.1,7.7,organico,floresta,media,0,nenhum,0,MUITO BAIXO,3,outono,Sul_Campos_Planalto
Z_1774_NOR,-13.61578,-41.455,2023-01-24,44.0,23.3,37.7,27.6,343.6,14.6,11.7,rochoso,rural,alta,0,nenhum,0,MUITO BAIXO,1,verao,Nordeste_Sertao
Z_1775_NOR,-2.97686,-65.28727,2023-06-24,353.7,27.6,79.0,4415.8,460.2,4.1,2.6,arenoso,area_umida,baixa,0,inundação,1,MÉDIO,6,inverno,Norte_Amazonia
Z_1776_NOR,-6.81192,-44.37779,2024-12-10,53.3,38.6,60.1,61.6,148.0,22.5,29.4,argiloso_seco,pastagem,alta,1,seca,0,BAIXO,12,verao,Nordeste_Sertao
Z_1777_NOR,-0.65252,-49.75187,2023-01-05,316.3,23.8,99.5,4846.5,152.6,9.1,64.8,argiloso,floresta,baixa,0,nenhum,0,MUITO BAIXO,1,verao,Norte_Amazonia
Z_1778_NOR,-2.79992,-64.13761,2023-09-02,269.2,28.2,83.0,3055.5,105.2,5.5,45.4,argiloso,rural,baixa,0,nenhum,0,MUITO BAIXO,9,primavera,Norte_Amazonia
Z_1779_CEN,-10.83563,-54.66928,2024-12-06,98.9,29.5,60.6,145.3,1107.3,18.1,11.8,argiloso,rural,baixa,0,incêndio,0,BAIXO,12,verao,CentroOeste_Cerrado_Pantanal
Z_1780_NOR,-4.31966,-57.98304,2023-08-29,354.9,31.7,84.1,1774.2,207.0,12.1,73.3,organico,floresta,media,0,nenhum,0,MUITO BAIXO,8,inverno,Norte_Amazonia
Z_1781_NOR,0.13988,-70.12082,2024-02-29,175.6,25.3,89.5,2774.1,134.7,7.7,36.2,argiloso,area_umida,baixa,0,vendaval,0,MÉDIO,2,verao,Norte_Amazonia
Z_1782_SUD,-21.73573,-42.11355,2023-07-25,89.4,22.9,49.224123326077596,2673.8,1636.9,29.0,11.3,organico,rural,media,1,nenhum,0,MUITO BAIXO,7,inverno,Sudeste_Montanhoso_Litoraneo
Z_1783_NOR,2.27553,-60.4285,2024-12-04,286.6,32.3,92.5,4677.0,390.7,15.4,33.3,argiloso,floresta,baixa,0,incêndio,0,BAIXO,12,verao,Norte_Amazonia
Z_1784_NOR,-3.52732,-43.59784,2023-01-23,30.4,20.7,51.3,210.6,884.2,4.6,15.9,rochoso,pastagem,alta,0,nenhum,0,MUITO BAIXO,1,verao,Nordeste_Sertao
Z_1785_NOR,-5.2838,-42.59843,2023-05-27,62.0,38.3,54.7,149.5,630.1,22.7,1.7,rochoso,rural,alta,0,seca,0,BAIXO,5,outono,Nordeste_Sertao
Z_1786_NOR,-1.00137,-67.188,2023-02-28,205.3,27.9,95.6,2616.3,2.5,8.8,69.1,arenoso,rural,baixa,0,inundação,0,BAIXO,2,verao,Norte_Amazonia
Z_1787_NOR,-3.73319,-71.98426,2023-09-14,263.9,32.8,80.0,128.9,60.4,12.2,73.8,organico,floresta,baixa,0,inundação,0,MÉDIO,9,primavera,Norte_Amazonia
Z_1788_SUD,-19.90733,-49.62682,2024-01-29,192.3,17.2,59.8,1258.3,1458.7,11.7,0.6,argiloso,pastagem,baixa,0,inundação,0,MÉDIO,1,verao,Sudeste_Montanhoso_Litoraneo
Z_1789_SUD,-24.42938,-46.6632,2024-10-03,180.0,17.4,56.6,2121.0,1644.9,24.3,11.8,argiloso,pastagem,alta,1,nenhum,0,MUITO BAIXO,10,primavera,Sudeste_Montanhoso_Litoraneo
Z_1790_NOR,-7.44288,-67.4425,2024-08-21,399.2,28.3,87.6,2728.5,373.6,0.1,73.5,organico,floresta,media,0,nenhum,0,MUITO BAIXO,8,inverno,Norte_Amazonia
Z_1791_SUL,-22.14126,-48.42881,2024-10-29,175.7,31.8,44.1,558.8,1552.8,11.5,12.5,arenoso_argiloso,floresta,baixa,0,nenhum,0,MUITO BAIXO,10,primavera,Sul_Campos_Planalto
Z_1792_CEN,-8.77218,-55.34919,2024-10-15,78.6,24.3,60.6,35.0,610.5,23.4,12.6,arenoso,floresta,media,0,nenhum,0,MUITO BAIXO,10,primavera,CentroOeste_Cerrado_Pantanal
Z_1793_SUL,-25.22435,-49.27447,2024-09-17,170.3,10.0,62.7,4752.5,780.2,30.3,12.9,arenoso_argiloso,rural,media,1,vendaval,0,BAIXO,9,primavera,Sul_Campos_Planalto
Z_1794_SUD,-18.55019,-47.36226,2023-12-04,259.5,34.4,90.5,496.7,996.1,36.7,15.5,argiloso,pastagem,media,0,deslizamento,0,BAIXO,12,verao,Sudeste_Montanhoso_Litoraneo
Z_1795_CEN,-17.66501,-56.77896,2024-10-26,118.1,34.4,79.7,499.2,1033.3,22.8,7.8,argiloso,rural,alta,0,inundação,0,BAIXO,10,primavera,CentroOeste_Cerrado_Pantanal
Z_1796_SUL,-33.00941,-53.12971,2024-10-10,77.7,11.6,65.3,2374.6,577.1,26.6,16.0,organico,urbano,alta,0,seca,0,BAIXO,10,primavera,Sul_Campos_Planalto
Z_1797_SUD,-21.38562,-40.5242,2023-01-21,159.4,29.7,87.8,4203.1,463.2,14.0,15.5,rochoso,pastagem,media,0,inundação,0,BAIXO,1,verao,Sudeste_Montanhoso_Litoraneo
Z_1798_NOR,-6.23679,-39.48428,2024-10-01,91.3,23.8,59.8,109.6,885.4,19.7,19.8,argiloso_seco,pastagem,alta,1,seca,0,BAIXO,10,primavera,Nordeste_Sertao
Z_1799_SUD,-24.97995,-47.34867,2024-10-08,117.9,20.1,73.4,1870.7,555.6,37.6,16.3,rochoso,urbano,media,0,nenhum,0,MUITO BAIXO,10,primavera,Sudeste_Montanhoso_Litoraneo
Z_1800_SUL,-22.59439,-50.20315,2023-01-03,191.2,7.6,72.7,4993.1,250.4,11.5,6.6,organico,pastagem,baixa,0,seca,0,BAIXO,1,verao,Sul_Campos_Planalto
Z_1801_NOR,-3.33704,-43.17184,2024-05-08,52.5,27.4,53.6,185.7,173.3,6.6,23.2,arenoso,pastagem,media,0,seca,0,BAIXO,5,outono,Nordeste_Sertao
Z_1802_NOR,-9.84908,-45.02781,2024-01-05,109.0,24.2,50.1,55.8,800.2,13.4,27.8,argiloso_seco,pastagem,baixa,0,nenhum,0,MUITO BAIXO,1,verao,Nordeste_Sertao
Z_1803_NOR,-9.72028,-68.88743,2024-09-02,312.5,36.7,72.8,2530.8,1.5,13.7,62.7,organico,rural,media,0,inundação,0,MÉDIO,9,primavera,Norte_Amazonia
Z_1804_SUD,-21.75285,-43.15229,2024-03-24,309.7,28.2,71.0,3000.7,211.8,15.2,27.4,rochoso,urbano,alta,0,nenhum,0,MUITO BAIXO,3,outono,Sudeste_Montanhoso_Litoraneo
Z_1805_SUL,-33.94343,-57.57807,2023-11-11,203.9,31.3,67.3,3818.8,1539.0,19.2,13.2,argiloso,urbano,media,0,seca,0,BAIXO,11,primavera,Sul_Campos_Planalto
Z_1806_NOR,-15.74949,-44.6021,2024-01-17,35.1,37.0,21.0,305.8,696.7,14.6,19.9,argiloso_seco,pastagem,media,0,incêndio,0,BAIXO,1,verao,Nordeste_Sertao
Z_1807_SUD,-21.50219,-44.18832,2024-05-23,297.0,23.5,57.0,1554.3,1331.5,10.3,23.0,rochoso,pastagem,media,0,vendaval,0,BAIXO,5,outono,Sudeste_Montanhoso_Litoraneo
Z_1808_SUL,-26.25842,-51.10763,2023-06-03,226.7,6.4,52.33555392883297,1350.8,1502.8,19.8,21.1,organico,urbano,alta,0,vendaval,0,BAIXO,6,inverno,Sul_Campos_Planalto
Z_1809_NOR,-2.84238,-55.2762,2023-03-30,347.9,35.8,70.7,2650.7,363.7,1.5,17.6,organico,floresta,media,0,vendaval,0,MÉDIO,3,outono,Norte_Amazonia
Z_1810_CEN,-23.43052,-53.61737,2023-08-10,30.5,31.6,54.61733298199308,98.0,827.7,22.8,25.4,latossolo,pastagem,media,0,nenhum,0,MUITO BAIXO,8,inverno,CentroOeste_Cerrado_Pantanal
Z_1811_NOR,-5.11341,-49.47859,2023-09-01,449.2,24.5,80.2,712.5,107.0,17.9,32.9,arenoso,floresta,media,0,incêndio,0,BAIXO,9,primavera,Norte_Amazonia
Z_1812_CEN,-9.34973,-50.31851,2023-08-17,37.9,33.6,54.763830185922416,238.6,772.6,0.5,11.4,latossolo,rural,baixa,0,incêndio,0,BAIXO,8,inverno,CentroOeste_Cerrado_Pantanal
Z_1813_SUD,-24.99901,-44.44564,2024-04-21,343.0,18.8,67.0,3829.1,2181.8,52.6,11.3,rochoso,rural,baixa,0,nenhum,0,MUITO BAIXO,4,outono,Sudeste_Montanhoso_Litoraneo
Z_1814_CEN,-5.43217,-59.38449,2023-07-20,41.0,27.7,15.65906547990236,361.5,1006.8,21.8,9.5,latossolo,pastagem,media,0,nenhum,0,MUITO BAIXO,7,inverno,CentroOeste_Cerrado_Pantanal
Z_1815_SUD,-19.18314,-42.75582,2023-01-15,115.4,18.7,73.7,2505.4,1625.6,5.5,25.1,organico,rural,media,1,nenhum,0,MUITO BAIXO,1,verao,Sudeste_Montanhoso_Litoraneo
Z_1816_CEN,-13.09576,-45.64908,2024-02-27,97.4,30.4,63.1,295.2,693.5,9.6,6.5,argiloso,floresta,baixa,0,inundação,0,BAIXO,2,verao,CentroOeste_Cerrado_Pantanal
Z_1817_NOR,-2.90369,-39.79144,2024-05-04,51.1,21.2,42.4,459.7,590.2,18.3,0.5,argiloso_seco,rural,media,0,nenhum,0,MUITO BAIXO,5,outono,Nordeste_Sertao
Z_1818_NOR,-14.17932,-42.04435,2024-12-26,53.8,36.2,57.9,412.3,649.5,24.5,22.7,rochoso,pastagem,alta,0,incêndio,0,BAIXO,12,verao,Nordeste_Sertao
Z_1819_NOR,-4.52083,-42.6808,2024-07-26,22.3,23.7,19.823786511465585,282.5,612.0,10.3,27.3,argiloso_seco,pastagem,baixa,0,incêndio,0,BAIXO,7,inverno,Nordeste_Sertao
Z_1820_NOR,-4.88516,-44.40937,2024-08-17,2.6,23.6,47.82514461323355,286.7,499.0,17.8,11.5,arenoso,rural,media,0,incêndio,0,BAIXO,8,inverno,Nordeste_Sertao
Z_1821_CEN,-16.54074,-56.8088,2023-12-29,83.9,22.8,43.1,309.1,145.7,9.9,4.0,argiloso,area_umida,media,0,incêndio,0,BAIXO,12,verao,CentroOeste_Cerrado_Pantanal
Z_1822_NOR,4.02172,-50.11293,2023-10-15,306.6,23.4,83.5,1857.1,210.5,6.2,9.3,arenoso,rural,baixa,0,vendaval,0,BAIXO,10,primavera,Norte_Amazonia
Z_1823_CEN,-19.034,-56.80177,2024-09-24,166.6,33.8,84.5,207.1,245.3,12.9,26.9,arenoso,area_umida,alta,1,seca,0,BAIXO,9,primavera,CentroOeste_Cerrado_Pantanal
Z_1824_NOR,-4.31288,-57.48684,2023-10-25,320.8,25.2,98.3,2942.8,371.0,2.1,77.8,argiloso,urbano,alta,0,vendaval,0,BAIXO,10,primavera,Norte_Amazonia
Z_1825_SUD,-23.69359,-39.32974,2023-04-30,238.4,26.9,59.6,4043.2,2682.2,7.7,29.8,organico,pastagem,media,0,vendaval,0,BAIXO,4,outono,Sudeste_Montanhoso_Litoraneo
Z_1826_NOR,-15.75311,-37.42098,2023-03-12,78.3,20.2,52.1,50.1,177.7,3.0,28.2,arenoso,rural,baixa,0,seca,0,BAIXO,3,outono,Nordeste_Sertao
Z_1827_SUD,-19.34679,-40.77153,2023-02-07,301.8,34.0,70.0,383.6,1122.7,23.0,5.8,argiloso,rural,baixa,0,inundação,0,BAIXO,2,verao,Sudeste_Montanhoso_Litoraneo
Z_1828_SUD,-19.72622,-49.86703,2024-06-01,219.7,26.5,31.072881010730196,1136.1,2094.5,16.1,10.0,argiloso,rural,media,0,vendaval,0,BAIXO,6,inverno,Sudeste_Montanhoso_Litoraneo
Z_1829_CEN,-13.633,-54.58785,2024-06-04,23.9,19.4,25.917515433525487,378.8,300.1,19.4,11.0,arenoso,pastagem,baixa,0,inundação,0,BAIXO,6,inverno,CentroOeste_Cerrado_Pantanal
Z_1830_NOR,-0.46958,-68.73108,2023-08-02,211.7,33.7,99.7,3974.8,135.9,7.2,7.0,argiloso,rural,media,0,vendaval,0,BAIXO,8,inverno,Norte_Amazonia
Z_1831_NOR,-1.85982,-65.46122,2024-12-19,440.1,23.6,98.7,4198.4,159.7,5.9,5.8,organico,floresta,media,1,nenhum,0,MUITO BAIXO,12,verao,Norte_Amazonia
Z_1832_SUD,-23.4391,-41.16661,2024-07-20,233.5,18.2,37.14807475115659,3013.6,1401.4,14.0,10.1,argiloso,floresta,media,0,inundação,0,BAIXO,7,inverno,Sudeste_Montanhoso_Litoraneo
Z_1833_SUD,-24.64003,-46.37038,2024-07-31,168.1,16.2,42.31092240082894,125.9,214.3,17.5,9.5,argiloso,floresta,baixa,1,deslizamento,0,BAIXO,7,inverno,Sudeste_Montanhoso_Litoraneo
Z_1834_NOR,-6.27482,-39.68489,2023-05-30,98.9,24.7,47.8,225.2,590.5,2.9,8.9,argiloso_seco,pastagem,alta,0,nenhum,0,MUITO BAIXO,5,outono,Nordeste_Sertao
Z_1835_NOR,-3.96111,-41.67466,2024-01-07,109.9,25.9,57.6,222.0,493.6,4.0,5.3,arenoso,rural,media,0,seca,0,BAIXO,1,verao,Nordeste_Sertao
Z_1836_SUD,-18.6701,-45.16692,2023-09-22,277.1,30.4,67.4,365.4,781.2,31.1,27.5,rochoso,pastagem,media,0,inundação,0,BAIXO,9,primavera,Sudeste_Montanhoso_Litoraneo
Z_1837_NOR,-6.81327,-65.09057,2024-09-04,268.7,31.5,83.8,68.4,330.3,9.8,15.9,arenoso,area_umida,media,0,inundação,0,MÉDIO,9,primavera,Norte_Amazonia
Z_1838_NOR,-14.65624,-43.89874,2024-04-14,43.4,21.4,42.1,67.4,291.7,23.4,24.6,argiloso_seco,pastagem,alta,0,incêndio,0,BAIXO,4,outono,Nordeste_Sertao
Z_1839_NOR,-17.41865,-40.06459,2023-07-22,0.5,22.0,10.0,412.0,257.8,19.1,8.9,argiloso_seco,rural,baixa,0,incêndio,0,BAIXO,7,inverno,Nordeste_Sertao
Z_1840_NOR,-7.94874,-54.10599,2024-08-14,283.2,24.2,93.2,1762.0,427.6,7.3,28.4,argiloso,rural,baixa,1,nenhum,0,MUITO BAIXO,8,inverno,Norte_Amazonia
Z_1841_CEN,-7.69907,-49.18666,2023-12-05,67.1,31.7,83.9,315.8,353.1,20.9,14.1,arenoso,floresta,media,0,incêndio,0,BAIXO,12,verao,CentroOeste_Cerrado_Pantanal
Z_1842_SUL,-28.47789,-51.77175,2024-06-02,216.5,13.9,42.338532159924995,3698.3,1406.2,14.6,22.4,arenoso_argiloso,pastagem,baixa,1,vendaval,0,BAIXO,6,inverno,Sul_Campos_Planalto
Z_1843_SUD,-19.41731,-43.35265,2023-10-21,183.6,16.1,86.6,3752.0,1366.7,56.6,4.3,rochoso,rural,baixa,0,vendaval,0,BAIXO,10,primavera,Sudeste_Montanhoso_Litoraneo
Z_1844_NOR,0.81392,-51.17454,2023-12-30,433.5,29.3,76.1,2726.9,396.8,10.3,2.9,argiloso,urbano,alta,0,inundação,0,MÉDIO,12,verao,Norte_Amazonia
Z_1845_SUD,-18.66701,-43.65525,2023-11-17,251.3,27.6,86.3,4940.5,1156.9,52.2,25.2,argiloso,rural,baixa,0,nenhum,0,MUITO BAIXO,11,primavera,Sudeste_Montanhoso_Litoraneo
Z_1846_NOR,-6.14445,-37.77247,2024-07-08,18.1,20.5,10.961682045874579,436.8,780.0,2.2,18.8,argiloso_seco,rural,alta,1,nenhum,0,MUITO BAIXO,7,inverno,Nordeste_Sertao
Z_1847_NOR,-4.40275,-55.64041,2024-10-02,264.5,34.8,89.6,3019.1,46.8,17.8,68.1,arenoso,area_umida,baixa,0,incêndio,0,BAIXO,10,primavera,Norte_Amazonia
Z_1848_NOR,4.31686,-49.20172,2023-04-23,373.9,26.2,98.8,741.4,78.2,0.2,1.4,organico,floresta,baixa,0,inundação,1,ALTO,4,outono,Norte_Amazonia
Z_1849_CEN,-14.27906,-57.9331,2024-09-03,155.1,34.6,71.0,271.6,1188.5,16.0,22.5,argiloso,floresta,baixa,0,nenhum,0,MUITO BAIXO,9,primavera,CentroOeste_Cerrado_Pantanal
Z_1850_NOR,-5.5256,-65.30422,2023-07-14,215.9,29.2,83.9,3179.0,60.1,16.0,10.5,argiloso,rural,baixa,0,inundação,0,BAIXO,7,inverno,Norte_Amazonia
Z_1851_NOR,-10.56373,-43.5497,2023-08-21,11.6,20.2,39.417351592093,45.3,894.0,21.1,17.0,rochoso,rural,media,0,nenhum,0,MUITO BAIXO,8,inverno,Nordeste_Sertao
Z_1852_NOR,-3.33975,-60.94985,2024-05-02,172.6,22.2,80.8,1436.3,259.3,10.0,69.8,organico,floresta,media,0,nenhum,0,MUITO BAIXO,5,outono,Norte_Amazonia
Z_1853_CEN,-22.17616,-51.06638,2024-11-10,172.4,23.6,79.8,430.6,206.5,0.4,1.9,argiloso,area_umida,alta,0,inundação,0,BAIXO,11,primavera,CentroOeste_Cerrado_Pantanal
Z_1854_SUD,-18.9464,-49.40537,2023-01-11,137.1,15.8,87.9,2471.7,1572.3,30.4,9.5,rochoso,rural,baixa,0,nenhum,0,MUITO BAIXO,1,verao,Sudeste_Montanhoso_Litoraneo
Z_1855_NOR,1.10969,-50.76938,2023-12-28,405.3,30.9,95.8,4224.6,37.2,18.2,22.4,arenoso,floresta,baixa,0,inundação,0,BAIXO,12,verao,Norte_Amazonia
Z_1856_NOR,-6.3704,-67.60166,2023-07-22,389.7,29.5,83.4,4251.3,86.4,8.8,39.5,organico,area_umida,baixa,0,inundação,0,MÉDIO,7,inverno,Norte_Amazonia
Z_1857_CEN,-15.74795,-47.41658,2023-10-11,75.5,26.5,56.3,86.6,365.3,21.7,18.4,argiloso,rural,baixa,0,incêndio,0,BAIXO,10,primavera,CentroOeste_Cerrado_Pantanal
Z_1858_NOR,-5.83389,-40.89997,2023-02-13,22.8,40.1,22.5,199.6,855.2,2.9,15.1,argiloso_seco,pastagem,alta,0,nenhum,0,MUITO BAIXO,2,verao,Nordeste_Sertao
Z_1859_NOR,-5.44898,-39.14749,2024-11-21,41.4,38.5,30.4,307.2,319.4,19.7,10.8,arenoso,pastagem,baixa,1,nenhum,0,MUITO BAIXO,11,primavera,Nordeste_Sertao
Z_1860_SUL,-31.60683,-51.08462,2023-12-01,203.9,22.7,63.9,1787.7,200.3,29.3,19.4,argiloso,pastagem,media,0,deslizamento,1,MÉDIO,12,verao,Sul_Campos_Planalto
Z_1861_NOR,-8.74115,-42.29226,2023-01-10,37.9,20.7,25.1,228.6,178.3,10.2,29.7,arenoso,rural,baixa,0,nenhum,0,MUITO BAIXO,1,verao,Nordeste_Sertao
Z_1862_CEN,-13.1477,-48.4468,2023-04-06,116.3,24.7,38.8,130.8,229.5,3.3,6.6,latossolo,rural,alta,0,nenhum,0,MUITO BAIXO,4,outono,CentroOeste_Cerrado_Pantanal
Z_1863_SUL,-25.48706,-53.17383,2024-07-29,153.3,8.2,67.74777699277415,3293.3,1105.1,11.6,8.9,argiloso,pastagem,media,0,inundação,0,BAIXO,7,inverno,Sul_Campos_Planalto
Z_1864_NOR,-17.93364,-43.53372,2024-09-07,27.2,38.1,57.2,277.3,219.3,15.7,26.4,arenoso,rural,media,0,incêndio,0,BAIXO,9,primavera,Nordeste_Sertao
Z_1865_NOR,-2.0768,-43.30345,2023-04-09,16.5,31.8,59.2,317.4,214.2,14.3,15.8,rochoso,rural,alta,0,incêndio,0,BAIXO,4,outono,Nordeste_Sertao
Z_1866_NOR,-15.93703,-44.91212,2023-01-05,65.9,26.2,61.7,428.4,201.5,27.2,0.7,arenoso,rural,baixa,0,nenhum,0,MUITO BAIXO,1,verao,Nordeste_Sertao
Z_1867_NOR,-4.47941,-68.31922,2023-01-19,321.8,22.7,85.4,2009.9,298.4,19.4,67.3,organico,floresta,media,0,nenhum,0,MUITO BAIXO,1,verao,Norte_Amazonia
Z_1868_NOR,4.71134,-57.70866,2024-05-10,352.5,33.2,83.7,3354.0,329.3,6.5,55.1,arenoso,urbano,alta,0,vendaval,0,MÉDIO,5,outono,Norte_Amazonia
Z_1869_SUL,-22.89555,-51.84117,2024-06-18,74.1,18.9,60.274740700221955,3130.8,1181.4,11.9,3.6,argiloso,floresta,media,0,nenhum,0,MUITO BAIXO,6,inverno,Sul_Campos_Planalto
Z_1870_SUL,-24.09186,-54.4303,2023-09-16,140.7,11.9,81.1,3733.6,793.2,20.1,16.3,organico,floresta,baixa,0,nenhum,0,MUITO BAIXO,9,primavera,Sul_Campos_Planalto
Z_1871_NOR,4.75614,-62.60749,2023-06-24,271.9,24.1,90.3,3561.9,119.9,12.8,5.9,argiloso,area_umida,baixa,0,inundação,1,MÉDIO,6,inverno,Norte_Amazonia
Z_1872_SUD,-23.33221,-44.64224,2024-06-24,83.9,27.0,48.56489373708769,48.8,665.9,54.9,2.3,argiloso,rural,baixa,0,nenhum,0,MUITO BAIXO,6,inverno,Sudeste_Montanhoso_Litoraneo
Z_1873_NOR,-14.73809,-38.41243,2023-11-22,18.6,27.1,38.1,11.6,534.7,7.8,8.2,argiloso_seco,pastagem,baixa,0,seca,0,BAIXO,11,primavera,Nordeste_Sertao
Z_1874_SUD,-24.64772,-42.92004,2024-09-26,118.3,17.4,87.0,305.8,2459.6,27.3,1.6,rochoso,floresta,baixa,0,vendaval,0,BAIXO,9,primavera,Sudeste_Montanhoso_Litoraneo
Z_1875_SUD,-23.54836,-44.1478,2024-01-11,250.8,20.9,58.8,4852.5,2413.3,15.4,7.7,argiloso,floresta,baixa,0,nenhum,0,MUITO BAIXO,1,verao,Sudeste_Montanhoso_Litoraneo
Z_1876_SUL,-30.55537,-49.8576,2024-08-25,73.9,19.8,25.469241963426796,688.3,1583.3,6.7,18.2,arenoso_argiloso,urbano,alta,0,inundação,0,BAIXO,8,inverno,Sul_Campos_Planalto
Z_1877_SUD,-18.38551,-46.48826,2024-12-18,130.1,30.4,91.3,584.9,1965.1,21.7,20.9,organico,rural,alta,0,deslizamento,0,BAIXO,12,verao,Sudeste_Montanhoso_Litoraneo
Z_1878_CEN,-21.85926,-45.08355,2024-10-18,169.5,19.4,61.2,486.2,797.6,20.9,8.4,arenoso,pastagem,baixa,0,nenhum,0,MUITO BAIXO,10,primavera,CentroOeste_Cerrado_Pantanal
Z_1879_CEN,-12.84069,-56.84689,2024-08-13,17.1,36.2,64.81380836006365,484.6,1161.6,8.9,12.1,arenoso,area_umida,media,0,nenhum,0,MUITO BAIXO,8,inverno,CentroOeste_Cerrado_Pantanal
Z_1880_NOR,-7.54154,-38.16582,2023-07-24,3.8,31.2,23.5,239.8,668.4,21.1,25.1,rochoso,pastagem,alta,0,seca,1,MÉDIO,7,inverno,Nordeste_Sertao
Z_1881_NOR,-2.70202,-37.55366,2023-04-30,58.5,22.1,41.8,470.6,922.3,26.0,8.2,rochoso,pastagem,media,0,seca,0,BAIXO,4,outono,Nordeste_Sertao
Z_1882_NOR,-7.42881,-70.7211,2024-03-17,260.4,23.8,92.6,4528.0,317.8,17.6,22.1,argiloso,floresta,baixa,0,vendaval,0,BAIXO,3,outono,Norte_Amazonia
Z_1883_NOR,-6.03743,-43.35655,2023-12-02,48.2,30.7,49.1,235.1,815.0,18.6,22.7,arenoso,pastagem,baixa,0,seca,0,BAIXO,12,verao,Nordeste_Sertao
Z_1884_NOR,-17.73866,-39.52761,2023-01-20,46.5,34.2,22.0,158.6,278.8,7.9,4.1,arenoso,pastagem,baixa,0,incêndio,0,BAIXO,1,verao,Nordeste_Sertao
Z_1885_NOR,-9.69181,-44.89284,2024-10-18,91.1,28.8,59.7,247.0,590.7,5.1,0.2,rochoso,pastagem,baixa,0,incêndio,0,BAIXO,10,primavera,Nordeste_Sertao
Z_1886_SUD,-24.24604,-49.21198,2024-06-06,246.1,29.6,39.892006844763586,4816.3,2120.2,12.9,6.7,rochoso,rural,baixa,1,inundação,0,BAIXO,6,inverno,Sudeste_Montanhoso_Litoraneo
Z_1887_SUD,-21.38067,-40.37491,2024-02-10,123.9,15.8,61.2,1595.9,1778.2,15.5,15.2,rochoso,pastagem,alta,0,nenhum,0,MUITO BAIXO,2,verao,Sudeste_Montanhoso_Litoraneo
Z_1888_SUD,-20.73839,-44.6048,2024-06-08,88.6,21.9,51.380820455958094,3194.3,2749.6,33.0,4.5,organico,floresta,baixa,0,deslizamento,0,BAIXO,6,inverno,Sudeste_Montanhoso_Litoraneo
Z_1889_NOR,3.47971,-58.13821,2023-06-18,183.8,22.5,85.1,4390.9,138.0,6.6,39.3,arenoso,urbano,alta,0,nenhum,0,MUITO BAIXO,6,inverno,Norte_Amazonia
Z_1890_NOR,-8.08722,-65.76806,2024-08-11,416.5,29.4,89.9,3436.3,353.9,0.8,20.6,argiloso,floresta,baixa,0,vendaval,0,BAIXO,8,inverno,Norte_Amazonia
Z_1891_CEN,-11.731,-49.82116,2024-08-03,16.3,25.5,54.9822227338558,264.1,370.2,6.8,16.4,argiloso,floresta,baixa,0,inundação,0,BAIXO,8,inverno,CentroOeste_Cerrado_Pantanal
Z_1892_NOR,-6.91894,-42.39863,2024-07-26,2.3,34.5,33.36251507580459,483.0,277.1,16.5,6.7,arenoso,pastagem,alta,1,incêndio,1,MÉDIO,7,inverno,Nordeste_Sertao
Z_1893_CEN,-22.95932,-49.16277,2024-05-19,168.1,19.0,30.1,429.5,1093.0,8.5,5.8,argiloso,rural,alta,0,seca,0,BAIXO,5,outono,CentroOeste_Cerrado_Pantanal
Z_1894_NOR,-12.33052,-43.30856,2023-03-31,30.4,32.6,69.9,229.4,800.2,22.8,4.4,arenoso,pastagem,media,0,nenhum,0,MUITO BAIXO,3,outono,Nordeste_Sertao
Z_1895_CEN,-22.57393,-47.46318,2024-01-31,68.2,21.9,68.2,447.2,264.0,21.0,17.1,latossolo,area_umida,baixa,0,inundação,0,BAIXO,1,verao,CentroOeste_Cerrado_Pantanal
Z_1896_NOR,-7.73598,-70.08785,2024-12-06,294.8,27.1,75.7,3215.0,479.6,1.2,10.1,argiloso,area_umida,media,0,inundação,1,MÉDIO,12,verao,Norte_Amazonia
Z_1897_NOR,-1.24226,-58.57829,2023-11-13,426.1,29.0,81.6,1731.5,218.0,0.7,26.7,arenoso,rural,baixa,0,nenhum,0,MUITO BAIXO,11,primavera,Norte_Amazonia
Z_1898_SUD,-20.86398,-47.1148,2023-10-22,91.7,33.0,55.1,1087.1,1516.8,32.1,25.8,organico,floresta,baixa,0,deslizamento,0,BAIXO,10,primavera,Sudeste_Montanhoso_Litoraneo
Z_1899_NOR,-6.62085,-62.64366,2023-11-20,410.0,27.9,99.9,1171.0,266.7,11.2,20.5,argiloso,urbano,alta,0,incêndio,0,BAIXO,11,primavera,Norte_Amazonia
Z_1900_SUD,-23.83622,-46.98333,2024-09-30,290.1,17.3,86.1,1278.6,2254.1,41.8,5.5,rochoso,rural,baixa,1,vendaval,0,BAIXO,9,primavera,Sudeste_Montanhoso_Litoraneo
Z_1901_NOR,-13.61373,-39.45231,2023-09-08,8.0,20.5,49.8,447.7,125.9,7.7,26.6,argiloso_seco,rural,media,0,seca,0,BAIXO,9,primavera,Nordeste_Sertao
Z_1902_NOR,-9.3687,-59.96615,2024-02-11,294.7,27.8,70.7,2050.5,167.3,17.4,45.8,arenoso,area_umida,baixa,0,vendaval,0,BAIXO,2,verao,Norte_Amazonia
Z_1903_NOR,-2.78802,-38.28049,2023-03-05,94.4,38.3,36.7,172.3,506.0,14.6,14.8,arenoso,rural,alta,0,nenhum,0,MUITO BAIXO,3,outono,Nordeste_Sertao
Z_1904_NOR,2.95566,-52.77545,2023-01-09,229.7,33.0,82.0,491.9,61.8,12.3,43.7,organico,area_umida,baixa,0,inundação,0,MÉDIO,1,verao,Norte_Amazonia
Z_1905_CEN,-5.52364,-51.13209,2024-07-09,8.1,32.2,25.362351980161925,182.3,629.3,0.2,5.2,arenoso,area_umida,media,0,incêndio,1,MÉDIO,7,inverno,CentroOeste_Cerrado_Pantanal
Z_1906_SUD,-24.89057,-43.42671,2023-12-30,161.7,33.3,70.8,4325.2,2204.3,7.3,29.0,rochoso,rural,alta,0,nenhum,0,MUITO BAIXO,12,verao,Sudeste_Montanhoso_Litoraneo
Z_1907_CEN,-9.28154,-50.02976,2023-07-25,16.3,20.8,10.0,91.9,500.7,19.2,11.5,arenoso,floresta,baixa,0,incêndio,0,BAIXO,7,inverno,CentroOeste_Cerrado_Pantanal
Z_1908_SUD,-21.74022,-48.49879,2024-04-24,319.8,23.6,91.8,155.9,1089.4,56.8,16.4,rochoso,urbano,alta,0,nenhum,0,MUITO BAIXO,4,outono,Sudeste_Montanhoso_Litoraneo
Z_1909_NOR,-8.64952,-62.16065,2024-01-15,317.8,23.1,73.9,1958.6,66.0,19.8,61.8,arenoso,rural,baixa,0,nenhum,0,MUITO BAIXO,1,verao,Norte_Amazonia
Z_1910_CEN,-6.11707,-51.82823,2023-02-04,112.3,21.6,62.5,438.2,444.0,22.2,25.1,arenoso,pastagem,baixa,0,incêndio,0,BAIXO,2,verao,CentroOeste_Cerrado_Pantanal
Z_1911_NOR,-6.8606,-41.88993,2023-09-25,80.5,37.7,29.4,354.4,100.6,4.2,27.4,argiloso_seco,pastagem,alta,0,nenhum,0,MUITO BAIXO,9,primavera,Nordeste_Sertao
Z_1912_SUD,-18.675,-47.96465,2023-11-05,319.8,19.8,62.8,1505.6,1898.0,58.8,24.8,rochoso,floresta,media,0,inundação,0,BAIXO,11,primavera,Sudeste_Montanhoso_Litoraneo
Z_1913_NOR,-8.70547,-39.28373,2024-03-06,27.6,33.4,53.8,106.5,739.1,26.9,4.8,argiloso_seco,pastagem,alta,0,nenhum,0,MUITO BAIXO,3,outono,Nordeste_Sertao
Z_1914_NOR,-4.60385,-60.79783,2023-10-29,401.7,32.8,78.5,1619.5,382.9,11.4,26.7,arenoso,urbano,alta,0,vendaval,0,MÉDIO,10,primavera,Norte_Amazonia
Z_1915_NOR,-1.26879,-64.19959,2024-01-17,268.7,29.4,95.5,2843.1,39.1,19.4,6.6,arenoso,area_umida,baixa,1,inundação,0,BAIXO,1,verao,Norte_Amazonia
Z_1916_NOR,0.16359,-54.97834,2024-09-10,277.9,28.2,98.7,684.7,420.1,6.0,64.7,arenoso,area_umida,media,0,inundação,0,MÉDIO,9,primavera,Norte_Amazonia
Z_1917_SUL,-22.3696,-55.19175,2023-10-01,118.2,26.8,43.3,1435.3,47.5,19.7,27.8,argiloso,floresta,baixa,0,nenhum,0,MUITO BAIXO,10,primavera,Sul_Campos_Planalto
Z_1918_SUD,-21.31405,-43.98701,2024-05-05,323.9,26.4,90.5,2417.9,398.4,9.0,13.0,rochoso,floresta,baixa,0,vendaval,0,BAIXO,5,outono,Sudeste_Montanhoso_Litoraneo
Z_1919_NOR,-3.3242,-38.33867,2024-04-05,15.5,41.1,52.1,84.8,316.4,14.2,9.9,arenoso,rural,baixa,0,nenhum,0,MUITO BAIXO,4,outono,Nordeste_Sertao
Z_1920_SUL,-33.96424,-53.28651,2024-04-29,142.9,16.8,86.0,3880.9,35.4,26.0,11.7,argiloso,pastagem,alta,0,nenhum,0,MUITO BAIXO,4,outono,Sul_Campos_Planalto
Z_1921_SUD,-23.5881,-46.88164,2024-07-30,309.5,22.2,64.32152180743194,3964.6,640.3,57.1,1.4,argiloso,floresta,media,0,deslizamento,1,ALTO,7,inverno,Sudeste_Montanhoso_Litoraneo
Z_1922_SUD,-21.71702,-40.56042,2023-06-04,309.0,15.3,38.756207779277005,3082.4,2545.8,38.7,19.1,rochoso,urbano,alta,0,deslizamento,0,BAIXO,6,inverno,Sudeste_Montanhoso_Litoraneo
Z_1923_NOR,-16.008,-39.51367,2023-09-09,23.7,31.8,35.8,136.7,636.6,12.7,8.7,arenoso,rural,alta,0,nenhum,0,MUITO BAIXO,9,primavera,Nordeste_Sertao
Z_1924_NOR,-14.0106,-42.72594,2024-07-30,1.0,38.8,23.0,128.0,459.8,1.1,13.8,arenoso,rural,media,0,seca,1,ALTO,7,inverno,Nordeste_Sertao
Z_1925_SUL,-22.1233,-51.69666,2023-12-02,163.5,23.8,74.8,3150.1,1334.6,5.8,18.3,organico,urbano,media,0,nenhum,0,MUITO BAIXO,12,verao,Sul_Campos_Planalto
Z_1926_SUD,-20.60424,-48.16139,2023-03-16,111.0,21.5,53.4,4941.7,36.0,5.5,15.1,rochoso,floresta,baixa,1,nenhum,0,MUITO BAIXO,3,outono,Sudeste_Montanhoso_Litoraneo
Z_1927_NOR,-2.00212,-59.68583,2023-03-05,188.9,35.9,91.6,753.7,489.2,10.7,8.7,arenoso,area_umida,media,1,inundação,0,MÉDIO,3,outono,Norte_Amazonia
Z_1928_NOR,-9.98162,-73.95311,2024-05-17,227.2,36.4,70.9,22.1,305.7,8.1,26.9,argiloso,area_umida,baixa,0,inundação,1,MÉDIO,5,outono,Norte_Amazonia
Z_1929_NOR,-8.23733,-68.73777,2024-06-10,431.4,34.3,93.3,3831.7,256.1,14.1,1.1,organico,area_umida,baixa,0,inundação,1,ALTO,6,inverno,Norte_Amazonia
Z_1930_NOR,2.1961,-70.94839,2023-03-07,254.2,31.0,76.6,4293.4,101.4,7.2,33.1,argiloso,rural,baixa,0,incêndio,0,BAIXO,3,outono,Norte_Amazonia
Z_1931_NOR,-6.03679,-38.19825,2024-08-24,1.7,21.7,14.996052752439311,100.4,427.8,5.5,12.0,arenoso,pastagem,media,0,nenhum,0,MUITO BAIXO,8,inverno,Nordeste_Sertao
Z_1932_NOR,-8.07064,-66.96801,2023-11-01,206.5,37.0,84.2,3704.2,380.9,2.0,66.7,arenoso,urbano,media,0,nenhum,0,MUITO BAIXO,11,primavera,Norte_Amazonia
Z_1933_NOR,-6.0689,-43.35582,2023-03-09,58.1,35.1,48.3,10.3,244.1,9.1,17.0,rochoso,pastagem,baixa,0,seca,0,BAIXO,3,outono,Nordeste_Sertao
Z_1934_NOR,-0.8705,-70.08385,2024-05-15,375.7,35.0,85.1,637.0,466.9,7.6,36.3,organico,urbano,media,0,nenhum,0,MUITO BAIXO,5,outono,Norte_Amazonia
Z_1935_SUD,-21.33126,-40.54135,2023-12-10,319.0,33.6,83.4,2719.4,793.7,46.6,20.0,rochoso,floresta,baixa,0,vendaval,0,BAIXO,12,verao,Sudeste_Montanhoso_Litoraneo
Z_1936_SUD,-21.58621,-40.683,2023-03-10,172.9,32.9,84.4,761.0,2570.0,15.4,1.2,rochoso,pastagem,baixa,0,inundação,0,BAIXO,3,outono,Sudeste_Montanhoso_Litoraneo
Z_1937_SUD,-22.99367,-44.03954,2023-04-20,146.0,20.5,80.4,2602.3,14.0,12.4,25.2,argiloso,rural,alta,0,vendaval,0,BAIXO,4,outono,Sudeste_Montanhoso_Litoraneo
Z_1938_NOR,-1.69281,-57.55542,2024-08-06,231.0,22.2,78.0,3384.5,452.5,17.1,50.8,argiloso,area_umida,baixa,0,incêndio,0,BAIXO,8,inverno,Norte_Amazonia
Z_1939_CEN,-23.03358,-57.57661,2024-07-28,41.0,26.3,55.45227347956283,491.1,132.9,12.5,2.6,latossolo,floresta,baixa,0,nenhum,0,MUITO BAIXO,7,inverno,CentroOeste_Cerrado_Pantanal
Z_1940_NOR,-2.56924,-40.89499,2023-02-24,79.3,31.8,32.3,414.4,191.0,18.7,4.3,arenoso,rural,media,0,nenhum,0,MUITO BAIXO,2,verao,Nordeste_Sertao
Z_1941_NOR,-9.65874,-55.14656,2024-06-19,175.5,24.9,82.8,3627.2,67.1,15.2,53.9,argiloso,urbano,alta,0,vendaval,0,BAIXO,6,inverno,Norte_Amazonia
Z_1942_NOR,-11.52736,-43.21575,2024-11-10,17.7,24.1,41.2,378.1,758.1,21.3,2.2,arenoso,rural,alta,0,seca,0,BAIXO,11,primavera,Nordeste_Sertao
Z_1943_NOR,-15.9221,-38.60884,2023-02-28,45.2,26.2,30.2,349.6,433.4,8.6,26.4,arenoso,pastagem,alta,1,incêndio,0,BAIXO,2,verao,Nordeste_Sertao
Z_1944_SUD,-24.63116,-39.80049,2023-08-06,314.6,30.5,71.40893190077018,4599.4,1881.1,47.3,15.7,organico,rural,media,0,deslizamento,0,BAIXO,8,inverno,Sudeste_Montanhoso_Litoraneo
Z_1945_NOR,-7.43698,-38.9093,2023-03-27,99.3,39.8,25.2,45.5,911.1,14.4,29.5,argiloso_seco,pastagem,baixa,0,nenhum,0,MUITO BAIXO,3,outono,Nordeste_Sertao
Z_1946_SUL,-22.64427,-49.10694,2023-02-16,169.7,21.9,70.1,797.4,1585.6,10.5,8.0,organico,rural,alta,0,vendaval,0,BAIXO,2,verao,Sul_Campos_Planalto
Z_1947_CEN,-11.51552,-60.24471,2023-08-24,26.5,19.6,23.354405639823916,322.1,872.0,16.2,2.5,argiloso,pastagem,baixa,1,incêndio,0,BAIXO,8,inverno,CentroOeste_Cerrado_Pantanal
Z_1948_CEN,-17.22687,-59.88115,2023-01-06,77.4,27.1,32.4,387.4,345.1,19.3,14.6,latossolo,floresta,baixa,0,inundação,0,BAIXO,1,verao,CentroOeste_Cerrado_Pantanal
Z_1949_NOR,-4.0345,-60.98396,2024-08-13,408.7,25.6,82.3,1736.5,331.5,18.8,53.9,argiloso,floresta,media,0,nenhum,0,MUITO BAIXO,8,inverno,Norte_Amazonia
Z_1950_SUD,-20.69083,-48.98865,2024-08-27,255.2,19.8,62.43491082968549,534.0,1535.7,34.0,23.2,rochoso,rural,media,0,inundação,0,BAIXO,8,inverno,Sudeste_Montanhoso_Litoraneo
Z_1951_SUD,-23.00925,-40.48222,2023-02-11,191.9,19.1,80.8,1544.0,1015.3,20.2,13.7,rochoso,rural,baixa,1,vendaval,0,BAIXO,2,verao,Sudeste_Montanhoso_Litoraneo
Z_1952_CEN,-18.75277,-59.08801,2024-07-18,4.3,30.9,53.80912688915873,154.4,1085.8,18.7,22.2,arenoso,pastagem,baixa,0,incêndio,0,BAIXO,7,inverno,CentroOeste_Cerrado_Pantanal
Z_1953_SUD,-18.75215,-40.46582,2024-09-03,317.2,15.4,51.9,1062.3,277.0,55.7,1.6,organico,floresta,baixa,0,nenhum,0,MUITO BAIXO,9,primavera,Sudeste_Montanhoso_Litoraneo
Z_1954_NOR,1.43417,-65.59048,2023-12-19,406.3,34.0,83.3,2256.0,2.3,14.3,57.7,organico,urbano,alta,0,inundação,1,MÉDIO,12,verao,Norte_Amazonia
Z_1955_SUL,-22.31918,-53.80607,2024-05-31,124.7,31.6,65.2,4945.9,315.1,33.6,16.4,organico,rural,media,0,inundação,0,BAIXO,5,outono,Sul_Campos_Planalto
Z_1956_SUD,-21.79365,-48.55972,2023-08-27,140.9,20.4,59.13600619594712,4514.6,307.4,55.4,4.5,rochoso,rural,media,0,nenhum,0,MUITO BAIXO,8,inverno,Sudeste_Montanhoso_Litoraneo
Z_1957_CEN,-20.21324,-59.1913,2024-08-01,14.3,20.7,21.123920981175793,190.0,65.8,3.6,15.6,latossolo,rural,media,0,inundação,0,BAIXO,8,inverno,CentroOeste_Cerrado_Pantanal
Z_1958_SUL,-22.15092,-50.8138,2024-06-11,93.6,22.0,23.105151635557878,953.4,53.7,3.5,9.3,argiloso,rural,media,0,seca,0,BAIXO,6,inverno,Sul_Campos_Planalto
Z_1959_NOR,-1.80007,-61.78539,2023-08-22,326.0,30.8,79.2,1762.1,87.8,16.4,79.7,arenoso,floresta,baixa,0,vendaval,0,MÉDIO,8,inverno,Norte_Amazonia
Z_1960_SUD,-19.94231,-48.75134,2023-05-01,276.6,24.4,88.5,4512.0,796.7,59.3,9.9,organico,floresta,media,0,deslizamento,1,ALTO,5,outono,Sudeste_Montanhoso_Litoraneo
Z_1961_CEN,-17.27966,-50.6763,2024-07-04,39.5,36.1,37.216181252132095,97.1,597.1,24.1,7.9,latossolo,pastagem,media,0,nenhum,0,MUITO BAIXO,7,inverno,CentroOeste_Cerrado_Pantanal
Z_1962_NOR,-17.91819,-37.3924,2023-03-15,74.1,33.3,59.2,159.4,852.5,2.3,28.6,rochoso,rural,baixa,0,seca,0,BAIXO,3,outono,Nordeste_Sertao
Z_1963_CEN,-12.54653,-47.94629,2024-01-28,45.8,26.8,56.5,338.9,453.8,12.9,8.1,argiloso,rural,media,0,nenhum,0,MUITO BAIXO,1,verao,CentroOeste_Cerrado_Pantanal
Z_1964_SUD,-23.70983,-42.63823,2024-02-20,261.4,26.0,74.5,916.5,782.4,29.1,15.2,rochoso,rural,baixa,0,nenhum,0,MUITO BAIXO,2,verao,Sudeste_Montanhoso_Litoraneo
Z_1965_NOR,3.04885,-57.50754,2024-11-01,296.5,34.6,75.7,1185.5,68.0,7.4,8.2,arenoso,rural,baixa,0,inundação,0,MÉDIO,11,primavera,Norte_Amazonia
Z_1966_SUL,-27.72941,-48.8594,2024-04-29,125.8,11.8,55.8,944.8,61.7,17.0,6.9,argiloso,pastagem,baixa,0,nenhum,0,MUITO BAIXO,4,outono,Sul_Campos_Planalto
Z_1967_SUD,-20.05428,-46.68495,2023-03-17,136.0,19.9,81.3,955.9,1267.3,24.1,16.9,argiloso,pastagem,media,1,deslizamento,0,BAIXO,3,outono,Sudeste_Montanhoso_Litoraneo
Z_1968_SUD,-23.37185,-40.35939,2023-11-25,135.9,24.9,52.3,3059.4,153.4,41.3,18.3,organico,rural,alta,0,vendaval,0,BAIXO,11,primavera,Sudeste_Montanhoso_Litoraneo
Z_1969_SUL,-28.70349,-56.7893,2024-06-25,235.6,8.4,34.04519614444566,3726.0,1712.4,15.7,14.1,organico,rural,baixa,0,nenhum,0,MUITO BAIXO,6,inverno,Sul_Campos_Planalto
Z_1970_NOR,-3.66133,-53.74314,2023-04-05,389.9,32.3,93.1,4371.7,266.8,1.9,44.2,argiloso,urbano,alta,0,nenhum,0,MUITO BAIXO,4,outono,Norte_Amazonia
Z_1971_NOR,1.28403,-60.1936,2023-04-11,312.7,35.3,87.9,4914.7,56.3,15.8,49.5,organico,floresta,baixa,0,nenhum,0,MUITO BAIXO,4,outono,Norte_Amazonia
Z_1972_SUD,-18.74546,-47.91965,2023-06-22,160.5,33.9,38.969323722730564,3294.4,120.4,23.8,18.4,rochoso,floresta,baixa,1,inundação,0,BAIXO,6,inverno,Sudeste_Montanhoso_Litoraneo
Z_1973_NOR,-9.81356,-54.87459,2023-06-01,341.1,30.9,94.6,468.2,315.2,9.6,44.1,arenoso,area_umida,baixa,0,inundação,1,MÉDIO,6,inverno,Norte_Amazonia
Z_1974_NOR,-3.38559,-37.74991,2023-11-02,13.3,20.5,34.5,430.0,141.8,4.3,4.7,arenoso,pastagem,baixa,0,seca,0,BAIXO,11,primavera,Nordeste_Sertao
Z_1975_NOR,-15.63896,-37.60747,2024-03-10,33.0,36.3,21.6,453.4,433.1,21.4,3.4,rochoso,pastagem,baixa,0,incêndio,0,BAIXO,3,outono,Nordeste_Sertao
Z_1976_SUD,-20.23607,-45.68915,2024-11-04,102.0,25.9,87.6,1922.1,2117.3,35.5,1.0,organico,floresta,baixa,0,nenhum,0,MUITO BAIXO,11,primavera,Sudeste_Montanhoso_Litoraneo
Z_1977_SUD,-24.04763,-40.74782,2023-08-15,266.1,27.5,37.86961783664939,1356.1,2412.1,56.0,10.9,organico,floresta,baixa,0,deslizamento,0,BAIXO,8,inverno,Sudeste_Montanhoso_Litoraneo
Z_1978_NOR,-6.07774,-59.4058,2023-12-19,151.3,26.7,90.8,2332.3,423.1,7.6,24.4,arenoso,floresta,baixa,0,inundação,0,BAIXO,12,verao,Norte_Amazonia
Z_1979_SUD,-18.95794,-42.31609,2024-12-15,212.7,21.0,85.2,2139.9,497.2,51.7,18.1,rochoso,rural,media,0,nenhum,0,MUITO BAIXO,12,verao,Sudeste_Montanhoso_Litoraneo
Z_1980_NOR,0.22179,-70.44493,2024-07-25,260.3,26.6,75.6,1381.2,416.2,2.2,53.1,organico,area_umida,baixa,0,inundação,0,MÉDIO,7,inverno,Norte_Amazonia
Z_1981_NOR,-11.27922,-38.96625,2023-08-27,7.0,21.8,31.246932832519754,463.6,271.3,26.0,0.7,arenoso,pastagem,media,0,nenhum,0,MUITO BAIXO,8,inverno,Nordeste_Sertao
Z_1982_CEN,-19.62096,-58.57609,2024-08-13,25.6,30.0,36.61515765736898,349.1,1199.6,14.5,17.6,argiloso,pastagem,alta,0,inundação,0,BAIXO,8,inverno,CentroOeste_Cerrado_Pantanal
Z_1983_NOR,2.50449,-63.92608,2024-04-23,272.3,36.6,92.6,1700.7,375.7,11.5,44.0,arenoso,rural,media,0,nenhum,0,MUITO BAIXO,4,outono,Norte_Amazonia
Z_1984_NOR,-3.30544,-39.7011,2023-12-03,42.6,26.8,32.1,365.8,650.9,14.5,20.1,arenoso,pastagem,baixa,0,seca,0,BAIXO,12,verao,Nordeste_Sertao
Z_1985_SUL,-28.80566,-52.44197,2023-05-09,231.9,12.2,89.1,2100.8,1743.5,33.9,10.9,organico,pastagem,alta,0,deslizamento,0,MÉDIO,5,outono,Sul_Campos_Planalto
Z_1986_SUL,-25.90159,-50.62235,2024-01-10,183.5,8.9,76.0,2221.4,1004.5,14.9,4.0,arenoso_argiloso,urbano,alta,0,inundação,0,MÉDIO,1,verao,Sul_Campos_Planalto
Z_1987_SUD,-24.82768,-39.07894,2023-08-05,284.8,27.6,49.58177196964148,4808.5,1620.9,47.7,19.3,argiloso,pastagem,alta,0,deslizamento,1,ALTO,8,inverno,Sudeste_Montanhoso_Litoraneo
Z_1988_CEN,-19.86573,-60.28529,2023-12-15,45.4,32.6,44.4,307.6,367.7,3.1,22.9,arenoso,pastagem,media,1,incêndio,0,BAIXO,12,verao,CentroOeste_Cerrado_Pantanal
Z_1989_NOR,3.94774,-56.88064,2023-10-01,415.4,31.5,91.9,3308.6,27.3,15.8,23.8,organico,urbano,alta,0,incêndio,0,BAIXO,10,primavera,Norte_Amazonia
Z_1990_SUL,-24.3244,-50.70835,2024-03-30,180.4,28.9,57.7,1958.4,412.4,26.6,9.0,arenoso_argiloso,floresta,media,0,nenhum,0,MUITO BAIXO,3,outono,Sul_Campos_Planalto
Z_1991_NOR,2.95451,-62.65353,2024-03-27,333.9,22.6,87.6,1258.2,400.8,7.4,77.0,argiloso,floresta,baixa,0,incêndio,0,BAIXO,3,outono,Norte_Amazonia
Z_1992_NOR,-5.71256,-68.12069,2024-11-28,388.8,27.5,85.2,4145.8,141.2,15.5,14.5,argiloso,area_umida,media,0,nenhum,0,MUITO BAIXO,11,primavera,Norte_Amazonia
Z_1993_SUL,-31.10848,-48.61828,2024-11-10,165.3,13.4,89.9,1531.0,791.1,39.9,21.2,argiloso,pastagem,baixa,0,deslizamento,0,MÉDIO,11,primavera,Sul_Campos_Planalto
Z_1994_SUL,-32.23047,-48.93717,2024-01-17,181.2,13.6,54.0,2367.1,579.3,36.7,11.4,argiloso,urbano,alta,0,deslizamento,0,MÉDIO,1,verao,Sul_Campos_Planalto
Z_1995_SUD,-18.08218,-45.29918,2023-12-30,256.1,31.3,83.0,2236.8,1163.2,38.4,4.1,rochoso,rural,media,0,vendaval,0,MÉDIO,12,verao,Sudeste_Montanhoso_Litoraneo
Z_1996_NOR,-4.99924,-49.654,2023-12-21,204.4,23.0,95.8,3129.5,341.9,8.5,79.5,arenoso,floresta,baixa,0,incêndio,0,BAIXO,12,verao,Norte_Amazonia
Z_1997_SUD,-20.55155,-46.14698,2023-03-14,94.8,32.1,70.1,4763.0,1959.9,43.4,29.2,rochoso,urbano,alta,0,vendaval,0,BAIXO,3,outono,Sudeste_Montanhoso_Litoraneo
Z_1998_SUL,-30.50846,-56.57579,2023-03-21,95.8,21.5,59.8,4790.3,1670.7,25.5,6.0,argiloso,rural,alta,0,seca,0,BAIXO,3,outono,Sul_Campos_Planalto
Z_1999_NOR,-15.79443,-40.80124,2023-06-20,10.2,29.4,10.0,95.7,422.3,9.5,1.4,argiloso_seco,rural,baixa,0,nenhum,0,MUITO BAIXO,6,inverno,Nordeste_Sertao
Z_2000_NOR,-1.99836,-60.08093,2024-12-02,239.5,35.9,97.4,4932.2,184.5,19.5,68.4,argiloso,area_umida,baixa,0,nenhum,0,MUITO BAIXO,12,verao,Norte_Amazonia
