id_zona,latitude,longitude,data,precipitacao_mm,temperatura_c,umidade_percentual,densidade_populacional,altitude_metros,declividade_graus,distancia_agua_km,tipo_de_solo,uso_do_solo,nivel_acessibilidade,frequencia_sismos,tipo_evento,ocorrenca,nivel_de_risco,mes,estacao_do_ano,regiao
Z_0003_SUD,-24.49836,-49.77282,2024-04-15 00:00:00,163.4,19.8,86.3,2379.6,184.7,38.7,8.1,rochoso,urbano,alta,0,deslizamento,0,BAIXO,4,outono,Sudeste_Montanhoso_Litoraneo
Z_0004_NOR,-1.05338,-64.36535,2023-10-29 00:00:00,206.4,33.7,80.1,691.4,42.7,4.5,47.5,arenoso,rural,media,0,inundação,0,MÉDIO,10,primavera,Norte_Amazonia
Z_0005_NOR,-6.26763,-65.79076,2024-02-04 00:00:00,351.7,25.4,72.7,32.7,339.9,0.8,59.6,organico,urbano,alta,0,nenhum,0,MUITO BAIXO,2,verao,Norte_Amazonia
Z_0006_NOR,-17.21146,-45.04766,2024-01-12 00:00:00,64.7,20.3,55.7,299.9,130.9,2.0,14.0,argiloso_seco,rural,media,0,nenhum,0,MUITO BAIXO,1,verao,Nordeste_Sertao
Z_0007_SUD,-23.59146,-39.78153,2024-02-09 00:00:00,131.8,23.4,83.8,3583.8,1127.5,52.6,15.1,rochoso,rural,media,0,vendaval,0,BAIXO,2,verao,Sudeste_Montanhoso_Litoraneo
Z_0008_SUL,-23.08979,-49.25778,2024-09-03 00:00:00,233.6,23.4,77.9,1451.3,823.6,12.5,11.0,arenoso_argiloso,pastagem,baixa,0,seca,0,BAIXO,9,primavera,Sul_Campos_Planalto
Z_0009_NOR,-2.52513,-38.60528,2023-08-19 00:00:00,22.4,35.4,25.183994055005094,396.8,902.7,28.6,0.9,arenoso,rural,baixa,1,incêndio,0,MÉDIO,8,inverno,Nordeste_Sertao
Z_0010_CEN,-13.47325,-54.40066,2023-01-14 00:00:00,176.7,25.2,76.5,378.9,901.5,17.0,26.4,argiloso,pastagem,media,0,nenhum,0,MUITO BAIXO,1,verao,CentroOeste_Cerrado_Pantanal
Z_0011_NOR,-3.54167,-40.90434,2023-03-09 00:00:00,63.0,40.3,27.6,363.6,611.2,1.8,14.9,argiloso_seco,rural,alta,0,nenhum,0,MUITO BAIXO,3,outono,Nordeste_Sertao
Z_0012_CEN,-7.7494,-59.00785,2024-06-03 00:00:00,29.6,36.2,60.82960535557233,325.1,601.0,10.4,27.7,latossolo,pastagem,alta,0,inundação,0,BAIXO,6,inverno,CentroOeste_Cerrado_Pantanal
Z_0013_SUL,-26.18237,-50.75155,2023-11-27 00:00:00,188.1,29.8,49.3,3865.6,1493.2,32.4,11.0,arenoso_argiloso,urbano,media,0,nenhum,0,MUITO BAIXO,11,primavera,Sul_Campos_Planalto
Z_0014_NOR,-0.41952,-57.11632,2023-04-09 00:00:00,393.3,27.1,76.5,4951.3,407.7,2.4,16.7,arenoso,rural,baixa,0,inundação,0,BAIXO,4,outono,Norte_Amazonia
Z_0015_SUL,-31.13569,-54.96999,2023-06-21 00:00:00,150.0,12.8,26.506433610372113,1173.2,473.7,12.8,12.8,arenoso_argiloso,urbano,media,0,vendaval,0,BAIXO,6,inverno,Sul_Campos_Planalto
Z_0016_SUD,-21.12368,-45.47963,2024-01-14 00:00:00,257.6,24.1,53.2,4038.0,1692.2,53.9,7.1,rochoso,urbano,alta,0,deslizamento,0,BAIXO,1,verao,Sudeste_Montanhoso_Litoraneo
Z_0017_SUL,-32.07709,-49.45066,2024-12-14 00:00:00,114.5,15.2,54.2,2244.4,431.6,23.7,7.0,arenoso_argiloso,pastagem,baixa,0,seca,0,BAIXO,12,verao,Sul_Campos_Planalto
Z_0018_NOR,-6.37824,-57.76005,2024-02-28 00:00:00,385.0,30.0,89.7,4096.2,403.6,9.5,13.2,organico,floresta,media,0,vendaval,0,BAIXO,2,verao,Norte_Amazonia
Z_0019_SUD,-23.87473,-41.33092,2024-02-07 00:00:00,272.2,30.1,94.3,901.6,1411.9,49.2,15.0,organico,urbano,alta,0,deslizamento,1,ALTO,2,verao,Sudeste_Montanhoso_Litoraneo
Z_0020_NOR,-7.59658,-42.89393,2024-03-23 00:00:00,94.5,23.2,37.8,92.7,745.1,6.9,17.9,arenoso,rural,baixa,0,incêndio,0,BAIXO,3,outono,Nordeste_Sertao
Z_0021_NOR,-15.37076,-39.92035,2024-05-17 00:00:00,87.4,26.8,41.3,438.8,735.8,24.6,0.5,rochoso,pastagem,baixa,0,seca,0,BAIXO,5,outono,Nordeste_Sertao
Z_0022_SUD,-20.13465,-43.62339,2023-07-18 00:00:00,151.5,30.2,51.427903641435044,1506.4,2256.5,36.4,9.6,rochoso,rural,alta,0,nenhum,0,MUITO BAIXO,7,inverno,Sudeste_Montanhoso_Litoraneo
Z_0023_NOR,-2.95131,-48.08628,2023-12-06 00:00:00,240.3,24.0,92.8,2274.5,486.6,9.0,74.6,arenoso,area_umida,baixa,0,inundação,0,MÉDIO,12,verao,Norte_Amazonia
Z_0024_SUD,-20.80639,-40.85386,2024-01-10 00:00:00,331.6,22.0,69.4,384.3,2039.0,5.9,12.4,organico,urbano,alta,0,nenhum,0,MUITO BAIXO,1,verao,Sudeste_Montanhoso_Litoraneo
Z_0025_SUD,-19.44207,-46.51317,2023-05-19 00:00:00,198.1,25.7,77.7,226.9,597.9,33.0,8.9,organico,urbano,alta,0,deslizamento,0,MÉDIO,5,outono,Sudeste_Montanhoso_Litoraneo
Z_0026_NOR,-1.86103,-67.6172,2024-04-16 00:00:00,350.1,23.3,100.0,664.5,153.5,6.0,49.9,argiloso,urbano,media,0,vendaval,0,BAIXO,4,outono,Norte_Amazonia
Z_0027_SUL,-32.34941,-50.38037,2024-01-25 00:00:00,243.5,14.6,81.8,1702.0,431.3,18.2,18.7,argiloso,pastagem,baixa,0,nenhum,0,MUITO BAIXO,1,verao,Sul_Campos_Planalto
Z_0028_NOR,4.16023,-48.64878,2023-09-04 00:00:00,205.2,34.8,95.1,452.0,367.9,17.9,29.8,organico,floresta,baixa,0,vendaval,0,BAIXO,9,primavera,Norte_Amazonia
Z_0029_NOR,-12.55091,-42.49934,2024-05-17 00:00:00,78.2,35.0,50.4,44.9,429.4,25.4,1.1,argiloso_seco,rural,alta,0,nenhum,0,MUITO BAIXO,5,outono,Nordeste_Sertao
Z_0030_NOR,-9.27039,-44.92901,2024-12-20 00:00:00,14.9,28.1,34.9,411.1,744.5,17.0,17.8,arenoso,rural,alta,0,nenhum,0,MUITO BAIXO,12,verao,Nordeste_Sertao
Z_0031_CEN,-10.43454,-49.20685,2023-06-10 00:00:00,10.1,29.9,51.528843960910436,446.1,411.3,7.3,14.3,argiloso,pastagem,baixa,0,nenhum,0,MUITO BAIXO,6,inverno,CentroOeste_Cerrado_Pantanal
Z_0032_NOR,-3.55524,-55.53803,2024-09-02 00:00:00,244.3,22.5,97.6,3162.8,303.2,5.0,44.5,arenoso,area_umida,baixa,0,inundação,0,MÉDIO,9,primavera,Norte_Amazonia
Z_0033_CEN,-20.70697,-45.67534,2024-10-31 00:00:00,125.6,34.3,78.1,146.3,184.3,0.6,12.0,arenoso,floresta,baixa,0,seca,0,BAIXO,10,primavera,CentroOeste_Cerrado_Pantanal
Z_0034_NOR,-4.75323,-42.62675,2024-04-11 00:00:00,83.3,36.1,25.8,157.1,507.7,28.6,15.6,arenoso,rural,alta,0,incêndio,0,BAIXO,4,outono,Nordeste_Sertao
Z_0035_NOR,3.92892,-70.04995,2023-06-13 00:00:00,229.6,22.2,87.7,4554.5,469.2,8.0,23.3,arenoso,area_umida,media,0,inundação,0,BAIXO,6,inverno,Norte_Amazonia
Z_0036_SUD,-20.78579,-48.38115,2023-07-29 00:00:00,219.5,19.3,29.26523323758573,1683.2,830.0,58.0,25.0,argiloso,urbano,alta,0,nenhum,0,MUITO BAIXO,7,inverno,Sudeste_Montanhoso_Litoraneo
Z_0037_SUD,-19.32575,-43.36497,2023-08-22 00:00:00,327.6,26.5,53.43525355503249,2093.9,1425.0,32.7,23.9,organico,rural,baixa,0,deslizamento,0,MÉDIO,8,inverno,Sudeste_Montanhoso_Litoraneo
Z_0038_SUL,-27.83517,-57.94727,2024-08-14 00:00:00,98.6,14.2,49.18474623623628,1632.4,916.6,3.7,27.0,organico,urbano,alta,0,vendaval,0,BAIXO,8,inverno,Sul_Campos_Planalto
Z_0039_NOR,2.96482,-55.91556,2024-08-16 00:00:00,299.8,24.5,98.3,3028.5,228.4,6.9,1.3,organico,urbano,media,0,inundação,0,BAIXO,8,inverno,Norte_Amazonia
Z_0040_CEN,-22.16889,-57.31061,2023-02-23 00:00:00,76.5,37.3,76.2,343.2,607.8,7.7,22.1,arenoso,rural,alta,0,inundação,0,BAIXO,2,verao,CentroOeste_Cerrado_Pantanal
Z_0041_NOR,-7.37302,-65.62364,2023-12-18 00:00:00,435.6,28.7,85.2,4511.9,175.2,19.7,66.3,organico,rural,media,0,vendaval,0,BAIXO,12,verao,Norte_Amazonia
Z_0042_NOR,-7.77154,-57.98067,2024-11-23 00:00:00,277.2,25.7,76.3,1468.6,170.2,13.2,18.3,argiloso,rural,baixa,0,vendaval,0,BAIXO,11,primavera,Norte_Amazonia
Z_0043_NOR,-16.09696,-41.88182,2024-11-03 00:00:00,86.9,40.2,49.5,295.6,252.4,15.5,18.5,argiloso_seco,pastagem,baixa,0,nenhum,0,MUITO BAIXO,11,primavera,Nordeste_Sertao
Z_0044_CEN,-5.10647,-48.24757,2024-03-17 00:00:00,143.0,21.8,71.4,273.1,528.9,16.3,3.0,latossolo,floresta,baixa,0,incêndio,0,BAIXO,3,outono,CentroOeste_Cerrado_Pantanal
Z_0045_SUD,-24.27158,-42.16044,2023-12-09 00:00:00,200.5,25.3,74.9,4921.4,2217.8,12.9,7.9,rochoso,rural,media,0,deslizamento,0,BAIXO,12,verao,Sudeste_Montanhoso_Litoraneo
Z_0046_CEN,-19.00774,-59.48754,2024-11-29 00:00:00,167.4,28.5,36.0,463.5,1142.0,3.7,25.5,argiloso,rural,baixa,0,incêndio,0,BAIXO,11,primavera,CentroOeste_Cerrado_Pantanal
Z_0047_SUD,-19.26081,-47.11756,2024-03-05 00:00:00,327.5,24.2,53.3,3635.9,1761.3,11.4,16.4,rochoso,rural,alta,0,nenhum,0,MUITO BAIXO,3,outono,Sudeste_Montanhoso_Litoraneo
Z_0048_NOR,-14.63208,-44.87074,2023-11-25 00:00:00,42.4,22.4,62.5,39.1,985.5,16.4,28.0,argiloso_seco,rural,alta,0,nenhum,0,MUITO BAIXO,11,primavera,Nordeste_Sertao
Z_0049_NOR,-16.19965,-38.84415,2024-08-27 00:00:00,4.3,34.6,20.04434563566503,351.7,219.5,24.5,4.9,arenoso,rural,baixa,0,incêndio,0,MÉDIO,8,inverno,Nordeste_Sertao
Z_0050_SUL,-26.75295,-53.62642,2023-08-15 00:00:00,177.2,21.2,67.05444888697069,3118.7,41.3,1.3,16.7,argiloso,floresta,baixa,0,nenhum,0,MUITO BAIXO,8,inverno,Sul_Campos_Planalto
Z_0051_SUL,-26.80669,-50.03207,2024-08-04 00:00:00,222.5,12.4,56.906053130141146,2615.5,151.8,23.8,24.2,argiloso,floresta,baixa,0,inundação,0,BAIXO,8,inverno,Sul_Campos_Planalto
Z_0052_SUD,-24.89632,-39.47465,2023-09-02 00:00:00,291.1,15.4,83.3,385.9,1581.2,8.7,6.0,rochoso,pastagem,media,0,vendaval,0,BAIXO,9,primavera,Sudeste_Montanhoso_Litoraneo
Z_0053_NOR,-10.17416,-42.64435,2023-07-08 00:00:00,15.6,36.6,19.528024545957635,203.0,953.3,18.5,22.0,rochoso,rural,media,0,incêndio,1,ALTO,7,inverno,Nordeste_Sertao
Z_0054_SUD,-22.1304,-48.65733,2023-01-01 00:00:00,345.4,34.5,69.6,2418.7,217.5,21.2,3.4,rochoso,urbano,alta,0,nenhum,0,MUITO BAIXO,1,verao,Sudeste_Montanhoso_Litoraneo
Z_0055_SUD,-24.59938,-41.65408,2024-02-29 00:00:00,163.9,20.8,66.1,2818.1,1949.5,34.0,24.7,argiloso,pastagem,alta,0,deslizamento,0,MÉDIO,2,verao,Sudeste_Montanhoso_Litoraneo
Z_0056_SUD,-20.7529,-41.81001,2023-11-24 00:00:00,185.2,15.7,80.0,617.6,1234.9,14.8,0.1,argiloso,pastagem,media,0,inundação,0,MÉDIO,11,primavera,Sudeste_Montanhoso_Litoraneo
Z_0057_NOR,-0.57433,-50.22824,2023-10-11 00:00:00,428.2,30.8,95.4,529.3,184.8,18.5,18.4,arenoso,urbano,alta,0,inundação,0,BAIXO,10,primavera,Norte_Amazonia
Z_0058_CEN,-6.81929,-58.63731,2024-11-24 00:00:00,107.6,23.6,30.8,409.8,1044.2,12.4,2.7,latossolo,pastagem,baixa,1,nenhum,0,MUITO BAIXO,11,primavera,CentroOeste_Cerrado_Pantanal
Z_0059_CEN,-5.30424,-58.63828,2024-02-08 00:00:00,98.4,18.6,30.8,344.4,423.8,18.0,16.9,argiloso,floresta,baixa,0,seca,0,BAIXO,2,verao,CentroOeste_Cerrado_Pantanal
Z_0060_SUL,-26.24836,-49.54675,2023-07-13 00:00:00,147.9,24.8,49.26509803071896,3822.1,1719.0,26.8,14.1,arenoso_argiloso,floresta,baixa,0,seca,0,BAIXO,7,inverno,Sul_Campos_Planalto
Z_0061_NOR,-9.17853,-39.38243,2024-04-05 00:00:00,80.8,26.4,52.9,175.9,140.8,22.2,13.2,argiloso_seco,pastagem,alta,0,nenhum,0,MUITO BAIXO,4,outono,Nordeste_Sertao
Z_0062_CEN,-8.71048,-47.02481,2024-04-11 00:00:00,113.5,32.6,45.4,138.8,1112.0,17.5,5.1,argiloso,rural,alta,0,nenhum,0,MUITO BAIXO,4,outono,CentroOeste_Cerrado_Pantanal
Z_0063_NOR,-10.14024,-39.35355,2023-10-12 00:00:00,39.1,28.2,43.6,414.7,199.5,18.8,16.9,arenoso,rural,media,0,incêndio,0,BAIXO,10,primavera,Nordeste_Sertao
Z_0064_SUD,-20.10145,-43.76047,2024-02-19 00:00:00,307.5,16.4,90.2,2470.1,1084.0,58.6,28.4,organico,pastagem,baixa,0,nenhum,0,MUITO BAIXO,2,verao,Sudeste_Montanhoso_Litoraneo
Z_0065_SUD,-19.99408,-49.52648,2023-03-26 00:00:00,267.0,22.3,80.6,3866.7,1428.1,14.3,10.8,organico,pastagem,media,0,deslizamento,0,BAIXO,3,outono,Sudeste_Montanhoso_Litoraneo
Z_0066_SUD,-19.57569,-40.51125,2023-06-05 00:00:00,307.2,30.5,38.698291891113385,4755.3,2362.4,27.0,7.7,rochoso,pastagem,baixa,1,deslizamento,0,BAIXO,6,inverno,Sudeste_Montanhoso_Litoraneo
Z_0067_SUL,-24.83529,-53.6092,2023-07-23 00:00:00,100.7,20.6,30.488726804759743,4844.7,1748.2,17.9,27.6,organico,pastagem,baixa,0,seca,0,BAIXO,7,inverno,Sul_Campos_Planalto
Z_0068_CEN,-16.2039,-60.58616,2023-11-11 00:00:00,156.7,27.7,66.4,36.1,268.6,12.5,28.8,latossolo,pastagem,baixa,0,nenhum,0,MUITO BAIXO,11,primavera,CentroOeste_Cerrado_Pantanal
Z_0069_SUL,-30.13806,-57.3742,2023-11-10 00:00:00,101.6,13.2,64.6,2713.0,1338.9,16.2,24.5,argiloso,floresta,baixa,0,nenhum,0,MUITO BAIXO,11,primavera,Sul_Campos_Planalto
Z_0070_CEN,-22.52742,-59.66846,2023-06-05 00:00:00,13.8,37.9,25.190585894995177,480.8,928.7,17.8,18.5,argiloso,area_umida,alta,0,nenhum,0,MUITO BAIXO,6,inverno,CentroOeste_Cerrado_Pantanal
Z_0071_NOR,-4.59682,-45.61013,2023-05-21 00:00:00,85.0,22.0,57.2,346.1,832.9,4.2,12.8,argiloso_seco,pastagem,baixa,0,incêndio,0,BAIXO,5,outono,Nordeste_Sertao
Z_0072_NOR,0.24287,-70.43835,2023-09-15 00:00:00,196.4,30.4,95.5,2968.1,80.1,6.8,50.5,argiloso,area_umida,baixa,0,inundação,1,MÉDIO,9,primavera,Norte_Amazonia
Z_0073_NOR,-7.31658,-56.74163,2023-06-09 00:00:00,447.3,35.5,81.8,139.4,101.8,11.9,5.7,organico,floresta,baixa,0,vendaval,0,BAIXO,6,inverno,Norte_Amazonia
Z_0074_SUD,-18.11624,-48.75527,2023-02-07 00:00:00,328.4,33.1,65.9,3241.4,1542.1,8.7,25.7,argiloso,floresta,baixa,0,nenhum,0,MUITO BAIXO,2,verao,Sudeste_Montanhoso_Litoraneo
Z_0075_NOR,-4.043,-53.01302,2024-08-16 00:00:00,155.7,23.7,87.8,402.3,161.4,4.6,21.3,argiloso,rural,baixa,0,nenhum,0,MUITO BAIXO,8,inverno,Norte_Amazonia
Z_0076_NOR,-17.34191,-41.68413,2024-08-28 00:00:00,7.9,41.0,27.610855425943583,400.8,660.8,1.3,21.3,argiloso_seco,rural,media,0,incêndio,0,MÉDIO,8,inverno,Nordeste_Sertao
Z_0077_SUD,-20.01683,-41.47351,2024-08-24 00:00:00,178.7,34.6,35.72242631023286,2425.3,759.6,14.6,21.5,argiloso,urbano,alta,0,vendaval,0,BAIXO,8,inverno,Sudeste_Montanhoso_Litoraneo
Z_0078_SUL,-26.34758,-49.60085,2024-01-13 00:00:00,101.0,27.9,86.8,1373.3,1663.4,36.3,3.3,arenoso_argiloso,pastagem,alta,0,vendaval,1,MÉDIO,1,verao,Sul_Campos_Planalto
Z_0079_CEN,-9.54428,-57.6042,2024-12-08 00:00:00,150.9,26.7,45.1,498.3,205.2,22.3,14.3,argiloso,floresta,baixa,1,incêndio,1,BAIXO,12,verao,CentroOeste_Cerrado_Pantanal
Z_0080_NOR,-9.92624,-57.62411,2024-07-08 00:00:00,432.4,33.8,92.4,3772.9,411.5,3.2,42.8,argiloso,floresta,baixa,0,nenhum,0,MUITO BAIXO,7,inverno,Norte_Amazonia
Z_0081_NOR,-14.86337,-37.87978,2023-10-24 00:00:00,56.2,33.3,31.9,492.9,887.5,8.4,13.7,rochoso,rural,baixa,0,seca,0,BAIXO,10,primavera,Nordeste_Sertao
Z_0082_NOR,-17.9047,-44.55224,2023-02-15 00:00:00,99.5,40.0,56.0,459.9,385.3,27.5,10.2,rochoso,rural,baixa,2,incêndio,0,BAIXO,2,verao,Nordeste_Sertao
Z_0083_SUD,-20.23054,-47.88469,2024-07-15 00:00:00,313.0,20.7,43.003295215332344,3812.4,920.5,36.3,24.3,rochoso,urbano,alta,0,nenhum,0,MUITO BAIXO,7,inverno,Sudeste_Montanhoso_Litoraneo
Z_0084_SUD,-22.09775,-39.98214,2024-06-09 00:00:00,158.4,34.1,75.08592668231731,1280.2,2312.5,36.8,27.0,organico,floresta,baixa,0,deslizamento,0,BAIXO,6,inverno,Sudeste_Montanhoso_Litoraneo
Z_0085_NOR,-16.80959,-43.20205,2023-03-11 00:00:00,80.3,30.5,46.1,273.3,695.0,4.6,28.6,rochoso,rural,media,0,seca,0,BAIXO,3,outono,Nordeste_Sertao
Z_0086_NOR,-14.0358,-41.34035,2024-08-26 00:00:00,4.2,32.9,35.452166876385064,282.6,898.5,29.4,17.2,rochoso,rural,baixa,0,incêndio,1,MÉDIO,8,inverno,Nordeste_Sertao
Z_0087_NOR,-6.88755,-41.57252,2024-09-11 00:00:00,43.5,34.8,34.3,369.2,842.7,2.0,10.1,argiloso_seco,pastagem,media,0,nenhum,0,MUITO BAIXO,9,primavera,Nordeste_Sertao
Z_0088_NOR,-12.98542,-44.77912,2023-04-05 00:00:00,82.6,26.4,37.9,292.4,994.9,28.5,6.7,arenoso,pastagem,alta,0,seca,0,BAIXO,4,outono,Nordeste_Sertao
Z_0089_SUD,-23.3514,-48.64199,2024-02-04 00:00:00,107.5,16.5,93.6,3516.6,793.4,32.2,27.2,argiloso,urbano,alta,0,nenhum,0,MUITO BAIXO,2,verao,Sudeste_Montanhoso_Litoraneo
Z_0090_NOR,-14.9813,-37.39754,2023-06-14 00:00:00,9.6,33.8,25.919340925098286,355.8,252.8,27.7,3.4,arenoso,pastagem,baixa,0,incêndio,1,MÉDIO,6,inverno,Nordeste_Sertao
Z_0091_CEN,-6.55627,-55.73854,2023-01-03 00:00:00,110.2,18.7,70.7,226.3,825.4,7.3,1.9,latossolo,area_umida,alta,0,nenhum,0,MUITO BAIXO,1,verao,CentroOeste_Cerrado_Pantanal
Z_0092_SUD,-22.52809,-42.66036,2024-10-15 00:00:00,274.0,16.6,85.1,1901.9,2531.6,15.1,7.3,rochoso,rural,media,0,inundação,0,BAIXO,10,primavera,Sudeste_Montanhoso_Litoraneo
Z_0093_NOR,-0.53467,-55.69731,2023-02-22 00:00:00,357.3,32.7,81.5,1222.8,15.2,2.5,9.8,argiloso,rural,media,0,inundação,0,MÉDIO,2,verao,Norte_Amazonia
Z_0094_SUL,-25.51342,-56.49761,2024-02-26 00:00:00,76.1,24.4,67.0,452.6,413.0,28.1,2.4,organico,rural,alta,0,seca,0,BAIXO,2,verao,Sul_Campos_Planalto
Z_0095_NOR,-10.12988,-43.51492,2024-12-31 00:00:00,67.0,37.4,64.6,52.1,937.4,23.9,26.4,rochoso,rural,media,0,seca,0,BAIXO,12,verao,Nordeste_Sertao
Z_0096_SUD,-22.23162,-49.65321,2023-02-13 00:00:00,343.2,23.7,65.9,1964.0,1483.5,59.5,10.2,organico,urbano,alta,0,deslizamento,0,BAIXO,2,verao,Sudeste_Montanhoso_Litoraneo
Z_0097_NOR,3.92713,-50.4896,2023-02-25 00:00:00,184.8,23.3,79.4,1718.8,479.6,18.7,42.9,arenoso,rural,baixa,0,vendaval,0,BAIXO,2,verao,Norte_Amazonia
Z_0098_SUL,-25.15112,-54.38393,2023-02-25 00:00:00,106.3,11.3,76.9,4504.5,6.2,22.4,3.0,arenoso_argiloso,floresta,media,0,nenhum,0,MUITO BAIXO,2,verao,Sul_Campos_Planalto
Z_0099_CEN,-8.99538,-56.36757,2024-07-05 00:00:00,36.9,26.7,42.917395854371605,20.9,573.2,14.5,2.7,argiloso,rural,alta,0,seca,0,BAIXO,7,inverno,CentroOeste_Cerrado_Pantanal
Z_0100_SUL,-28.99768,-56.11528,2023-07-24 00:00:00,227.1,8.8,37.2328454169757,4498.3,701.1,19.7,12.8,arenoso_argiloso,urbano,alta,1,inundação,0,BAIXO,7,inverno,Sul_Campos_Planalto
Z_0101_SUL,-28.6656,-52.46402,2024-04-11 00:00:00,240.6,13.1,60.6,4885.9,902.0,17.7,11.3,argiloso,urbano,alta,0,nenhum,0,MUITO BAIXO,4,outono,Sul_Campos_Planalto
Z_0102_SUL,-28.27641,-57.97984,2023-05-27 00:00:00,72.1,29.1,42.2,1766.5,1149.9,31.0,25.4,organico,pastagem,baixa,0,inundação,0,BAIXO,5,outono,Sul_Campos_Planalto
Z_0103_CEN,-23.30577,-49.55173,2023-11-27 00:00:00,175.5,27.7,80.9,448.8,175.4,24.1,6.4,argiloso,area_umida,media,0,nenhum,0,MUITO BAIXO,11,primavera,CentroOeste_Cerrado_Pantanal
Z_0104_SUD,-18.32119,-45.47745,2023-10-28 00:00:00,189.1,32.9,73.8,3012.9,1151.1,10.5,17.8,argiloso,pastagem,alta,0,nenhum,0,MUITO BAIXO,10,primavera,Sudeste_Montanhoso_Litoraneo
Z_0105_SUL,-33.82214,-50.16581,2023-09-20 00:00:00,190.8,30.5,77.7,652.6,1628.1,34.0,21.0,argiloso,pastagem,baixa,0,deslizamento,0,MÉDIO,9,primavera,Sul_Campos_Planalto
Z_0106_SUD,-21.99756,-45.11027,2024-04-09 00:00:00,192.8,17.9,60.0,269.4,2165.5,30.8,6.8,argiloso,urbano,alta,0,deslizamento,1,MÉDIO,4,outono,Sudeste_Montanhoso_Litoraneo
Z_0107_SUD,-21.89059,-49.98602,2024-08-15 00:00:00,121.1,22.5,65.13039657512853,2720.4,2040.8,14.7,1.7,rochoso,urbano,alta,0,deslizamento,0,BAIXO,8,inverno,Sudeste_Montanhoso_Litoraneo
Z_0108_SUL,-24.28258,-51.47687,2023-07-25 00:00:00,108.1,26.2,35.64631857457749,3375.2,791.4,14.1,23.1,arenoso_argiloso,floresta,baixa,0,seca,0,BAIXO,7,inverno,Sul_Campos_Planalto
Z_0109_CEN,-7.93369,-46.72567,2024-08-15 00:00:00,19.3,20.4,66.25882434777786,345.0,56.0,5.8,11.3,argiloso,area_umida,alta,0,incêndio,0,BAIXO,8,inverno,CentroOeste_Cerrado_Pantanal
Z_0110_SUL,-28.99168,-50.15174,2024-05-10 00:00:00,199.0,18.7,41.8,1271.6,1365.1,7.4,3.1,arenoso_argiloso,pastagem,baixa,0,inundação,1,MÉDIO,5,outono,Sul_Campos_Planalto
Z_0111_SUD,-19.35307,-43.75429,2023-09-02 00:00:00,191.7,27.1,91.6,2058.0,773.7,6.1,3.5,rochoso,pastagem,baixa,0,inundação,0,MÉDIO,9,primavera,Sudeste_Montanhoso_Litoraneo
Z_0112_SUD,-19.31277,-42.76034,2023-10-23 00:00:00,96.9,22.6,85.6,3823.6,795.7,46.2,8.1,rochoso,urbano,alta,0,nenhum,0,MUITO BAIXO,10,primavera,Sudeste_Montanhoso_Litoraneo
Z_0113_NOR,-9.74399,-58.15308,2024-06-10 00:00:00,200.6,35.8,78.9,4790.0,66.2,7.7,35.0,argiloso,floresta,media,0,inundação,1,MÉDIO,6,inverno,Norte_Amazonia
Z_0114_NOR,-6.3673,-62.61098,2023-08-31 00:00:00,180.2,37.4,88.1,4132.8,274.7,11.1,9.6,organico,floresta,media,0,inundação,0,BAIXO,8,inverno,Norte_Amazonia
Z_0115_SUD,-23.60413,-47.84602,2023-04-14 00:00:00,146.1,18.6,50.0,627.7,2093.3,25.6,0.5,rochoso,pastagem,media,0,nenhum,0,MUITO BAIXO,4,outono,Sudeste_Montanhoso_Litoraneo
Z_0116_SUD,-21.18053,-39.87253,2023-02-24 00:00:00,338.2,27.6,80.7,3504.0,2054.6,13.9,8.6,rochoso,floresta,media,0,vendaval,0,BAIXO,2,verao,Sudeste_Montanhoso_Litoraneo
Z_0117_NOR,-8.17114,-66.57824,2024-12-05 00:00:00,180.0,29.9,95.7,1871.2,293.9,8.9,63.1,organico,area_umida,media,0,nenhum,0,MUITO BAIXO,12,verao,Norte_Amazonia
Z_0118_SUD,-19.40328,-46.40523,2024-12-28 00:00:00,347.6,29.7,82.4,2477.0,168.1,50.3,27.8,organico,rural,media,0,deslizamento,0,BAIXO,12,verao,Sudeste_Montanhoso_Litoraneo
Z_0119_NOR,-3.51974,-64.90507,2024-07-16 00:00:00,405.5,36.2,77.0,2794.4,158.9,19.8,0.7,arenoso,area_umida,media,0,nenhum,0,MUITO BAIXO,7,inverno,Norte_Amazonia
Z_0120_NOR,-2.48094,-48.63737,2024-04-16 00:00:00,159.8,35.9,83.4,3699.7,49.9,15.1,20.5,arenoso,urbano,alta,1,incêndio,0,BAIXO,4,outono,Norte_Amazonia
Z_0121_SUD,-22.10428,-43.04589,2023-07-13 00:00:00,193.4,21.8,66.27711528183139,1584.9,261.3,57.2,6.5,organico,floresta,baixa,0,deslizamento,0,BAIXO,7,inverno,Sudeste_Montanhoso_Litoraneo
Z_0122_NOR,-15.46097,-42.43257,2024-12-05 00:00:00,26.4,39.5,61.5,291.5,178.5,28.2,20.5,argiloso_seco,rural,alta,0,seca,0,BAIXO,12,verao,Nordeste_Sertao
Z_0123_NOR,-7.88935,-61.83113,2023-08-23 00:00:00,406.7,22.6,76.5,2718.3,55.9,17.6,29.9,organico,area_umida,baixa,0,inundação,0,BAIXO,8,inverno,Norte_Amazonia
Z_0124_SUD,-20.96743,-43.39891,2023-08-18 00:00:00,85.4,23.9,22.62750729204985,3052.5,1927.1,26.3,26.6,argiloso,floresta,baixa,0,nenhum,0,MUITO BAIXO,8,inverno,Sudeste_Montanhoso_Litoraneo
Z_0125_CEN,-14.48058,-50.40314,2024-06-22 00:00:00,40.4,31.3,27.083519174564433,331.1,296.3,24.6,15.0,latossolo,pastagem,alta,0,seca,0,BAIXO,6,inverno,CentroOeste_Cerrado_Pantanal
Z_0126_SUD,-22.21969,-40.37101,2024-09-04 00:00:00,253.8,15.7,73.1,892.2,628.4,8.2,26.5,rochoso,rural,alta,0,nenhum,0,MUITO BAIXO,9,primavera,Sudeste_Montanhoso_Litoraneo
Z_0127_NOR,0.19515,-73.63061,2023-07-23 00:00:00,196.4,32.7,81.0,24.2,385.9,14.0,37.4,organico,area_umida,baixa,0,inundação,0,MÉDIO,7,inverno,Norte_Amazonia
Z_0128_CEN,-19.79951,-58.26201,2024-07-11 00:00:00,15.3,23.1,22.108884821932328,402.5,973.0,4.3,12.4,latossolo,rural,media,0,nenhum,0,MUITO BAIXO,7,inverno,CentroOeste_Cerrado_Pantanal
Z_0129_SUL,-28.59055,-51.67143,2024-12-19 00:00:00,186.5,7.8,79.2,1690.7,117.9,16.5,5.5,arenoso_argiloso,urbano,alta,0,seca,0,BAIXO,12,verao,Sul_Campos_Planalto
Z_0130_SUL,-26.33663,-49.18908,2023-01-14 00:00:00,143.6,23.6,47.0,1654.8,739.6,33.9,17.4,argiloso,pastagem,alta,0,nenhum,0,MUITO BAIXO,1,verao,Sul_Campos_Planalto
Z_0131_SUD,-18.19087,-44.75832,2024-12-23 00:00:00,272.7,27.1,76.0,2045.4,1474.9,25.5,13.7,rochoso,floresta,baixa,0,vendaval,1,BAIXO,12,verao,Sudeste_Montanhoso_Litoraneo
Z_0132_NOR,-6.37853,-45.53657,2024-09-12 00:00:00,33.1,27.3,43.4,281.7,858.2,5.5,11.7,rochoso,pastagem,media,0,seca,0,BAIXO,9,primavera,Nordeste_Sertao
Z_0133_SUD,-19.44135,-44.10347,2023-03-02 00:00:00,194.4,22.5,70.3,1728.3,240.6,17.7,9.6,organico,floresta,baixa,0,vendaval,0,BAIXO,3,outono,Sudeste_Montanhoso_Litoraneo
Z_0134_CEN,-22.91181,-50.12111,2024-03-19 00:00:00,78.3,30.1,62.7,434.0,673.3,14.8,9.3,latossolo,pastagem,alta,0,seca,0,BAIXO,3,outono,CentroOeste_Cerrado_Pantanal
Z_0135_CEN,-19.44542,-49.00992,2023-07-10 00:00:00,21.7,34.9,24.002542985123014,403.9,1113.9,6.4,20.1,arenoso,area_umida,alta,0,incêndio,0,MÉDIO,7,inverno,CentroOeste_Cerrado_Pantanal
Z_0136_SUL,-33.13586,-50.22561,2024-08-26 00:00:00,130.9,18.3,57.692876743165925,4622.3,1697.8,6.7,2.5,organico,rural,media,0,nenhum,0,MUITO BAIXO,8,inverno,Sul_Campos_Planalto
Z_0137_NOR,-5.27874,-44.81992,2024-01-19 00:00:00,57.5,31.7,68.0,468.2,616.6,23.5,25.7,rochoso,pastagem,baixa,0,nenhum,0,MUITO BAIXO,1,verao,Nordeste_Sertao
Z_0138_NOR,-2.39597,-40.6652,2023-02-03 00:00:00,45.7,34.0,51.3,314.1,453.5,6.2,1.2,argiloso_seco,rural,alta,0,nenhum,0,MUITO BAIXO,2,verao,Nordeste_Sertao
Z_0139_NOR,-5.73585,-39.25599,2023-08-15 00:00:00,18.1,37.7,31.764656371717724,311.2,904.2,11.0,11.2,rochoso,rural,alta,0,incêndio,0,MÉDIO,8,inverno,Nordeste_Sertao
Z_0140_NOR,4.52742,-71.8993,2024-09-25 00:00:00,202.4,33.9,82.7,3833.2,185.5,15.2,5.9,argiloso,floresta,media,0,incêndio,0,BAIXO,9,primavera,Norte_Amazonia
Z_0141_CEN,-20.76228,-57.18337,2024-11-18 00:00:00,147.0,36.4,56.1,60.0,421.7,23.6,4.3,arenoso,floresta,media,0,inundação,0,BAIXO,11,primavera,CentroOeste_Cerrado_Pantanal
Z_0142_SUD,-22.33793,-40.40635,2023-09-04 00:00:00,283.5,16.6,91.4,2394.3,1277.8,14.5,27.1,rochoso,floresta,media,0,nenhum,0,MUITO BAIXO,9,primavera,Sudeste_Montanhoso_Litoraneo
Z_0143_SUD,-23.63851,-40.89549,2024-03-16 00:00:00,312.2,25.2,75.3,3257.8,1250.3,25.7,20.3,organico,urbano,media,0,deslizamento,0,MÉDIO,3,outono,Sudeste_Montanhoso_Litoraneo
Z_0144_SUD,-23.32228,-46.73861,2023-08-30 00:00:00,82.2,24.0,39.94601303525542,4175.7,985.1,15.4,29.4,organico,rural,baixa,0,inundação,0,BAIXO,8,inverno,Sudeste_Montanhoso_Litoraneo
Z_0145_SUD,-23.15261,-44.95774,2023-05-07 00:00:00,288.2,17.5,83.7,4736.9,76.2,31.8,19.7,rochoso,floresta,baixa,0,nenhum,0,MUITO BAIXO,5,outono,Sudeste_Montanhoso_Litoraneo
Z_0146_CEN,-13.61375,-54.52275,2024-12-27 00:00:00,79.0,26.6,57.0,412.2,578.4,7.2,28.3,argiloso,pastagem,alta,0,nenhum,0,MUITO BAIXO,12,verao,CentroOeste_Cerrado_Pantanal
Z_0147_SUD,-19.42096,-46.5028,2024-08-20 00:00:00,213.6,34.4,23.922452410986157,1865.7,1159.4,13.7,1.0,argiloso,rural,alta,0,inundação,1,MÉDIO,8,inverno,Sudeste_Montanhoso_Litoraneo
Z_0148_SUD,-19.35844,-46.98169,2023-01-21 00:00:00,315.5,18.6,69.3,4184.0,1219.0,30.0,29.6,organico,urbano,media,0,deslizamento,0,MÉDIO,1,verao,Sudeste_Montanhoso_Litoraneo
Z_0149_NOR,-4.84288,-39.11642,2023-03-15 00:00:00,80.7,31.7,26.0,435.7,266.6,11.5,21.0,arenoso,rural,baixa,0,incêndio,0,BAIXO,3,outono,Nordeste_Sertao
Z_0150_SUD,-23.80007,-44.81951,2024-04-15 00:00:00,269.6,20.7,62.3,4095.1,1877.4,12.5,17.7,rochoso,urbano,alta,0,nenhum,0,MUITO BAIXO,4,outono,Sudeste_Montanhoso_Litoraneo
Z_0151_SUL,-24.88778,-53.01475,2024-04-24 00:00:00,71.9,10.4,41.4,81.9,867.3,8.4,6.1,arenoso_argiloso,urbano,alta,0,inundação,0,BAIXO,4,outono,Sul_Campos_Planalto
Z_0152_NOR,-7.04713,-69.1076,2023-01-16 00:00:00,434.6,25.0,84.7,1515.9,307.4,6.1,37.5,argiloso,urbano,alta,0,nenhum,0,MUITO BAIXO,1,verao,Norte_Amazonia
Z_0153_NOR,-7.98347,-63.86848,2023-07-08 00:00:00,196.2,31.2,74.1,1109.4,199.1,0.2,78.0,organico,floresta,baixa,0,nenhum,0,MUITO BAIXO,7,inverno,Norte_Amazonia
Z_0154_NOR,-7.06473,-72.82829,2023-04-29 00:00:00,448.5,36.4,72.2,420.4,270.4,9.8,73.9,organico,area_umida,media,0,inundação,1,MÉDIO,4,outono,Norte_Amazonia
Z_0155_NOR,-13.63367,-43.28427,2023-01-01 00:00:00,73.1,27.0,66.7,92.9,749.0,4.1,14.9,rochoso,pastagem,alta,0,nenhum,0,MUITO BAIXO,1,verao,Nordeste_Sertao
Z_0156_CEN,-16.09687,-50.79653,2023-05-08 00:00:00,147.4,19.9,84.7,225.8,107.4,22.9,6.8,arenoso,floresta,baixa,1,nenhum,0,MUITO BAIXO,5,outono,CentroOeste_Cerrado_Pantanal
Z_0157_SUL,-31.33779,-48.09439,2023-10-19 00:00:00,200.7,10.1,45.2,2490.6,338.5,2.8,29.0,argiloso,floresta,baixa,0,nenhum,0,MUITO BAIXO,10,primavera,Sul_Campos_Planalto
Z_0158_NOR,-5.76399,-61.12163,2023-08-12 00:00:00,274.1,26.8,77.7,3657.4,273.4,8.6,10.4,argiloso,urbano,media,0,nenhum,0,MUITO BAIXO,8,inverno,Norte_Amazonia
Z_0159_SUD,-22.02397,-49.00877,2024-08-31 00:00:00,89.5,21.2,42.41828697123319,952.1,260.7,51.6,21.3,organico,floresta,baixa,0,nenhum,0,MUITO BAIXO,8,inverno,Sudeste_Montanhoso_Litoraneo
Z_0160_SUD,-21.3209,-40.65428,2023-03-02 00:00:00,198.0,34.8,78.1,3580.0,2637.6,31.4,0.7,organico,floresta,baixa,0,deslizamento,0,MÉDIO,3,outono,Sudeste_Montanhoso_Litoraneo
Z_0161_SUL,-31.71547,-50.43148,2024-07-28 00:00:00,213.5,11.5,60.33456743499685,2056.2,593.7,10.5,24.7,arenoso_argiloso,floresta,media,0,inundação,0,BAIXO,7,inverno,Sul_Campos_Planalto
Z_0162_CEN,-13.55241,-53.72529,2023-05-09 00:00:00,102.6,20.3,65.8,111.3,100.1,13.4,23.1,argiloso,pastagem,baixa,0,nenhum,0,MUITO BAIXO,5,outono,CentroOeste_Cerrado_Pantanal
Z_0163_NOR,0.71463,-52.58759,2023-11-05 00:00:00,298.1,32.1,86.1,3021.4,114.8,16.6,69.8,argiloso,urbano,alta,0,nenhum,0,MUITO BAIXO,11,primavera,Norte_Amazonia
Z_0164_NOR,-2.95074,-45.16193,2024-09-27 00:00:00,72.5,31.7,67.8,27.9,192.5,29.8,16.9,rochoso,rural,alta,1,seca,0,BAIXO,9,primavera,Nordeste_Sertao
Z_0165_SUD,-19.7539,-39.29765,2023-07-06 00:00:00,217.8,17.9,59.41317308602693,2426.6,93.3,38.6,3.3,organico,floresta,baixa,0,deslizamento,1,ALTO,7,inverno,Sudeste_Montanhoso_Litoraneo
Z_0166_SUD,-20.40591,-39.61809,2023-07-20 00:00:00,296.9,25.0,56.189259606454826,3400.6,2250.6,48.0,3.4,rochoso,urbano,media,0,nenhum,0,MUITO BAIXO,7,inverno,Sudeste_Montanhoso_Litoraneo
Z_0167_SUL,-31.38445,-54.19773,2024-07-04 00:00:00,166.4,26.6,48.88658509479946,3815.4,1664.9,10.3,3.7,arenoso_argiloso,rural,baixa,0,inundação,0,BAIXO,7,inverno,Sul_Campos_Planalto
Z_0168_SUL,-23.76809,-57.25812,2023-12-24 00:00:00,89.7,31.2,75.5,2256.9,1151.8,2.5,23.8,argiloso,floresta,baixa,1,vendaval,0,BAIXO,12,verao,Sul_Campos_Planalto
Z_0169_SUD,-24.95881,-39.26685,2024-10-05 00:00:00,160.0,22.2,57.7,735.1,1028.4,21.8,4.0,rochoso,urbano,alta,0,nenhum,0,MUITO BAIXO,10,primavera,Sudeste_Montanhoso_Litoraneo
Z_0170_SUD,-24.04683,-48.53464,2023-10-05 00:00:00,156.8,17.8,52.7,1549.0,138.9,55.7,0.7,rochoso,floresta,baixa,0,nenhum,0,MUITO BAIXO,10,primavera,Sudeste_Montanhoso_Litoraneo
Z_0171_SUD,-20.26182,-43.91065,2024-11-05 00:00:00,102.5,21.1,67.3,532.1,653.2,35.7,5.4,rochoso,floresta,baixa,0,nenhum,0,MUITO BAIXO,11,primavera,Sudeste_Montanhoso_Litoraneo
Z_0172_NOR,-8.1513,-53.69999,2024-11-24 00:00:00,259.6,24.3,95.9,2198.5,432.4,13.5,20.4,arenoso,floresta,baixa,0,inundação,0,BAIXO,11,primavera,Norte_Amazonia
Z_0173_NOR,-9.38571,-51.28709,2023-09-01 00:00:00,277.1,32.7,80.9,4986.7,440.8,14.1,7.8,organico,urbano,media,0,nenhum,0,MUITO BAIXO,9,primavera,Norte_Amazonia
Z_0174_NOR,-4.48356,-48.92683,2024-07-16 00:00:00,397.5,36.1,76.3,1013.6,426.4,2.9,4.3,organico,rural,media,0,inundação,1,MÉDIO,7,inverno,Norte_Amazonia
Z_0175_NOR,-8.652,-40.12865,2023-07-02 00:00:00,6.9,27.5,49.81164345363696,137.2,798.0,14.9,25.2,rochoso,pastagem,baixa,0,incêndio,0,BAIXO,7,inverno,Nordeste_Sertao
Z_0176_NOR,-7.40164,-44.20847,2024-11-13 00:00:00,8.4,22.8,56.6,64.5,931.6,24.1,25.1,arenoso,rural,alta,0,nenhum,0,MUITO BAIXO,11,primavera,Nordeste_Sertao
Z_0177_NOR,-17.46293,-45.19465,2023-08-15 00:00:00,7.3,23.7,40.737046358023434,104.4,803.3,3.2,25.9,rochoso,pastagem,media,0,incêndio,0,BAIXO,8,inverno,Nordeste_Sertao
Z_0178_SUD,-19.64088,-47.14319,2024-09-12 00:00:00,197.3,20.6,80.9,166.2,2328.8,39.8,0.2,organico,rural,baixa,0,deslizamento,1,MÉDIO,9,primavera,Sudeste_Montanhoso_Litoraneo
Z_0179_SUD,-24.87119,-39.37406,2023-05-27 00:00:00,268.2,22.1,70.8,2913.2,2477.5,26.6,14.6,rochoso,floresta,media,0,vendaval,0,BAIXO,5,outono,Sudeste_Montanhoso_Litoraneo
Z_0180_CEN,-22.16794,-57.73557,2024-08-07 00:00:00,22.4,22.3,34.25496735186872,191.4,405.1,14.2,21.9,latossolo,pastagem,alta,0,nenhum,0,MUITO BAIXO,8,inverno,CentroOeste_Cerrado_Pantanal
Z_0181_SUL,-23.6259,-53.8217,2023-09-01 00:00:00,100.0,10.9,77.5,3465.0,1520.2,32.2,3.9,organico,pastagem,media,0,seca,0,BAIXO,9,primavera,Sul_Campos_Planalto
Z_0182_NOR,-15.90656,-45.69061,2024-11-24 00:00:00,77.0,30.5,21.6,444.2,284.6,25.1,28.6,argiloso_seco,rural,alta,0,incêndio,0,BAIXO,11,primavera,Nordeste_Sertao
Z_0183_SUD,-24.20463,-45.58314,2024-08-22 00:00:00,313.1,22.3,56.62445501393972,3540.9,1750.2,48.9,5.5,argiloso,rural,media,0,deslizamento,1,ALTO,8,inverno,Sudeste_Montanhoso_Litoraneo
Z_0184_NOR,-5.32614,-37.38033,2024-11-15 00:00:00,34.0,31.8,53.3,403.1,965.0,21.4,11.3,argiloso_seco,pastagem,media,0,seca,0,BAIXO,11,primavera,Nordeste_Sertao
Z_0185_CEN,-7.09986,-53.6614,2024-01-15 00:00:00,148.9,34.0,48.8,479.5,1073.8,17.8,23.4,arenoso,rural,media,0,nenhum,0,MUITO BAIXO,1,verao,CentroOeste_Cerrado_Pantanal
Z_0186_NOR,-15.4414,-43.58244,2023-02-26 00:00:00,73.9,39.4,33.6,143.7,531.0,2.2,17.9,arenoso,pastagem,baixa,0,nenhum,0,MUITO BAIXO,2,verao,Nordeste_Sertao
Z_0187_SUD,-19.23418,-43.11303,2024-08-24 00:00:00,249.5,24.8,50.786240531947215,4643.2,1189.6,39.6,15.1,rochoso,pastagem,alta,0,deslizamento,0,BAIXO,8,inverno,Sudeste_Montanhoso_Litoraneo
Z_0188_NOR,-9.84612,-68.45183,2023-03-21 00:00:00,289.9,35.0,70.0,288.5,112.5,12.9,45.7,arenoso,rural,baixa,0,nenhum,0,MUITO BAIXO,3,outono,Norte_Amazonia
Z_0189_SUD,-22.00725,-44.86984,2024-12-23 00:00:00,192.8,21.6,92.1,3080.5,1723.7,12.7,15.9,argiloso,pastagem,media,0,inundação,0,BAIXO,12,verao,Sudeste_Montanhoso_Litoraneo
Z_0190_NOR,-17.36263,-41.18406,2024-01-30 00:00:00,56.7,24.1,32.5,110.4,930.9,22.1,21.7,argiloso_seco,pastagem,media,0,seca,0,BAIXO,1,verao,Nordeste_Sertao
Z_0191_SUD,-18.14971,-45.42538,2023-10-24 00:00:00,202.2,17.3,62.9,3105.3,1794.9,47.4,25.8,argiloso,pastagem,baixa,0,deslizamento,1,ALTO,10,primavera,Sudeste_Montanhoso_Litoraneo
Z_0192_NOR,-8.63305,-59.65338,2024-01-06 00:00:00,288.7,32.6,88.8,4598.3,108.2,8.5,12.0,organico,rural,media,0,nenhum,0,MUITO BAIXO,1,verao,Norte_Amazonia
Z_0193_SUD,-19.77106,-40.37004,2023-08-09 00:00:00,236.0,25.4,64.45307498921076,3319.4,43.0,23.4,9.0,rochoso,pastagem,alta,0,nenhum,0,MUITO BAIXO,8,inverno,Sudeste_Montanhoso_Litoraneo
Z_0194_CEN,-12.63639,-52.9143,2024-05-01 00:00:00,184.2,21.0,32.0,346.6,440.8,15.8,4.5,latossolo,pastagem,baixa,0,incêndio,0,BAIXO,5,outono,CentroOeste_Cerrado_Pantanal
Z_0195_NOR,-6.84667,-68.8398,2024-08-02 00:00:00,393.2,28.4,85.9,3530.4,40.2,10.6,71.9,organico,rural,media,0,inundação,0,MÉDIO,8,inverno,Norte_Amazonia
Z_0196_SUD,-20.8234,-39.01479,2023-02-04 00:00:00,177.7,25.9,50.4,3026.8,2675.0,12.6,13.5,organico,urbano,alta,0,inundação,0,BAIXO,2,verao,Sudeste_Montanhoso_Litoraneo
Z_0197_CEN,-14.90121,-54.08671,2023-03-26 00:00:00,172.6,31.7,79.0,301.8,1126.0,10.8,12.7,arenoso,floresta,baixa,0,incêndio,0,BAIXO,3,outono,CentroOeste_Cerrado_Pantanal
Z_0198_CEN,-16.52455,-55.96936,2023-09-17 00:00:00,167.4,37.4,44.7,96.4,168.1,9.7,28.6,latossolo,floresta,baixa,0,nenhum,0,MUITO BAIXO,9,primavera,CentroOeste_Cerrado_Pantanal
Z_0199_SUD,-23.62305,-42.40205,2023-12-29 00:00:00,284.3,34.7,89.1,3129.2,2181.7,20.0,8.2,argiloso,floresta,media,0,vendaval,0,MÉDIO,12,verao,Sudeste_Montanhoso_Litoraneo
Z_0200_CEN,-15.81523,-57.1915,2023-08-08 00:00:00,1.3,20.0,29.166240937483327,275.5,133.0,9.9,25.9,arenoso,floresta,baixa,0,incêndio,0,BAIXO,8,inverno,CentroOeste_Cerrado_Pantanal
Z_0201_NOR,-10.00725,-39.84875,2024-09-01 00:00:00,66.7,40.0,21.3,207.0,862.3,1.2,13.1,arenoso,rural,media,0,seca,0,BAIXO,9,primavera,Nordeste_Sertao
Z_0202_NOR,-11.07388,-43.83873,2024-09-19 00:00:00,78.1,33.5,37.5,241.7,689.1,1.9,12.1,rochoso,pastagem,media,0,incêndio,0,BAIXO,9,primavera,Nordeste_Sertao
Z_0203_SUD,-20.53868,-43.91633,2023-03-23 00:00:00,346.5,34.0,52.4,4264.3,2071.9,7.5,3.5,organico,floresta,baixa,0,inundação,0,MÉDIO,3,outono,Sudeste_Montanhoso_Litoraneo
Z_0204_CEN,-21.47351,-45.6301,2024-10-23 00:00:00,165.2,32.5,42.7,397.4,1067.3,12.0,4.2,arenoso,pastagem,alta,0,incêndio,0,BAIXO,10,primavera,CentroOeste_Cerrado_Pantanal
Z_0205_CEN,-8.62119,-59.62273,2024-01-15 00:00:00,153.4,22.9,55.9,285.8,545.1,24.6,21.5,argiloso,rural,media,0,inundação,0,BAIXO,1,verao,CentroOeste_Cerrado_Pantanal
Z_0206_NOR,0.46249,-51.34027,2024-11-12 00:00:00,176.3,34.2,78.0,3192.3,17.6,10.7,75.9,arenoso,rural,baixa,0,nenhum,0,MUITO BAIXO,11,primavera,Norte_Amazonia
Z_0207_SUD,-20.26838,-43.85972,2024-11-12 00:00:00,166.7,22.3,81.9,2248.6,2701.2,47.8,9.3,argiloso,rural,alta,0,deslizamento,0,MÉDIO,11,primavera,Sudeste_Montanhoso_Litoraneo
Z_0208_SUL,-25.19459,-51.51372,2024-09-12 00:00:00,148.0,9.2,84.8,4308.6,1226.7,5.9,0.7,arenoso_argiloso,floresta,media,0,inundação,0,BAIXO,9,primavera,Sul_Campos_Planalto
Z_0209_NOR,-2.89389,-40.52669,2024-09-23 00:00:00,28.0,22.4,52.3,26.6,697.0,4.4,27.4,argiloso_seco,pastagem,media,0,nenhum,0,MUITO BAIXO,9,primavera,Nordeste_Sertao
Z_0210_SUD,-20.35621,-42.59978,2024-07-15 00:00:00,343.1,23.9,40.153482393697765,3628.1,2215.3,57.3,24.1,organico,pastagem,alta,0,deslizamento,1,ALTO,7,inverno,Sudeste_Montanhoso_Litoraneo
Z_0211_SUD,-18.24878,-48.28133,2023-09-17 00:00:00,326.0,23.7,69.1,3616.4,1635.3,18.0,13.1,rochoso,floresta,baixa,0,vendaval,0,BAIXO,9,primavera,Sudeste_Montanhoso_Litoraneo
Z_0212_NOR,-13.43657,-38.0153,2024-01-20 00:00:00,54.7,37.1,45.2,97.5,124.6,19.8,12.8,arenoso,rural,baixa,0,nenhum,0,MUITO BAIXO,1,verao,Nordeste_Sertao
Z_0213_NOR,-8.74544,-38.22713,2023-05-15 00:00:00,39.1,25.1,67.7,141.0,157.4,22.1,16.5,arenoso,pastagem,alta,0,nenhum,0,MUITO BAIXO,5,outono,Nordeste_Sertao
Z_0214_SUD,-20.59952,-39.27695,2023-06-19 00:00:00,225.6,23.2,33.374705644692135,4161.9,1398.4,16.7,22.0,argiloso,urbano,alta,0,deslizamento,0,BAIXO,6,inverno,Sudeste_Montanhoso_Litoraneo
Z_0215_CEN,-12.44438,-58.75667,2023-02-03 00:00:00,132.3,29.7,34.3,244.7,826.8,14.6,27.4,latossolo,pastagem,alta,0,nenhum,0,MUITO BAIXO,2,verao,CentroOeste_Cerrado_Pantanal
Z_0216_NOR,-6.64926,-52.76712,2023-09-22 00:00:00,314.0,32.5,78.9,606.9,129.6,19.3,21.3,arenoso,rural,baixa,0,incêndio,0,BAIXO,9,primavera,Norte_Amazonia
Z_0217_SUL,-33.05033,-52.67971,2023-11-27 00:00:00,115.9,13.0,44.3,332.0,1230.6,39.3,23.2,argiloso,rural,media,0,nenhum,0,MUITO BAIXO,11,primavera,Sul_Campos_Planalto
Z_0218_CEN,-17.24701,-55.34056,2023-12-12 00:00:00,67.0,24.2,52.7,405.9,210.8,15.7,16.6,arenoso,floresta,baixa,0,nenhum,0,MUITO BAIXO,12,verao,CentroOeste_Cerrado_Pantanal
Z_0219_CEN,-7.07244,-47.48123,2023-03-06 00:00:00,104.3,30.3,83.5,469.4,793.3,2.0,12.3,arenoso,pastagem,baixa,0,inundação,0,BAIXO,3,outono,CentroOeste_Cerrado_Pantanal
Z_0220_SUL,-28.61955,-55.61361,2024-07-10 00:00:00,177.6,16.1,33.722978350132095,2374.9,828.1,5.2,20.0,arenoso_argiloso,pastagem,alta,0,vendaval,0,BAIXO,7,inverno,Sul_Campos_Planalto
Z_0221_NOR,-8.1416,-72.00041,2023-09-13 00:00:00,254.7,25.4,96.3,2449.2,52.9,4.6,48.2,arenoso,floresta,media,0,inundação,0,MÉDIO,9,primavera,Norte_Amazonia
Z_0222_SUD,-19.28995,-42.33009,2023-03-25 00:00:00,128.1,32.6,50.1,2798.7,2228.1,13.4,7.1,argiloso,rural,alta,0,inundação,0,BAIXO,3,outono,Sudeste_Montanhoso_Litoraneo
Z_0223_NOR,-8.77385,-72.83668,2024-09-20 00:00:00,328.5,27.5,83.8,86.7,21.5,18.2,23.6,organico,area_umida,baixa,0,nenhum,0,MUITO BAIXO,9,primavera,Norte_Amazonia
Z_0224_SUD,-20.10072,-41.90338,2024-06-20 00:00:00,191.1,25.3,42.7627725594634,1239.8,1261.5,34.1,25.0,argiloso,urbano,alta,0,deslizamento,0,MÉDIO,6,inverno,Sudeste_Montanhoso_Litoraneo
Z_0225_SUD,-20.47912,-41.42133,2024-03-08 00:00:00,252.5,21.5,65.4,2166.9,1559.4,31.0,5.9,organico,rural,alta,0,deslizamento,1,MÉDIO,3,outono,Sudeste_Montanhoso_Litoraneo
Z_0226_NOR,-11.7867,-39.62132,2023-02-14 00:00:00,37.6,28.3,22.8,57.5,236.9,22.0,16.2,arenoso,rural,alta,1,seca,0,BAIXO,2,verao,Nordeste_Sertao
Z_0227_CEN,-11.63383,-53.837,2023-09-16 00:00:00,142.4,28.2,78.0,427.6,392.5,16.7,22.1,latossolo,pastagem,media,0,nenhum,0,MUITO BAIXO,9,primavera,CentroOeste_Cerrado_Pantanal
Z_0228_CEN,-9.63974,-55.47594,2024-02-21 00:00:00,103.4,34.9,52.7,108.8,68.5,11.5,7.4,argiloso,area_umida,media,0,inundação,0,BAIXO,2,verao,CentroOeste_Cerrado_Pantanal
Z_0229_NOR,-4.16086,-39.11492,2023-07-28 00:00:00,17.0,24.6,43.74499616076874,295.0,732.8,22.0,4.0,rochoso,rural,baixa,0,seca,0,BAIXO,7,inverno,Nordeste_Sertao
Z_0230_NOR,-15.97674,-38.02381,2023-08-19 00:00:00,14.8,21.5,28.989735910029935,234.0,932.0,8.2,0.5,arenoso,rural,baixa,1,nenhum,0,MUITO BAIXO,8,inverno,Nordeste_Sertao
Z_0231_SUD,-20.69504,-39.6306,2023-07-14 00:00:00,238.4,26.5,42.73272983565698,3105.4,1869.6,52.2,22.5,rochoso,rural,media,1,inundação,0,BAIXO,7,inverno,Sudeste_Montanhoso_Litoraneo
Z_0232_CEN,-14.58089,-56.89579,2023-05-27 00:00:00,170.3,23.8,38.6,326.8,437.5,0.3,4.8,arenoso,pastagem,media,0,nenhum,0,MUITO BAIXO,5,outono,CentroOeste_Cerrado_Pantanal
Z_0233_NOR,-17.96202,-44.9609,2024-07-20 00:00:00,0.9,32.1,36.39827971326247,36.3,676.4,16.1,23.2,argiloso_seco,rural,baixa,0,incêndio,0,MÉDIO,7,inverno,Nordeste_Sertao
Z_0234_NOR,-2.53222,-64.16879,2023-07-05 00:00:00,222.2,36.1,87.6,3529.4,475.1,4.5,9.6,argiloso,floresta,baixa,0,vendaval,0,BAIXO,7,inverno,Norte_Amazonia
Z_0235_SUD,-18.61303,-41.95007,2023-03-14 00:00:00,263.8,27.3,83.3,106.8,1735.0,11.3,13.8,argiloso,urbano,alta,0,inundação,0,BAIXO,3,outono,Sudeste_Montanhoso_Litoraneo
Z_0236_NOR,-2.88312,-37.55215,2023-10-17 00:00:00,90.5,24.6,66.2,37.2,630.7,6.7,8.7,arenoso,pastagem,baixa,0,nenhum,0,MUITO BAIXO,10,primavera,Nordeste_Sertao
Z_0237_NOR,-0.52226,-66.34363,2023-02-24 00:00:00,210.6,32.3,95.9,956.3,106.2,0.3,39.7,organico,floresta,media,0,nenhum,0,MUITO BAIXO,2,verao,Norte_Amazonia
Z_0238_NOR,-12.46673,-38.14448,2023-11-14 00:00:00,20.0,40.5,58.3,297.7,520.9,2.4,11.2,rochoso,rural,baixa,0,nenhum,0,MUITO BAIXO,11,primavera,Nordeste_Sertao
Z_0239_SUL,-22.15701,-55.32556,2023-07-05 00:00:00,191.4,26.1,55.75627999144021,2862.2,334.1,26.5,18.7,argiloso,urbano,media,0,deslizamento,0,MÉDIO,7,inverno,Sul_Campos_Planalto
Z_0240_NOR,4.1003,-66.19258,2023-01-20 00:00:00,435.7,24.8,87.7,1068.8,109.4,17.6,52.7,arenoso,rural,baixa,0,incêndio,0,BAIXO,1,verao,Norte_Amazonia
Z_0241_SUD,-22.24569,-39.26037,2023-12-26 00:00:00,266.5,23.0,70.8,767.5,999.0,28.1,29.2,rochoso,rural,media,2,nenhum,0,MUITO BAIXO,12,verao,Sudeste_Montanhoso_Litoraneo
Z_0242_SUD,-23.3589,-44.2528,2023-03-23 00:00:00,110.6,16.5,55.3,3876.3,2724.4,8.3,5.9,organico,rural,alta,0,inundação,0,BAIXO,3,outono,Sudeste_Montanhoso_Litoraneo
Z_0243_SUL,-24.49456,-48.68866,2023-02-25 00:00:00,217.9,20.0,71.4,316.1,270.0,38.9,19.3,arenoso_argiloso,floresta,baixa,1,inundação,0,BAIXO,2,verao,Sul_Campos_Planalto
Z_0244_NOR,-12.62396,-40.89505,2024-07-27 00:00:00,0.4,40.1,36.67218380439239,308.0,631.8,14.5,2.1,arenoso,rural,baixa,0,incêndio,0,MÉDIO,7,inverno,Nordeste_Sertao
Z_0245_SUL,-25.87037,-53.63512,2024-05-31 00:00:00,123.3,31.5,83.5,2557.2,1758.2,26.0,22.1,arenoso_argiloso,rural,alta,0,seca,0,BAIXO,5,outono,Sul_Campos_Planalto
Z_0246_NOR,-3.59848,-45.6793,2023-01-17 00:00:00,19.7,23.6,69.0,89.5,375.5,27.4,3.1,arenoso,rural,media,0,incêndio,0,BAIXO,1,verao,Nordeste_Sertao
Z_0247_NOR,-5.00825,-67.70338,2024-05-06 00:00:00,216.0,35.8,85.1,3537.8,97.9,2.9,53.9,argiloso,rural,baixa,0,inundação,0,MÉDIO,5,outono,Norte_Amazonia
Z_0248_CEN,-15.09301,-60.61533,2023-11-13 00:00:00,145.0,33.4,82.2,261.7,518.4,9.2,23.3,argiloso,rural,media,0,nenhum,0,MUITO BAIXO,11,primavera,CentroOeste_Cerrado_Pantanal
Z_0249_NOR,-13.40473,-37.16144,2023-04-01 00:00:00,82.2,21.7,62.6,181.0,801.1,19.4,20.7,argiloso_seco,pastagem,baixa,1,seca,0,BAIXO,4,outono,Nordeste_Sertao
Z_0250_NOR,-6.16412,-37.24508,2023-02-17 00:00:00,9.1,35.3,37.0,414.5,687.3,21.3,2.3,arenoso,pastagem,media,0,incêndio,1,MÉDIO,2,verao,Nordeste_Sertao
Z_0251_NOR,3.35625,-62.56168,2023-01-08 00:00:00,427.4,28.4,84.5,3245.6,358.2,6.5,12.9,arenoso,rural,baixa,0,incêndio,0,BAIXO,1,verao,Norte_Amazonia
Z_0252_NOR,-7.23763,-41.76973,2023-09-15 00:00:00,68.6,26.8,25.6,432.1,202.5,27.4,10.6,arenoso,rural,baixa,0,nenhum,0,MUITO BAIXO,9,primavera,Nordeste_Sertao
Z_0253_NOR,-13.4686,-37.25392,2023-07-02 00:00:00,2.2,27.5,10.0,59.8,442.6,11.8,20.4,arenoso,pastagem,alta,0,nenhum,0,MUITO BAIXO,7,inverno,Nordeste_Sertao
Z_0254_NOR,-1.32107,-55.5228,2024-10-21 00:00:00,334.6,30.4,96.0,4566.3,483.5,13.2,12.8,organico,rural,baixa,0,incêndio,0,BAIXO,10,primavera,Norte_Amazonia
Z_0255_NOR,-3.37358,-54.18763,2023-11-01 00:00:00,239.1,24.2,74.5,4595.6,451.9,10.7,67.5,organico,floresta,baixa,0,vendaval,0,BAIXO,11,primavera,Norte_Amazonia
Z_0256_SUL,-24.38502,-55.99415,2023-01-12 00:00:00,139.5,27.0,61.4,4307.0,1109.3,14.9,16.3,arenoso_argiloso,urbano,alta,0,nenhum,0,MUITO BAIXO,1,verao,Sul_Campos_Planalto
Z_0257_SUL,-32.36045,-48.23295,2024-01-08 00:00:00,127.8,13.6,51.0,4245.1,1757.9,16.1,7.9,organico,pastagem,baixa,0,nenhum,0,MUITO BAIXO,1,verao,Sul_Campos_Planalto
Z_0258_SUD,-19.39716,-49.42856,2024-10-26 00:00:00,329.7,15.7,51.3,1257.9,181.9,17.2,2.8,organico,rural,baixa,0,nenhum,0,MUITO BAIXO,10,primavera,Sudeste_Montanhoso_Litoraneo
Z_0259_NOR,-5.13014,-61.88183,2023-05-31 00:00:00,217.3,26.0,94.6,2296.0,402.9,0.9,6.6,organico,floresta,baixa,0,vendaval,0,BAIXO,5,outono,Norte_Amazonia
Z_0260_NOR,-4.70416,-58.03114,2023-03-19 00:00:00,415.8,27.9,94.6,3185.6,267.8,14.8,44.0,argiloso,area_umida,baixa,0,inundação,0,MÉDIO,3,outono,Norte_Amazonia
Z_0261_SUL,-30.00382,-54.32901,2023-04-14 00:00:00,119.6,18.3,42.5,869.6,548.8,31.8,21.0,organico,rural,baixa,0,nenhum,0,MUITO BAIXO,4,outono,Sul_Campos_Planalto
Z_0262_NOR,-4.39764,-63.56498,2023-10-04 00:00:00,237.4,29.7,76.2,3797.7,233.5,8.4,60.0,argiloso,area_umida,media,0,inundação,1,MÉDIO,10,primavera,Norte_Amazonia
Z_0263_SUD,-18.31796,-43.74137,2023-01-29 00:00:00,267.9,29.9,85.5,3751.0,2393.6,21.7,7.1,organico,floresta,baixa,0,inundação,0,BAIXO,1,verao,Sudeste_Montanhoso_Litoraneo
Z_0264_NOR,0.78106,-60.95439,2024-08-14 00:00:00,205.0,28.6,97.9,2853.1,203.5,3.9,53.1,organico,rural,media,0,vendaval,0,MÉDIO,8,inverno,Norte_Amazonia
Z_0265_CEN,-14.26338,-48.65463,2024-12-24 00:00:00,156.2,25.1,79.8,185.7,495.0,7.7,9.7,latossolo,rural,alta,0,inundação,0,BAIXO,12,verao,CentroOeste_Cerrado_Pantanal
Z_0266_SUD,-18.29349,-49.07997,2023-11-14 00:00:00,297.7,16.7,62.0,3115.9,2091.4,42.8,23.4,argiloso,floresta,baixa,0,deslizamento,0,BAIXO,11,primavera,Sudeste_Montanhoso_Litoraneo
Z_0267_NOR,1.49579,-61.69963,2023-12-13 00:00:00,370.5,24.2,75.5,3435.6,238.4,1.5,69.3,arenoso,urbano,alta,2,vendaval,0,BAIXO,12,verao,Norte_Amazonia
Z_0268_NOR,1.89582,-65.98841,2024-11-04 00:00:00,292.6,24.0,95.7,1288.0,304.6,6.7,68.1,organico,rural,baixa,0,nenhum,0,MUITO BAIXO,11,primavera,Norte_Amazonia
Z_0269_NOR,-17.84964,-45.04539,2024-04-17 00:00:00,49.9,38.7,48.3,64.4,261.9,14.2,3.8,arenoso,rural,alta,0,nenhum,0,MUITO BAIXO,4,outono,Nordeste_Sertao
Z_0270_SUD,-24.08198,-44.84233,2023-07-13 00:00:00,98.6,32.1,45.429331035838,1715.9,2337.6,16.5,7.0,argiloso,rural,baixa,0,inundação,0,BAIXO,7,inverno,Sudeste_Montanhoso_Litoraneo
Z_0271_CEN,-14.32799,-46.04491,2024-02-18 00:00:00,71.7,23.1,46.5,247.4,114.4,24.7,14.3,argiloso,floresta,baixa,0,inundação,0,BAIXO,2,verao,CentroOeste_Cerrado_Pantanal
Z_0272_NOR,-14.96298,-42.13076,2023-08-09 00:00:00,5.7,38.6,38.24381925025461,365.2,600.4,1.4,11.4,argiloso_seco,pastagem,alta,0,incêndio,0,MÉDIO,8,inverno,Nordeste_Sertao
Z_0273_SUD,-24.5641,-47.34011,2023-08-14 00:00:00,151.3,29.5,47.43433122970655,3258.6,924.1,10.8,22.7,organico,urbano,alta,0,vendaval,0,BAIXO,8,inverno,Sudeste_Montanhoso_Litoraneo
Z_0274_NOR,-4.81497,-42.06086,2023-02-21 00:00:00,53.7,34.4,42.1,418.5,822.0,12.8,27.5,rochoso,rural,alta,0,seca,0,BAIXO,2,verao,Nordeste_Sertao
Z_0275_NOR,1.69815,-66.05865,2023-11-17 00:00:00,408.9,32.5,76.4,2509.2,264.0,0.5,68.6,organico,rural,baixa,0,incêndio,0,BAIXO,11,primavera,Norte_Amazonia
Z_0276_SUD,-23.27929,-46.49061,2024-09-25 00:00:00,299.7,26.7,62.8,130.4,2488.3,42.7,15.8,argiloso,urbano,alta,0,deslizamento,1,ALTO,9,primavera,Sudeste_Montanhoso_Litoraneo
Z_0277_SUD,-23.51877,-45.20791,2023-05-30 00:00:00,215.6,20.1,58.4,1396.9,2207.7,48.0,14.9,argiloso,urbano,alta,0,deslizamento,1,ALTO,5,outono,Sudeste_Montanhoso_Litoraneo
Z_0278_SUL,-22.28064,-52.4325,2024-07-29 00:00:00,216.8,6.3,43.87676735559583,1433.8,1690.4,13.8,5.3,argiloso,urbano,media,0,seca,0,BAIXO,7,inverno,Sul_Campos_Planalto
Z_0279_SUL,-30.20283,-53.97055,2024-06-02 00:00:00,119.8,7.4,19.140778036416044,4767.0,690.0,0.9,0.8,organico,rural,baixa,0,nenhum,0,MUITO BAIXO,6,inverno,Sul_Campos_Planalto
Z_0280_SUL,-22.64818,-51.32387,2023-08-18 00:00:00,192.7,23.3,20.022513369777965,4018.2,412.6,17.7,24.6,arenoso_argiloso,rural,alta,0,nenhum,0,MUITO BAIXO,8,inverno,Sul_Campos_Planalto
Z_0281_CEN,-17.80514,-58.25679,2023-04-01 00:00:00,84.1,21.8,39.9,48.1,985.1,3.6,13.3,latossolo,area_umida,baixa,0,nenhum,0,MUITO BAIXO,4,outono,CentroOeste_Cerrado_Pantanal
Z_0282_SUL,-33.43214,-56.66639,2023-09-27 00:00:00,229.9,27.8,53.7,1082.5,550.1,17.3,24.3,arenoso_argiloso,urbano,alta,0,seca,0,BAIXO,9,primavera,Sul_Campos_Planalto
Z_0283_SUD,-24.14585,-42.03295,2024-05-28 00:00:00,112.3,29.0,89.3,4370.4,1300.9,6.1,12.3,argiloso,floresta,baixa,0,vendaval,0,BAIXO,5,outono,Sudeste_Montanhoso_Litoraneo
Z_0284_SUD,-23.42252,-46.07132,2024-08-29 00:00:00,147.0,34.8,31.89725191358054,4605.9,77.2,37.6,27.4,rochoso,pastagem,baixa,0,deslizamento,0,BAIXO,8,inverno,Sudeste_Montanhoso_Litoraneo
Z_0285_SUD,-18.29177,-44.35922,2023-05-02 00:00:00,137.8,19.9,77.1,1672.3,625.1,59.0,21.6,organico,urbano,media,0,inundação,0,BAIXO,5,outono,Sudeste_Montanhoso_Litoraneo
Z_0286_NOR,-1.13807,-54.1638,2023-02-08 00:00:00,289.1,33.7,75.6,330.3,0.3,8.5,67.3,arenoso,floresta,baixa,0,inundação,1,MÉDIO,2,verao,Norte_Amazonia
Z_0287_NOR,2.34573,-60.27348,2023-10-22 00:00:00,379.3,29.3,90.5,4905.4,345.1,9.3,39.1,argiloso,urbano,media,0,incêndio,0,BAIXO,10,primavera,Norte_Amazonia
Z_0288_NOR,-13.05643,-42.14339,2024-11-19 00:00:00,47.1,25.8,33.5,381.8,902.0,5.8,12.4,rochoso,rural,baixa,0,nenhum,0,MUITO BAIXO,11,primavera,Nordeste_Sertao
Z_0289_SUD,-18.81715,-40.06123,2024-06-21 00:00:00,93.8,34.6,46.96724373700233,2864.6,371.5,52.4,2.2,argiloso,floresta,media,0,nenhum,0,MUITO BAIXO,6,inverno,Sudeste_Montanhoso_Litoraneo
Z_0290_SUD,-21.15215,-41.65487,2024-11-10 00:00:00,277.8,15.2,85.3,4303.5,1984.3,52.8,3.4,rochoso,pastagem,media,0,deslizamento,0,BAIXO,11,primavera,Sudeste_Montanhoso_Litoraneo
Z_0291_CEN,-12.74992,-45.76356,2024-11-26 00:00:00,147.2,26.8,61.9,181.8,782.9,13.3,6.6,argiloso,rural,media,0,seca,0,BAIXO,11,primavera,CentroOeste_Cerrado_Pantanal
Z_0292_NOR,-8.28437,-44.96614,2023-01-16 00:00:00,54.2,31.8,40.5,153.1,994.8,23.5,8.8,rochoso,pastagem,baixa,0,nenhum,0,MUITO BAIXO,1,verao,Nordeste_Sertao
Z_0293_SUL,-27.86236,-54.20607,2023-03-25 00:00:00,175.5,8.6,89.5,3809.4,1151.7,22.3,5.5,argiloso,floresta,baixa,0,nenhum,0,MUITO BAIXO,3,outono,Sul_Campos_Planalto
Z_0294_SUL,-23.42802,-52.61827,2024-05-30 00:00:00,157.2,17.2,79.3,1839.5,1496.9,28.8,26.7,argiloso,pastagem,baixa,0,deslizamento,0,MÉDIO,5,outono,Sul_Campos_Planalto
Z_0295_SUL,-25.27926,-54.20956,2024-03-25 00:00:00,198.6,11.2,65.2,3635.7,456.2,18.2,28.5,organico,floresta,baixa,0,inundação,0,BAIXO,3,outono,Sul_Campos_Planalto
Z_0296_SUD,-24.67238,-42.58727,2023-07-05 00:00:00,271.1,25.3,52.58534765080854,2001.5,2180.6,53.6,5.5,organico,pastagem,media,0,nenhum,0,MUITO BAIXO,7,inverno,Sudeste_Montanhoso_Litoraneo
Z_0297_SUD,-18.83055,-46.93378,2023-09-03 00:00:00,185.8,31.9,86.7,3315.9,1749.8,54.7,4.8,organico,rural,alta,0,deslizamento,0,MÉDIO,9,primavera,Sudeste_Montanhoso_Litoraneo
Z_0298_SUD,-18.85571,-41.38698,2023-11-25 00:00:00,188.7,21.1,76.1,3140.8,1395.5,48.1,4.6,organico,floresta,media,0,deslizamento,1,MÉDIO,11,primavera,Sudeste_Montanhoso_Litoraneo
Z_0299_NOR,-3.1177,-50.83858,2024-03-06 00:00:00,195.0,37.9,78.6,3601.4,64.8,11.1,56.6,organico,rural,baixa,0,inundação,0,MÉDIO,3,outono,Norte_Amazonia
Z_0300_CEN,-7.88549,-46.81504,2023-07-25 00:00:00,7.4,35.8,10.0,115.4,151.3,20.3,0.1,arenoso,floresta,media,0,incêndio,1,ALTO,7,inverno,CentroOeste_Cerrado_Pantanal
Z_0301_NOR,-3.38016,-60.20049,2023-03-19 00:00:00,409.1,23.9,92.0,2884.4,233.3,9.7,26.4,organico,area_umida,media,0,inundação,0,MÉDIO,3,outono,Norte_Amazonia
Z_0302_SUL,-25.46229,-52.64678,2024-07-28 00:00:00,188.6,25.8,68.3012442829722,2953.2,1510.6,11.0,4.3,organico,floresta,baixa,0,inundação,0,MÉDIO,7,inverno,Sul_Campos_Planalto
Z_0303_NOR,-8.52961,-70.78252,2023-03-02 00:00:00,282.4,33.3,98.9,1307.5,54.3,13.7,20.0,arenoso,area_umida,baixa,0,inundação,0,MÉDIO,3,outono,Norte_Amazonia
Z_0304_NOR,-16.88263,-37.87135,2023-02-02 00:00:00,38.4,35.2,42.3,43.0,888.7,25.0,14.4,argiloso_seco,rural,media,1,seca,0,BAIXO,2,verao,Nordeste_Sertao
Z_0305_CEN,-16.95218,-50.58505,2024-10-03 00:00:00,109.6,30.7,50.1,444.1,729.6,8.4,19.5,arenoso,pastagem,media,0,nenhum,0,MUITO BAIXO,10,primavera,CentroOeste_Cerrado_Pantanal
Z_0306_NOR,-1.19707,-52.11849,2023-09-06 00:00:00,291.3,33.7,81.5,4458.2,306.8,13.1,64.7,argiloso,urbano,media,0,vendaval,0,MÉDIO,9,primavera,Norte_Amazonia
Z_0307_NOR,-4.82189,-45.33576,2023-06-23 00:00:00,3.4,27.8,52.04269555245732,25.9,572.2,27.3,20.8,argiloso_seco,pastagem,baixa,0,nenhum,0,MUITO BAIXO,6,inverno,Nordeste_Sertao
Z_0308_NOR,-17.24978,-38.03041,2023-01-07 00:00:00,24.4,36.4,41.1,491.3,874.7,28.9,12.9,arenoso,pastagem,alta,0,incêndio,0,BAIXO,1,verao,Nordeste_Sertao
Z_0309_SUD,-21.33265,-40.80608,2024-02-24 00:00:00,180.8,34.2,72.3,3910.4,892.8,18.2,3.1,rochoso,rural,alta,0,vendaval,0,BAIXO,2,verao,Sudeste_Montanhoso_Litoraneo
Z_0310_SUL,-27.79576,-55.2204,2023-08-30 00:00:00,171.0,14.1,31.49686473920081,2078.8,924.4,10.7,10.5,organico,rural,media,0,nenhum,0,MUITO BAIXO,8,inverno,Sul_Campos_Planalto
Z_0311_NOR,-3.73512,-70.80096,2024-01-31 00:00:00,449.9,36.7,78.2,3224.4,407.4,1.4,37.7,organico,urbano,alta,0,nenhum,0,MUITO BAIXO,1,verao,Norte_Amazonia
Z_0312_SUD,-18.81895,-46.32229,2024-08-17 00:00:00,317.6,32.3,51.60829293014322,1828.0,462.7,29.6,1.5,organico,urbano,alta,0,deslizamento,0,MÉDIO,8,inverno,Sudeste_Montanhoso_Litoraneo
Z_0313_SUL,-22.48812,-55.00756,2024-05-22 00:00:00,192.9,17.0,88.7,3004.8,1044.8,35.4,19.4,arenoso_argiloso,urbano,alta,0,vendaval,0,BAIXO,5,outono,Sul_Campos_Planalto
Z_0314_NOR,-1.08119,-53.08702,2023-02-05 00:00:00,277.5,36.2,75.8,2975.2,256.6,19.1,15.5,argiloso,floresta,baixa,0,incêndio,0,BAIXO,2,verao,Norte_Amazonia
Z_0315_CEN,-13.46381,-47.71983,2024-10-24 00:00:00,138.5,33.9,49.6,188.4,666.2,16.5,21.3,latossolo,rural,alta,0,inundação,0,BAIXO,10,primavera,CentroOeste_Cerrado_Pantanal
Z_0316_NOR,-3.94248,-45.76404,2023-07-04 00:00:00,14.9,23.0,30.015412215432384,441.5,348.6,21.8,26.9,argiloso_seco,pastagem,baixa,0,incêndio,0,BAIXO,7,inverno,Nordeste_Sertao
Z_0317_SUD,-21.11432,-42.7068,2023-07-02 00:00:00,191.6,22.7,42.03226444930144,4517.0,1952.7,51.5,9.2,argiloso,rural,media,0,deslizamento,0,MÉDIO,7,inverno,Sudeste_Montanhoso_Litoraneo
Z_0318_NOR,-4.86768,-39.02366,2023-04-30 00:00:00,48.1,30.0,56.6,358.2,701.2,21.6,25.9,argiloso_seco,rural,media,0,incêndio,0,BAIXO,4,outono,Nordeste_Sertao
Z_0319_CEN,-10.45158,-47.28289,2023-04-25 00:00:00,96.9,25.7,62.2,342.5,865.1,20.6,29.5,arenoso,area_umida,baixa,0,nenhum,0,MUITO BAIXO,4,outono,CentroOeste_Cerrado_Pantanal
Z_0320_SUD,-19.13747,-43.75379,2024-09-19 00:00:00,87.0,26.5,90.1,2570.9,354.9,12.7,23.4,organico,floresta,media,0,nenhum,0,MUITO BAIXO,9,primavera,Sudeste_Montanhoso_Litoraneo
Z_0321_NOR,-2.7018,-37.66276,2024-05-09 00:00:00,6.7,38.0,28.5,11.7,491.3,28.1,9.3,argiloso_seco,pastagem,alta,0,incêndio,0,MÉDIO,5,outono,Nordeste_Sertao
Z_0322_SUD,-18.53876,-49.89664,2024-02-11 00:00:00,237.4,15.6,89.0,4043.3,1115.9,41.7,25.2,organico,urbano,alta,0,nenhum,0,MUITO BAIXO,2,verao,Sudeste_Montanhoso_Litoraneo
Z_0323_SUL,-24.49021,-50.31513,2023-08-01 00:00:00,171.7,7.9,63.207471920321666,1763.0,1675.7,18.3,9.5,arenoso_argiloso,rural,baixa,0,nenhum,0,MUITO BAIXO,8,inverno,Sul_Campos_Planalto
Z_0324_SUL,-31.20813,-48.76321,2024-10-30 00:00:00,224.4,23.2,55.3,4426.5,1552.1,37.1,6.3,argiloso,pastagem,baixa,0,nenhum,0,MUITO BAIXO,10,primavera,Sul_Campos_Planalto
Z_0325_SUD,-21.17342,-43.60989,2023-10-28 00:00:00,230.2,32.2,69.4,4352.8,351.9,28.0,2.1,organico,floresta,media,0,deslizamento,0,MÉDIO,10,primavera,Sudeste_Montanhoso_Litoraneo
Z_0326_NOR,0.33841,-68.22213,2023-10-10 00:00:00,317.5,26.0,88.8,157.4,404.0,7.4,43.9,argiloso,floresta,baixa,0,nenhum,0,MUITO BAIXO,10,primavera,Norte_Amazonia
Z_0327_CEN,-19.67811,-46.45138,2024-07-03 00:00:00,11.9,25.8,57.14407583826228,36.0,1025.2,15.4,17.1,latossolo,rural,media,1,nenhum,0,MUITO BAIXO,7,inverno,CentroOeste_Cerrado_Pantanal
Z_0328_NOR,-16.12984,-43.69131,2024-09-04 00:00:00,91.0,36.8,30.4,218.1,777.8,17.5,14.2,arenoso,pastagem,baixa,0,nenhum,0,MUITO BAIXO,9,primavera,Nordeste_Sertao
Z_0329_SUD,-20.23048,-40.74437,2023-02-11 00:00:00,287.7,17.7,86.7,274.9,1345.5,56.5,7.1,rochoso,rural,baixa,0,nenhum,0,MUITO BAIXO,2,verao,Sudeste_Montanhoso_Litoraneo
Z_0330_CEN,-20.22253,-48.94451,2023-07-05 00:00:00,35.1,29.7,43.80002466432912,201.3,453.3,24.8,8.4,arenoso,pastagem,baixa,0,incêndio,0,BAIXO,7,inverno,CentroOeste_Cerrado_Pantanal
Z_0331_NOR,-5.04018,-38.6538,2024-05-12 00:00:00,49.8,25.0,21.8,470.4,972.1,20.8,23.9,arenoso,rural,media,0,nenhum,0,MUITO BAIXO,5,outono,Nordeste_Sertao
Z_0332_NOR,-9.18364,-38.41269,2024-11-24 00:00:00,45.9,29.8,38.1,493.0,369.0,3.4,1.0,arenoso,pastagem,alta,0,seca,0,BAIXO,11,primavera,Nordeste_Sertao
Z_0333_NOR,-5.86596,-66.69751,2024-03-19 00:00:00,294.4,29.7,88.1,940.6,107.2,9.6,68.5,argiloso,rural,baixa,0,inundação,0,BAIXO,3,outono,Norte_Amazonia
Z_0334_NOR,3.56846,-61.93464,2024-05-19 00:00:00,266.8,34.2,86.6,3654.1,231.6,11.7,24.0,arenoso,urbano,alta,0,nenhum,0,MUITO BAIXO,5,outono,Norte_Amazonia
Z_0335_NOR,2.6436,-67.5077,2024-08-17 00:00:00,166.8,34.1,80.2,3120.2,275.3,16.5,8.3,argiloso,rural,media,0,inundação,0,BAIXO,8,inverno,Norte_Amazonia
Z_0336_NOR,-7.63705,-40.51377,2023-03-08 00:00:00,17.7,41.3,20.5,288.8,952.3,13.8,20.6,argiloso_seco,rural,media,0,incêndio,1,ALTO,3,outono,Nordeste_Sertao
Z_0337_SUD,-19.72086,-49.49568,2023-01-08 00:00:00,186.1,15.1,56.7,3580.2,1037.4,47.1,17.3,organico,floresta,baixa,0,deslizamento,1,MÉDIO,1,verao,Sudeste_Montanhoso_Litoraneo
Z_0338_NOR,-2.56641,-43.96428,2024-01-06 00:00:00,26.0,22.5,41.2,138.3,472.8,3.9,14.4,arenoso,pastagem,media,0,nenhum,0,MUITO BAIXO,1,verao,Nordeste_Sertao
Z_0339_SUD,-22.13342,-46.59668,2024-09-28 00:00:00,236.9,30.1,86.8,693.6,2737.0,55.2,24.9,rochoso,pastagem,alta,0,deslizamento,0,BAIXO,9,primavera,Sudeste_Montanhoso_Litoraneo
Z_0340_NOR,-1.83541,-66.04379,2023-02-19 00:00:00,437.5,29.1,83.4,2808.1,164.8,10.6,32.6,argiloso,floresta,media,0,nenhum,0,MUITO BAIXO,2,verao,Norte_Amazonia
Z_0341_SUD,-23.98146,-49.85641,2024-08-31 00:00:00,211.5,30.4,26.3017074034462,3600.5,104.3,45.0,7.3,rochoso,urbano,alta,0,vendaval,0,BAIXO,8,inverno,Sudeste_Montanhoso_Litoraneo
Z_0342_SUD,-18.06178,-44.19886,2024-10-13 00:00:00,226.4,34.6,56.6,2653.8,509.7,47.4,5.2,organico,rural,alta,0,deslizamento,0,BAIXO,10,primavera,Sudeste_Montanhoso_Litoraneo
Z_0343_CEN,-19.27556,-51.65938,2024-07-12 00:00:00,13.9,22.9,45.527179203402696,69.3,848.1,10.2,12.2,latossolo,pastagem,alta,0,inundação,0,BAIXO,7,inverno,CentroOeste_Cerrado_Pantanal
Z_0344_SUD,-24.24886,-40.99396,2024-08-20 00:00:00,136.6,21.3,54.48120967630962,4437.7,2184.9,45.5,28.8,organico,rural,alta,0,inundação,0,BAIXO,8,inverno,Sudeste_Montanhoso_Litoraneo
Z_0345_CEN,-23.21353,-56.17934,2023-04-04 00:00:00,194.8,37.4,54.7,372.0,602.0,15.1,25.3,argiloso,floresta,media,0,nenhum,0,MUITO BAIXO,4,outono,CentroOeste_Cerrado_Pantanal
Z_0346_SUD,-18.49364,-44.85982,2024-06-27 00:00:00,82.5,32.3,62.00263763459163,3602.1,2396.1,18.2,22.0,rochoso,pastagem,baixa,0,nenhum,0,MUITO BAIXO,6,inverno,Sudeste_Montanhoso_Litoraneo
Z_0347_SUD,-19.67373,-48.47853,2023-11-09 00:00:00,185.2,31.9,63.8,3927.2,1391.6,36.7,14.8,organico,floresta,baixa,0,deslizamento,0,MÉDIO,11,primavera,Sudeste_Montanhoso_Litoraneo
Z_0348_CEN,-21.46293,-55.32016,2024-08-15 00:00:00,4.0,20.6,17.974199711242,57.2,1198.4,11.3,13.7,arenoso,rural,baixa,0,nenhum,0,MUITO BAIXO,8,inverno,CentroOeste_Cerrado_Pantanal
Z_0349_CEN,-9.06887,-48.84885,2024-06-22 00:00:00,31.3,29.6,30.310936795182087,92.4,416.3,20.9,17.8,argiloso,pastagem,alta,0,seca,0,BAIXO,6,inverno,CentroOeste_Cerrado_Pantanal
Z_0350_CEN,-22.22734,-51.19284,2023-02-28 00:00:00,125.2,23.6,72.5,274.3,381.7,15.9,0.4,argiloso,rural,baixa,1,incêndio,0,BAIXO,2,verao,CentroOeste_Cerrado_Pantanal
Z_0351_SUD,-18.51232,-40.38896,2023-09-30 00:00:00,294.3,30.7,90.4,1866.0,338.6,25.2,4.1,rochoso,pastagem,media,0,vendaval,0,BAIXO,9,primavera,Sudeste_Montanhoso_Litoraneo
Z_0352_CEN,-18.64595,-54.90712,2023-12-17 00:00:00,124.3,22.6,39.4,239.7,852.7,21.1,28.0,argiloso,floresta,media,0,incêndio,0,BAIXO,12,verao,CentroOeste_Cerrado_Pantanal
Z_0353_CEN,-17.27544,-55.54317,2024-12-02 00:00:00,141.7,28.9,39.7,243.1,217.8,3.1,13.9,arenoso,pastagem,alta,0,inundação,0,BAIXO,12,verao,CentroOeste_Cerrado_Pantanal
Z_0354_SUL,-26.03367,-52.15863,2023-04-12 00:00:00,152.1,22.9,75.8,4135.6,942.4,9.8,14.5,argiloso,pastagem,alta,0,inundação,0,BAIXO,4,outono,Sul_Campos_Planalto
Z_0355_NOR,-0.60018,-65.20233,2023-05-07 00:00:00,331.2,22.6,93.0,3482.1,92.4,3.7,10.8,organico,area_umida,baixa,0,inundação,0,MÉDIO,5,outono,Norte_Amazonia
Z_0356_NOR,2.0075,-50.83411,2023-07-18 00:00:00,299.0,24.0,70.5,200.2,283.9,19.0,40.3,organico,rural,baixa,0,vendaval,0,BAIXO,7,inverno,Norte_Amazonia
Z_0357_NOR,-10.38366,-42.66643,2023-04-08 00:00:00,77.1,32.8,37.7,235.7,735.5,12.7,10.0,arenoso,pastagem,alta,1,incêndio,0,BAIXO,4,outono,Nordeste_Sertao
Z_0358_CEN,-20.37193,-51.76259,2024-03-27 00:00:00,154.2,25.7,49.0,245.3,269.0,21.7,3.8,arenoso,area_umida,alta,0,inundação,0,BAIXO,3,outono,CentroOeste_Cerrado_Pantanal
Z_0359_NOR,4.13555,-70.24439,2024-08-02 00:00:00,398.8,34.1,97.4,2668.2,315.1,0.4,28.1,arenoso,floresta,media,0,vendaval,0,BAIXO,8,inverno,Norte_Amazonia
Z_0360_NOR,2.07331,-51.68718,2023-04-11 00:00:00,322.2,30.9,89.3,986.4,250.3,11.7,74.2,argiloso,floresta,baixa,0,vendaval,0,BAIXO,4,outono,Norte_Amazonia
Z_0361_CEN,-13.04443,-55.99356,2023-05-15 00:00:00,109.2,29.3,41.0,120.5,891.9,2.9,0.3,latossolo,pastagem,alta,0,nenhum,0,MUITO BAIXO,5,outono,CentroOeste_Cerrado_Pantanal
Z_0362_NOR,-16.22877,-41.95108,2023-08-28 00:00:00,1.3,34.8,25.165801866347255,334.3,176.2,1.1,6.8,argiloso_seco,pastagem,baixa,0,incêndio,1,MÉDIO,8,inverno,Nordeste_Sertao
Z_0363_SUL,-26.72378,-48.27414,2023-11-14 00:00:00,122.8,19.0,77.9,4359.5,77.0,36.4,3.5,argiloso,urbano,alta,0,nenhum,0,MUITO BAIXO,11,primavera,Sul_Campos_Planalto
Z_0364_SUD,-20.92428,-43.29606,2024-12-31 00:00:00,311.9,21.9,94.5,3559.7,514.1,59.7,8.4,organico,rural,alta,0,nenhum,0,MUITO BAIXO,12,verao,Sudeste_Montanhoso_Litoraneo
Z_0365_SUD,-23.36943,-44.94915,2024-08-30 00:00:00,176.9,25.4,76.2223054722609,1559.9,331.3,39.0,19.2,organico,urbano,alta,0,deslizamento,0,MÉDIO,8,inverno,Sudeste_Montanhoso_Litoraneo
Z_0366_SUD,-20.53949,-49.64358,2023-09-02 00:00:00,242.6,34.0,90.3,3356.4,1209.2,6.9,2.1,argiloso,pastagem,alta,0,inundação,1,MÉDIO,9,primavera,Sudeste_Montanhoso_Litoraneo
Z_0367_CEN,-22.54993,-58.34597,2023-06-18 00:00:00,26.2,28.7,31.413373862527312,456.7,121.0,17.7,25.0,argiloso,area_umida,alta,0,nenhum,0,MUITO BAIXO,6,inverno,CentroOeste_Cerrado_Pantanal
Z_0368_SUL,-25.33681,-55.77036,2023-07-18 00:00:00,111.2,28.8,69.35051036670431,1586.4,1767.6,26.5,27.1,organico,urbano,alta,1,nenhum,0,MUITO BAIXO,7,inverno,Sul_Campos_Planalto
Z_0369_SUL,-30.44275,-53.47713,2023-03-24 00:00:00,101.7,5.4,80.8,93.4,1427.5,27.0,18.8,organico,pastagem,baixa,0,seca,0,BAIXO,3,outono,Sul_Campos_Planalto
Z_0370_NOR,-9.1626,-64.49117,2023-03-28 00:00:00,329.6,32.2,72.7,1667.2,384.9,17.6,71.4,organico,floresta,media,0,vendaval,0,MÉDIO,3,outono,Norte_Amazonia
Z_0371_NOR,-7.18021,-44.60723,2023-07-01 00:00:00,18.8,39.4,40.819591920250396,98.7,891.8,10.8,28.0,rochoso,pastagem,alta,0,seca,0,MÉDIO,7,inverno,Nordeste_Sertao
Z_0372_SUD,-24.21005,-41.81978,2023-09-12 00:00:00,259.6,19.8,81.7,2845.2,2371.0,48.4,28.3,rochoso,pastagem,alta,0,inundação,0,BAIXO,9,primavera,Sudeste_Montanhoso_Litoraneo
Z_0373_NOR,-2.25017,-55.33313,2023-01-08 00:00:00,305.7,29.1,95.0,4642.0,368.9,8.6,60.9,arenoso,floresta,baixa,0,nenhum,0,MUITO BAIXO,1,verao,Norte_Amazonia
Z_0374_SUD,-19.33845,-46.90541,2023-01-21 00:00:00,216.4,22.7,74.5,2613.6,442.8,22.4,9.8,organico,urbano,alta,0,vendaval,0,BAIXO,1,verao,Sudeste_Montanhoso_Litoraneo
Z_0375_SUD,-24.15736,-39.8902,2023-06-19 00:00:00,229.6,29.8,80.88740274400193,1328.9,1320.9,59.7,24.4,argiloso,pastagem,baixa,1,deslizamento,0,BAIXO,6,inverno,Sudeste_Montanhoso_Litoraneo
Z_0376_CEN,-19.4825,-54.89913,2024-03-06 00:00:00,131.8,21.4,56.9,32.5,356.7,10.4,6.2,arenoso,area_umida,baixa,0,nenhum,0,MUITO BAIXO,3,outono,CentroOeste_Cerrado_Pantanal
Z_0377_SUL,-31.13091,-52.09246,2024-03-13 00:00:00,113.7,19.0,69.3,3335.2,308.2,13.4,17.1,organico,rural,media,0,seca,0,BAIXO,3,outono,Sul_Campos_Planalto
Z_0378_SUD,-20.34474,-41.31726,2023-01-30 00:00:00,134.1,23.7,60.6,513.8,56.0,15.9,20.2,argiloso,pastagem,baixa,0,nenhum,0,MUITO BAIXO,1,verao,Sudeste_Montanhoso_Litoraneo
Z_0379_SUD,-24.47904,-49.55661,2024-08-05 00:00:00,175.0,34.9,58.475010278930135,2581.6,256.8,36.2,9.0,argiloso,floresta,baixa,0,deslizamento,1,MÉDIO,8,inverno,Sudeste_Montanhoso_Litoraneo
Z_0380_NOR,-8.09991,-54.24591,2023-10-22 00:00:00,372.5,25.1,77.1,4043.0,390.8,0.1,24.9,organico,urbano,alta,0,inundação,0,BAIXO,10,primavera,Norte_Amazonia
Z_0381_CEN,-13.56918,-56.13965,2023-02-27 00:00:00,91.7,18.4,81.7,21.9,917.3,20.7,5.0,argiloso,rural,baixa,0,nenhum,0,MUITO BAIXO,2,verao,CentroOeste_Cerrado_Pantanal
Z_0382_SUL,-22.38666,-54.45411,2023-01-15 00:00:00,137.5,9.9,72.9,2393.2,975.3,12.6,29.2,organico,urbano,alta,0,nenhum,0,MUITO BAIXO,1,verao,Sul_Campos_Planalto
Z_0383_NOR,-4.66333,-39.60815,2024-06-04 00:00:00,7.2,38.9,27.234114459069804,21.3,756.6,20.5,3.9,rochoso,rural,baixa,0,incêndio,1,MÉDIO,6,inverno,Nordeste_Sertao
Z_0384_NOR,-4.15426,-52.22116,2024-09-22 00:00:00,369.2,25.1,79.1,2970.2,308.8,6.1,52.5,arenoso,urbano,alta,0,incêndio,0,BAIXO,9,primavera,Norte_Amazonia
Z_0385_NOR,-2.0499,-62.0941,2023-12-31 00:00:00,421.5,32.1,87.7,2280.4,248.3,19.1,41.9,arenoso,rural,baixa,0,nenhum,0,MUITO BAIXO,12,verao,Norte_Amazonia
Z_0386_NOR,-14.40385,-45.68342,2024-12-10 00:00:00,36.8,25.5,62.3,205.2,201.9,13.1,16.8,arenoso,pastagem,media,0,seca,0,BAIXO,12,verao,Nordeste_Sertao
Z_0387_SUD,-19.91602,-47.96614,2024-04-14 00:00:00,142.9,20.9,69.6,1213.6,1003.9,9.5,3.4,organico,floresta,baixa,0,deslizamento,0,BAIXO,4,outono,Sudeste_Montanhoso_Litoraneo
Z_0388_NOR,-12.49608,-44.11219,2024-02-03 00:00:00,90.2,25.1,36.1,396.7,326.8,25.4,4.8,arenoso,pastagem,alta,1,seca,0,BAIXO,2,verao,Nordeste_Sertao
Z_0389_NOR,4.44953,-56.22091,2023-09-10 00:00:00,219.9,22.7,75.2,4265.3,279.3,3.8,71.5,arenoso,area_umida,media,0,inundação,1,MÉDIO,9,primavera,Norte_Amazonia
Z_0390_SUD,-18.28801,-47.65006,2024-10-14 00:00:00,302.0,27.0,88.4,2116.1,2449.9,12.9,30.0,rochoso,floresta,media,0,nenhum,0,MUITO BAIXO,10,primavera,Sudeste_Montanhoso_Litoraneo
Z_0391_SUD,-21.19819,-45.83509,2024-06-15 00:00:00,124.5,30.8,40.35960406095195,3696.8,2686.5,49.2,6.3,rochoso,urbano,alta,0,nenhum,0,MUITO BAIXO,6,inverno,Sudeste_Montanhoso_Litoraneo
Z_0392_CEN,-20.71729,-54.67942,2024-07-27 00:00:00,21.8,21.6,14.715766121925341,396.7,447.7,11.2,3.3,arenoso,area_umida,media,0,inundação,0,BAIXO,7,inverno,CentroOeste_Cerrado_Pantanal
Z_0393_CEN,-11.76253,-53.0773,2023-09-15 00:00:00,119.4,37.3,38.3,158.4,81.3,3.8,25.0,arenoso,area_umida,baixa,0,inundação,0,BAIXO,9,primavera,CentroOeste_Cerrado_Pantanal
Z_0394_SUD,-22.1983,-45.91236,2024-04-28 00:00:00,123.6,15.4,67.1,4401.4,155.0,10.4,28.3,rochoso,urbano,alta,0,vendaval,0,BAIXO,4,outono,Sudeste_Montanhoso_Litoraneo
Z_0395_NOR,-7.54667,-38.59175,2024-08-05 00:00:00,8.6,34.9,22.58502275970171,472.4,248.1,26.5,23.7,rochoso,pastagem,alta,0,incêndio,1,MÉDIO,8,inverno,Nordeste_Sertao
Z_0396_CEN,-6.55943,-51.17921,2024-08-13 00:00:00,1.6,29.1,20.714765265078665,127.6,876.4,13.1,2.5,arenoso,rural,media,0,nenhum,0,MUITO BAIXO,8,inverno,CentroOeste_Cerrado_Pantanal
Z_0397_SUD,-21.87346,-49.42212,2023-12-09 00:00:00,179.0,24.5,83.1,646.1,1896.1,6.7,25.9,argiloso,floresta,baixa,0,nenhum,0,MUITO BAIXO,12,verao,Sudeste_Montanhoso_Litoraneo
Z_0398_SUL,-32.73257,-53.72546,2023-01-03 00:00:00,193.2,15.7,54.8,4021.7,1300.0,16.5,13.4,argiloso,urbano,alta,0,seca,0,BAIXO,1,verao,Sul_Campos_Planalto
Z_0399_NOR,-1.4937,-53.67202,2024-05-27 00:00:00,339.6,30.5,99.1,1532.3,208.6,8.5,43.1,organico,rural,media,0,nenhum,0,MUITO BAIXO,5,outono,Norte_Amazonia
Z_0400_NOR,4.93205,-54.43341,2023-03-06 00:00:00,200.7,37.4,91.5,4506.3,401.4,15.4,75.2,organico,urbano,alta,0,nenhum,0,MUITO BAIXO,3,outono,Norte_Amazonia
Z_0401_NOR,-9.84852,-68.42269,2024-01-14 00:00:00,313.6,24.6,83.0,2236.8,459.8,19.8,68.0,organico,urbano,alta,0,nenhum,0,MUITO BAIXO,1,verao,Norte_Amazonia
Z_0402_SUD,-21.37686,-44.74301,2024-02-25 00:00:00,101.5,29.3,84.6,2048.3,1549.6,24.8,26.0,argiloso,pastagem,baixa,1,nenhum,0,MUITO BAIXO,2,verao,Sudeste_Montanhoso_Litoraneo
Z_0403_SUD,-19.29147,-49.39142,2024-12-25 00:00:00,215.4,21.2,83.8,2839.6,610.8,39.4,21.7,rochoso,rural,media,0,vendaval,0,BAIXO,12,verao,Sudeste_Montanhoso_Litoraneo
Z_0404_SUL,-29.83277,-50.43207,2023-05-28 00:00:00,126.1,31.6,62.0,1076.8,868.7,35.3,25.5,organico,floresta,media,0,vendaval,0,BAIXO,5,outono,Sul_Campos_Planalto
Z_0405_SUD,-19.88524,-46.37517,2023-02-27 00:00:00,156.6,28.8,89.8,3418.4,890.7,46.9,26.7,organico,urbano,media,0,deslizamento,0,BAIXO,2,verao,Sudeste_Montanhoso_Litoraneo
Z_0406_SUD,-18.64699,-45.2358,2024-10-26 00:00:00,288.7,28.6,67.6,3244.1,990.3,49.1,19.0,argiloso,floresta,baixa,0,deslizamento,1,ALTO,10,primavera,Sudeste_Montanhoso_Litoraneo
Z_0407_NOR,-6.85129,-57.37457,2023-01-08 00:00:00,349.4,31.1,91.9,1621.6,402.8,7.8,55.2,organico,rural,baixa,0,nenhum,0,MUITO BAIXO,1,verao,Norte_Amazonia
Z_0408_SUL,-29.74158,-55.59883,2023-06-27 00:00:00,133.0,16.8,43.21364328575705,4565.6,1196.0,16.9,26.0,organico,pastagem,baixa,0,seca,0,BAIXO,6,inverno,Sul_Campos_Planalto
Z_0409_NOR,-2.36779,-41.65967,2023-11-05 00:00:00,21.9,39.6,25.4,97.1,611.5,9.8,8.1,argiloso_seco,rural,alta,0,incêndio,0,MÉDIO,11,primavera,Nordeste_Sertao
Z_0410_NOR,-6.66383,-40.41742,2024-12-29 00:00:00,52.2,29.3,34.3,256.3,143.2,16.0,3.4,arenoso,pastagem,baixa,0,incêndio,0,BAIXO,12,verao,Nordeste_Sertao
Z_0411_SUD,-22.98292,-44.98092,2024-07-20 00:00:00,300.2,19.0,59.44005464533864,3720.3,51.1,29.4,24.3,rochoso,floresta,media,0,nenhum,0,MUITO BAIXO,7,inverno,Sudeste_Montanhoso_Litoraneo
Z_0412_NOR,2.90641,-73.22359,2024-10-07 00:00:00,155.8,22.4,84.0,3709.3,276.9,19.9,2.2,organico,floresta,baixa,0,inundação,0,BAIXO,10,primavera,Norte_Amazonia
Z_0413_CEN,-11.98718,-49.50359,2023-01-06 00:00:00,191.4,35.6,60.3,292.4,1113.2,14.7,26.3,argiloso,rural,media,0,seca,0,BAIXO,1,verao,CentroOeste_Cerrado_Pantanal
Z_0414_CEN,-20.06011,-47.16825,2023-07-27 00:00:00,5.1,35.7,27.72666702635156,14.7,251.6,22.5,21.1,latossolo,area_umida,media,0,incêndio,0,BAIXO,7,inverno,CentroOeste_Cerrado_Pantanal
Z_0415_NOR,-12.95007,-38.41323,2024-09-01 00:00:00,96.3,23.2,33.5,253.1,616.3,16.4,12.7,rochoso,pastagem,alta,0,nenhum,0,MUITO BAIXO,9,primavera,Nordeste_Sertao
Z_0416_CEN,-12.53263,-55.80089,2023-02-19 00:00:00,82.5,36.3,63.3,22.9,717.7,7.4,17.9,latossolo,floresta,media,2,inundação,0,BAIXO,2,verao,CentroOeste_Cerrado_Pantanal
Z_0417_SUD,-23.44848,-41.35006,2024-03-04 00:00:00,259.2,34.0,85.4,4341.9,1701.2,30.1,21.7,organico,rural,media,1,deslizamento,0,MÉDIO,3,outono,Sudeste_Montanhoso_Litoraneo
Z_0418_NOR,-6.24384,-70.70331,2023-10-10 00:00:00,327.2,37.7,75.9,1660.7,199.4,14.3,42.7,arenoso,rural,baixa,1,inundação,0,BAIXO,10,primavera,Norte_Amazonia
Z_0419_SUL,-25.63341,-53.21361,2023-12-14 00:00:00,145.9,29.1,68.6,1213.8,380.3,7.1,28.1,arenoso_argiloso,pastagem,baixa,1,nenhum,0,MUITO BAIXO,12,verao,Sul_Campos_Planalto
Z_0420_CEN,-21.09462,-60.72578,2023-05-22 00:00:00,153.1,21.0,51.4,33.3,452.7,2.6,0.7,argiloso,pastagem,baixa,0,nenhum,0,MUITO BAIXO,5,outono,CentroOeste_Cerrado_Pantanal
Z_0421_NOR,-1.1527,-54.95331,2024-06-08 00:00:00,414.1,32.8,80.8,3044.6,309.6,0.2,65.5,arenoso,rural,baixa,0,incêndio,0,BAIXO,6,inverno,Norte_Amazonia
Z_0422_SUD,-21.34962,-40.30243,2023-07-06 00:00:00,109.4,22.2,75.76924277860113,3763.0,357.0,21.3,12.9,rochoso,floresta,baixa,0,inundação,0,BAIXO,7,inverno,Sudeste_Montanhoso_Litoraneo
Z_0423_SUD,-21.09079,-39.72923,2024-05-20 00:00:00,187.3,24.4,89.9,4674.6,2525.2,49.8,18.1,argiloso,pastagem,baixa,0,deslizamento,0,BAIXO,5,outono,Sudeste_Montanhoso_Litoraneo
Z_0424_NOR,-0.05107,-71.22195,2023-11-01 00:00:00,333.1,32.7,86.3,1520.4,144.9,17.7,60.2,arenoso,urbano,alta,1,vendaval,0,BAIXO,11,primavera,Norte_Amazonia
Z_0425_SUD,-20.73911,-41.66061,2023-09-02 00:00:00,335.9,32.7,78.3,4235.0,42.4,56.6,8.0,argiloso,pastagem,alta,0,deslizamento,1,ALTO,9,primavera,Sudeste_Montanhoso_Litoraneo
Z_0426_NOR,-0.80417,-60.28627,2023-06-06 00:00:00,271.3,28.0,76.3,1221.3,459.4,8.3,61.5,organico,area_umida,media,0,inundação,0,MÉDIO,6,inverno,Norte_Amazonia
Z_0427_SUD,-21.48552,-46.70335,2023-11-16 00:00:00,349.5,26.9,84.7,4624.8,21.0,19.3,20.9,argiloso,floresta,baixa,0,nenhum,0,MUITO BAIXO,11,primavera,Sudeste_Montanhoso_Litoraneo
Z_0428_NOR,-2.80181,-63.76992,2023-12-09 00:00:00,380.7,35.7,96.0,4278.3,41.8,11.6,16.2,arenoso,floresta,media,0,inundação,0,MÉDIO,12,verao,Norte_Amazonia
Z_0429_NOR,-8.33141,-42.67389,2024-09-21 00:00:00,55.8,29.5,23.8,95.6,176.8,27.6,25.2,argiloso_seco,pastagem,alta,0,incêndio,0,BAIXO,9,primavera,Nordeste_Sertao
Z_0430_SUD,-20.50696,-42.02243,2024-05-14 00:00:00,100.4,22.2,67.3,4725.8,1094.9,59.1,14.8,organico,rural,alta,0,nenhum,0,MUITO BAIXO,5,outono,Sudeste_Montanhoso_Litoraneo
Z_0431_NOR,3.64534,-69.24205,2023-06-14 00:00:00,301.7,26.4,73.5,1736.4,44.7,3.3,10.3,argiloso,area_umida,baixa,0,inundação,0,MÉDIO,6,inverno,Norte_Amazonia
Z_0432_NOR,-10.54882,-44.54238,2023-06-20 00:00:00,13.5,27.9,24.05353567222101,211.1,467.7,22.0,23.9,argiloso_seco,rural,baixa,0,nenhum,0,MUITO BAIXO,6,inverno,Nordeste_Sertao
Z_0433_SUD,-24.35702,-41.94957,2024-05-09 00:00:00,133.7,29.9,75.2,3251.6,238.7,23.2,21.4,rochoso,rural,baixa,0,deslizamento,0,BAIXO,5,outono,Sudeste_Montanhoso_Litoraneo
Z_0434_NOR,-2.3624,-73.19816,2023-03-22 00:00:00,286.2,22.9,70.4,3308.6,473.8,17.6,47.8,argiloso,urbano,alta,0,nenhum,0,MUITO BAIXO,3,outono,Norte_Amazonia
Z_0435_NOR,-6.11468,-43.02148,2023-12-23 00:00:00,39.0,33.7,47.2,41.2,192.9,23.4,11.0,argiloso_seco,rural,baixa,0,incêndio,0,BAIXO,12,verao,Nordeste_Sertao
Z_0436_SUD,-22.34202,-47.78712,2024-07-28 00:00:00,250.5,22.5,65.56627368806232,4944.2,1753.6,39.3,25.2,rochoso,rural,alta,0,deslizamento,1,BAIXO,7,inverno,Sudeste_Montanhoso_Litoraneo
Z_0437_SUL,-24.62407,-51.92851,2023-10-29 00:00:00,149.7,20.3,60.6,3226.1,1198.8,39.0,20.5,organico,urbano,alta,0,inundação,0,BAIXO,10,primavera,Sul_Campos_Planalto
Z_0438_SUD,-21.59082,-47.58725,2024-06-13 00:00:00,157.2,31.1,52.29632811438654,3479.4,2437.0,40.0,23.7,organico,urbano,media,0,deslizamento,0,MÉDIO,6,inverno,Sudeste_Montanhoso_Litoraneo
Z_0439_NOR,-6.11925,-73.12705,2024-10-22 00:00:00,348.2,22.1,71.6,2933.0,353.3,16.9,52.6,arenoso,urbano,alta,0,nenhum,0,MUITO BAIXO,10,primavera,Norte_Amazonia
Z_0440_SUL,-29.55751,-53.36647,2023-01-01 00:00:00,193.8,31.6,40.2,543.9,1770.5,17.5,3.1,argiloso,floresta,baixa,0,nenhum,0,MUITO BAIXO,1,verao,Sul_Campos_Planalto
Z_0441_NOR,-15.24135,-44.81288,2023-07-08 00:00:00,8.3,38.5,22.80621408801698,163.2,717.6,24.4,17.2,rochoso,pastagem,alta,1,incêndio,1,ALTO,7,inverno,Nordeste_Sertao
Z_0442_SUL,-25.17721,-55.20175,2024-12-15 00:00:00,103.1,11.8,86.8,345.0,1798.2,38.7,5.9,organico,urbano,alta,0,seca,0,BAIXO,12,verao,Sul_Campos_Planalto
Z_0443_SUD,-22.82316,-47.94393,2023-08-05 00:00:00,128.2,31.6,46.72051330886349,2935.0,41.8,24.0,7.6,organico,urbano,media,0,vendaval,0,BAIXO,8,inverno,Sudeste_Montanhoso_Litoraneo
Z_0444_SUD,-24.49881,-49.00122,2023-07-30 00:00:00,311.3,23.7,68.02011472961213,2573.3,1671.5,32.7,21.6,organico,urbano,alta,1,deslizamento,0,MÉDIO,7,inverno,Sudeste_Montanhoso_Litoraneo
Z_0445_CEN,-22.44006,-54.21003,2024-02-24 00:00:00,86.3,24.1,41.0,112.2,691.8,21.2,28.2,latossolo,area_umida,media,1,incêndio,0,BAIXO,2,verao,CentroOeste_Cerrado_Pantanal
Z_0446_SUD,-18.01552,-44.70476,2023-09-11 00:00:00,86.8,22.2,59.7,4460.1,110.9,23.6,9.0,rochoso,floresta,media,0,nenhum,0,MUITO BAIXO,9,primavera,Sudeste_Montanhoso_Litoraneo
Z_0447_NOR,-6.03929,-43.86376,2024-10-04 00:00:00,33.0,30.2,25.0,289.1,276.0,18.0,8.5,arenoso,rural,baixa,0,nenhum,0,MUITO BAIXO,10,primavera,Nordeste_Sertao
Z_0448_CEN,-12.52136,-46.91869,2023-12-03 00:00:00,63.3,34.0,32.0,54.3,607.0,11.5,21.5,arenoso,pastagem,media,0,incêndio,0,BAIXO,12,verao,CentroOeste_Cerrado_Pantanal
Z_0449_NOR,-6.38328,-40.48275,2023-01-30 00:00:00,25.7,20.7,37.2,35.4,121.8,18.7,24.1,rochoso,rural,media,0,nenhum,0,MUITO BAIXO,1,verao,Nordeste_Sertao
Z_0450_SUL,-32.50977,-48.4331,2023-02-05 00:00:00,214.3,22.5,46.2,2895.4,1292.6,21.6,26.1,organico,pastagem,media,0,seca,0,BAIXO,2,verao,Sul_Campos_Planalto
Z_0451_CEN,-18.46788,-56.09999,2023-10-15 00:00:00,147.0,34.1,41.1,96.9,1169.6,20.9,19.0,latossolo,pastagem,alta,0,nenhum,0,MUITO BAIXO,10,primavera,CentroOeste_Cerrado_Pantanal
Z_0452_NOR,-9.82685,-45.37218,2024-03-13 00:00:00,51.7,22.4,44.0,334.0,769.1,9.5,18.7,argiloso_seco,pastagem,media,0,nenhum,0,MUITO BAIXO,3,outono,Nordeste_Sertao
Z_0453_NOR,-5.71666,-60.03132,2023-08-31 00:00:00,229.0,30.2,90.0,3200.1,454.4,13.5,50.1,arenoso,urbano,alta,0,vendaval,0,BAIXO,8,inverno,Norte_Amazonia
Z_0454_SUL,-22.90845,-50.3482,2024-08-07 00:00:00,125.2,17.2,35.50869571099999,1912.7,540.2,29.8,3.7,arenoso_argiloso,rural,baixa,0,nenhum,0,MUITO BAIXO,8,inverno,Sul_Campos_Planalto
Z_0455_NOR,-7.73261,-37.34948,2024-02-16 00:00:00,42.6,24.6,45.0,290.6,782.3,11.3,24.2,rochoso,rural,alta,0,incêndio,0,BAIXO,2,verao,Nordeste_Sertao
Z_0456_NOR,-17.06333,-44.93043,2023-11-21 00:00:00,80.6,24.9,26.6,494.1,516.6,27.5,23.7,arenoso,pastagem,alta,0,incêndio,0,BAIXO,11,primavera,Nordeste_Sertao
Z_0457_SUD,-23.25475,-46.61821,2024-06-18 00:00:00,236.2,31.4,45.105847997850695,4957.2,2692.2,9.3,9.4,rochoso,urbano,alta,0,vendaval,0,BAIXO,6,inverno,Sudeste_Montanhoso_Litoraneo
Z_0458_SUD,-19.31595,-41.79229,2023-09-28 00:00:00,146.7,31.3,54.2,2376.3,968.0,50.2,24.0,rochoso,urbano,media,0,nenhum,0,MUITO BAIXO,9,primavera,Sudeste_Montanhoso_Litoraneo
Z_0459_NOR,-2.54025,-41.88486,2024-09-23 00:00:00,49.7,32.6,33.0,301.7,499.2,18.3,15.0,argiloso_seco,rural,media,0,nenhum,0,MUITO BAIXO,9,primavera,Nordeste_Sertao
Z_0460_NOR,-9.78973,-38.10943,2023-09-27 00:00:00,92.7,40.3,36.7,380.1,641.2,14.2,7.4,arenoso,rural,alta,0,nenhum,0,MUITO BAIXO,9,primavera,Nordeste_Sertao
Z_0461_NOR,-1.42322,-69.92592,2024-10-15 00:00:00,286.5,37.4,70.3,2317.5,366.4,15.2,44.6,arenoso,urbano,media,0,vendaval,0,BAIXO,10,primavera,Norte_Amazonia
Z_0462_SUD,-18.60888,-45.26312,2024-09-30 00:00:00,137.1,20.2,57.7,1217.6,954.8,39.1,5.9,organico,floresta,baixa,0,nenhum,0,MUITO BAIXO,9,primavera,Sudeste_Montanhoso_Litoraneo
Z_0463_NOR,2.03809,-48.80353,2024-01-30 00:00:00,293.4,34.1,96.5,312.9,296.3,19.5,4.4,organico,floresta,baixa,0,inundação,0,BAIXO,1,verao,Norte_Amazonia
Z_0464_SUD,-18.85822,-43.33175,2023-04-09 00:00:00,274.6,23.4,54.9,2960.5,1098.3,11.5,26.8,organico,urbano,alta,1,deslizamento,0,BAIXO,4,outono,Sudeste_Montanhoso_Litoraneo
Z_0465_NOR,0.35092,-53.72793,2024-11-02 00:00:00,150.8,31.9,82.3,2496.5,391.4,15.4,10.1,argiloso,urbano,media,0,inundação,0,BAIXO,11,primavera,Norte_Amazonia
Z_0466_NOR,-5.6681,-54.86475,2023-05-18 00:00:00,390.3,28.1,71.3,3096.1,124.7,14.3,4.1,argiloso,area_umida,baixa,0,inundação,0,BAIXO,5,outono,Norte_Amazonia
Z_0467_NOR,-2.73349,-68.08559,2024-11-26 00:00:00,223.4,32.6,96.4,859.3,158.4,1.1,58.2,organico,area_umida,media,0,inundação,0,MÉDIO,11,primavera,Norte_Amazonia
Z_0468_NOR,-9.71636,-37.92185,2024-07-15 00:00:00,5.9,23.7,40.59873138648391,67.3,665.3,0.4,27.7,rochoso,pastagem,alta,0,incêndio,0,BAIXO,7,inverno,Nordeste_Sertao
Z_0469_SUD,-18.11958,-47.84286,2023-06-11 00:00:00,327.4,34.7,28.548450710258617,366.3,1132.1,11.6,15.9,organico,rural,alta,0,vendaval,0,BAIXO,6,inverno,Sudeste_Montanhoso_Litoraneo
Z_0470_SUL,-25.03373,-51.67118,2024-01-09 00:00:00,111.1,14.7,76.9,269.3,1395.8,29.4,26.0,organico,urbano,alta,0,inundação,0,BAIXO,1,verao,Sul_Campos_Planalto
Z_0471_SUD,-20.98128,-43.45762,2023-02-23 00:00:00,302.7,21.9,94.9,2765.7,2162.4,50.1,0.8,organico,floresta,baixa,0,deslizamento,0,BAIXO,2,verao,Sudeste_Montanhoso_Litoraneo
Z_0472_NOR,-9.73307,-39.60226,2024-01-19 00:00:00,54.3,27.1,40.4,243.2,139.0,22.5,20.9,argiloso_seco,pastagem,alta,0,nenhum,0,MUITO BAIXO,1,verao,Nordeste_Sertao
Z_0473_NOR,-8.07071,-39.64251,2023-01-21 00:00:00,17.1,33.3,33.1,171.0,688.8,22.2,17.5,arenoso,pastagem,baixa,0,incêndio,1,MÉDIO,1,verao,Nordeste_Sertao
Z_0474_NOR,4.19443,-69.62724,2024-04-18 00:00:00,250.5,29.1,89.3,3855.5,431.6,9.5,0.6,organico,urbano,media,0,inundação,1,ALTO,4,outono,Norte_Amazonia
Z_0475_NOR,-8.51926,-45.51531,2023-03-26 00:00:00,60.1,36.1,44.0,299.4,733.6,26.7,5.3,argiloso_seco,pastagem,alta,0,incêndio,0,BAIXO,3,outono,Nordeste_Sertao
Z_0476_SUL,-25.02862,-54.69463,2023-06-02 00:00:00,137.0,14.6,56.657822893327435,1559.9,1604.5,16.1,8.8,arenoso_argiloso,urbano,alta,0,nenhum,0,MUITO BAIXO,6,inverno,Sul_Campos_Planalto
Z_0477_SUL,-22.05041,-50.41059,2023-05-03 00:00:00,84.4,24.2,49.2,4421.0,988.3,20.6,12.7,argiloso,urbano,alta,1,inundação,0,BAIXO,5,outono,Sul_Campos_Planalto
Z_0478_SUD,-23.69093,-41.68646,2023-08-22 00:00:00,272.3,25.1,56.248856364433166,4981.0,1184.8,16.0,29.9,organico,pastagem,alta,0,deslizamento,0,BAIXO,8,inverno,Sudeste_Montanhoso_Litoraneo
Z_0479_NOR,-2.69913,-40.83768,2024-08-16 00:00:00,3.2,41.7,25.55459818852686,10.7,139.6,1.0,14.9,arenoso,rural,media,0,incêndio,0,MÉDIO,8,inverno,Nordeste_Sertao
Z_0480_SUL,-27.77691,-52.08311,2024-04-22 00:00:00,204.5,21.6,75.5,2470.2,614.3,25.4,7.9,arenoso_argiloso,floresta,baixa,0,seca,0,BAIXO,4,outono,Sul_Campos_Planalto
Z_0481_SUL,-27.85246,-51.42662,2024-06-21 00:00:00,236.9,8.1,42.24960770410505,137.9,512.8,19.9,10.9,organico,urbano,media,0,seca,0,BAIXO,6,inverno,Sul_Campos_Planalto
Z_0482_SUL,-22.83221,-53.08904,2024-11-18 00:00:00,106.4,17.4,61.9,2275.0,238.9,18.8,27.9,argiloso,pastagem,media,0,vendaval,0,BAIXO,11,primavera,Sul_Campos_Planalto
Z_0483_SUL,-24.4208,-54.34187,2024-03-27 00:00:00,132.4,23.1,56.9,3579.5,440.1,17.9,23.7,argiloso,floresta,baixa,0,vendaval,0,BAIXO,3,outono,Sul_Campos_Planalto
Z_0484_NOR,-4.03646,-49.81541,2024-05-20 00:00:00,398.9,29.3,98.2,368.0,122.2,10.8,8.0,argiloso,rural,baixa,0,incêndio,0,BAIXO,5,outono,Norte_Amazonia
Z_0485_SUL,-30.89332,-57.40912,2023-11-06 00:00:00,72.4,14.5,69.9,2767.2,92.4,22.8,3.6,arenoso_argiloso,rural,baixa,0,inundação,0,BAIXO,11,primavera,Sul_Campos_Planalto
Z_0486_SUL,-33.29934,-57.12086,2023-01-03 00:00:00,119.2,16.2,53.9,3713.1,38.0,26.7,0.2,arenoso_argiloso,pastagem,media,0,nenhum,0,MUITO BAIXO,1,verao,Sul_Campos_Planalto
Z_0487_SUD,-20.4281,-49.08349,2023-07-01 00:00:00,83.7,32.9,29.48232959250891,162.4,2256.3,23.8,17.2,rochoso,pastagem,alta,0,vendaval,0,BAIXO,7,inverno,Sudeste_Montanhoso_Litoraneo
Z_0488_CEN,-21.29168,-52.87211,2024-09-25 00:00:00,92.4,21.2,59.1,254.3,744.5,19.4,22.0,latossolo,floresta,media,0,incêndio,0,BAIXO,9,primavera,CentroOeste_Cerrado_Pantanal
Z_0489_CEN,-11.64824,-48.16914,2023-08-24 00:00:00,12.0,24.4,41.170075842904176,498.0,331.2,19.0,10.8,argiloso,area_umida,media,0,seca,0,BAIXO,8,inverno,CentroOeste_Cerrado_Pantanal
Z_0490_CEN,-23.28085,-59.688,2024-06-23 00:00:00,32.7,18.8,23.58162218022931,348.7,414.1,12.4,15.2,arenoso,floresta,media,0,inundação,0,BAIXO,6,inverno,CentroOeste_Cerrado_Pantanal
Z_0491_CEN,-11.97857,-54.54253,2024-02-04 00:00:00,88.8,29.7,38.3,439.8,667.9,11.3,10.4,argiloso,floresta,media,0,incêndio,0,BAIXO,2,verao,CentroOeste_Cerrado_Pantanal
Z_0492_NOR,-8.05806,-53.18714,2023-12-03 00:00:00,399.4,26.2,93.3,2745.2,70.8,18.4,35.1,organico,floresta,baixa,0,inundação,0,BAIXO,12,verao,Norte_Amazonia
Z_0493_SUL,-31.60923,-53.35125,2023-11-06 00:00:00,123.5,10.0,89.3,3439.4,1737.8,39.2,25.0,arenoso_argiloso,urbano,alta,0,nenhum,0,MUITO BAIXO,11,primavera,Sul_Campos_Planalto
Z_0494_SUL,-22.9111,-49.19267,2023-02-22 00:00:00,217.9,14.0,46.1,4135.0,1323.8,37.3,10.0,organico,urbano,alta,0,deslizamento,1,ALTO,2,verao,Sul_Campos_Planalto
Z_0495_NOR,-10.37335,-37.35555,2023-09-28 00:00:00,24.3,36.0,66.8,265.2,849.3,28.7,22.4,rochoso,pastagem,media,0,incêndio,0,BAIXO,9,primavera,Nordeste_Sertao
Z_0496_CEN,-21.79267,-46.89888,2024-10-02 00:00:00,113.5,35.2,84.3,196.0,901.6,17.7,6.3,argiloso,area_umida,media,0,inundação,0,BAIXO,10,primavera,CentroOeste_Cerrado_Pantanal
Z_0497_SUD,-18.14769,-44.89105,2024-08-26 00:00:00,319.6,32.1,78.48362084783501,1110.9,318.9,26.9,11.4,organico,floresta,baixa,0,deslizamento,0,MÉDIO,8,inverno,Sudeste_Montanhoso_Litoraneo
Z_0498_CEN,-18.78559,-52.07443,2024-10-25 00:00:00,157.5,21.8,80.0,349.7,840.9,17.0,7.7,latossolo,pastagem,baixa,0,nenhum,0,MUITO BAIXO,10,primavera,CentroOeste_Cerrado_Pantanal
Z_0499_SUD,-21.0066,-45.27857,2024-01-10 00:00:00,188.2,20.6,87.9,2063.3,1396.8,42.1,22.6,argiloso,pastagem,baixa,0,deslizamento,1,MÉDIO,1,verao,Sudeste_Montanhoso_Litoraneo
Z_0500_NOR,-6.52382,-41.67896,2023-02-24 00:00:00,57.8,24.5,32.5,340.5,641.9,13.1,19.8,arenoso,rural,media,0,seca,0,BAIXO,2,verao,Nordeste_Sertao
Z_0501_NOR,0.55311,-68.53971,2024-10-27 00:00:00,308.7,25.5,84.3,1203.3,71.8,12.3,42.7,organico,urbano,media,0,inundação,0,MÉDIO,10,primavera,Norte_Amazonia
Z_0502_NOR,-1.45726,-67.06906,2024-06-06 00:00:00,214.1,34.6,97.8,2763.6,11.2,5.4,76.6,arenoso,area_umida,baixa,0,inundação,1,MÉDIO,6,inverno,Norte_Amazonia
Z_0503_NOR,-12.0417,-43.43724,2023-08-25 00:00:00,2.9,33.3,10.0,80.5,810.7,8.4,7.0,argiloso_seco,rural,baixa,0,incêndio,1,MÉDIO,8,inverno,Nordeste_Sertao
Z_0504_SUD,-18.36572,-49.49334,2024-01-28 00:00:00,216.2,34.6,77.4,2319.9,2122.4,57.7,25.7,argiloso,floresta,media,0,nenhum,0,MUITO BAIXO,1,verao,Sudeste_Montanhoso_Litoraneo
Z_0505_SUD,-20.62129,-49.4159,2023-01-08 00:00:00,323.1,27.1,76.8,3769.1,536.8,13.2,23.2,rochoso,pastagem,media,0,vendaval,0,BAIXO,1,verao,Sudeste_Montanhoso_Litoraneo
Z_0506_SUD,-22.99075,-47.19602,2024-08-23 00:00:00,178.8,32.9,35.16564425965562,4786.9,1671.2,14.3,15.7,rochoso,urbano,media,0,nenhum,0,MUITO BAIXO,8,inverno,Sudeste_Montanhoso_Litoraneo
Z_0507_NOR,-9.89965,-39.66514,2023-01-28 00:00:00,58.7,23.3,47.3,480.3,188.5,23.1,2.3,argiloso_seco,rural,baixa,0,incêndio,0,BAIXO,1,verao,Nordeste_Sertao
Z_0508_NOR,-8.05814,-53.48069,2023-03-09 00:00:00,363.5,23.7,97.3,3328.2,294.9,16.1,11.3,argiloso,area_umida,media,1,inundação,0,BAIXO,3,outono,Norte_Amazonia
Z_0509_SUD,-19.34207,-45.59224,2023-10-18 00:00:00,346.9,29.4,59.6,3858.9,1739.1,49.4,21.2,argiloso,urbano,media,0,nenhum,0,MUITO BAIXO,10,primavera,Sudeste_Montanhoso_Litoraneo
Z_0510_CEN,-10.93941,-47.94575,2023-11-20 00:00:00,197.8,28.1,51.8,329.7,609.9,22.9,21.5,arenoso,pastagem,baixa,0,nenhum,0,MUITO BAIXO,11,primavera,CentroOeste_Cerrado_Pantanal
Z_0511_SUL,-26.2376,-55.60959,2024-05-22 00:00:00,118.5,19.4,76.9,4794.1,448.5,16.9,22.0,arenoso_argiloso,urbano,media,0,seca,0,BAIXO,5,outono,Sul_Campos_Planalto
Z_0512_NOR,-4.49415,-68.63777,2024-04-30 00:00:00,298.4,33.9,76.3,2035.0,137.8,6.3,11.6,organico,urbano,alta,0,vendaval,0,BAIXO,4,outono,Norte_Amazonia
Z_0513_SUD,-24.28726,-49.59656,2024-12-29 00:00:00,348.8,23.6,73.7,4148.9,2280.4,25.1,25.7,organico,floresta,baixa,0,deslizamento,0,MÉDIO,12,verao,Sudeste_Montanhoso_Litoraneo
Z_0514_CEN,-19.90757,-60.0585,2024-06-15 00:00:00,13.6,24.2,13.04368447851186,254.8,1046.1,7.3,4.5,arenoso,pastagem,baixa,0,nenhum,0,MUITO BAIXO,6,inverno,CentroOeste_Cerrado_Pantanal
Z_0515_CEN,-10.84594,-60.10304,2024-12-18 00:00:00,79.3,30.9,75.8,376.4,495.3,20.8,18.9,argiloso,pastagem,baixa,0,seca,0,BAIXO,12,verao,CentroOeste_Cerrado_Pantanal
Z_0516_CEN,-16.47726,-55.14713,2024-05-09 00:00:00,97.9,32.5,56.1,52.7,819.1,24.5,21.6,argiloso,floresta,baixa,0,nenhum,0,MUITO BAIXO,5,outono,CentroOeste_Cerrado_Pantanal
Z_0517_SUD,-18.49558,-45.7281,2024-08-24 00:00:00,188.1,20.0,51.369881664401035,3229.2,1656.8,20.8,6.6,rochoso,urbano,alta,0,nenhum,0,MUITO BAIXO,8,inverno,Sudeste_Montanhoso_Litoraneo
Z_0518_SUL,-30.03068,-56.06617,2023-02-21 00:00:00,243.7,30.5,77.5,3473.8,301.6,10.2,26.1,arenoso_argiloso,rural,baixa,0,vendaval,0,MÉDIO,2,verao,Sul_Campos_Planalto
Z_0519_CEN,-12.49574,-49.85252,2023-11-25 00:00:00,91.3,30.6,34.8,286.2,198.6,10.9,22.6,argiloso,pastagem,alta,0,nenhum,0,MUITO BAIXO,11,primavera,CentroOeste_Cerrado_Pantanal
Z_0520_NOR,0.39067,-52.29724,2023-12-04 00:00:00,386.1,25.9,92.8,1181.7,296.6,8.1,69.8,organico,rural,baixa,0,nenhum,0,MUITO BAIXO,12,verao,Norte_Amazonia
Z_0521_NOR,-2.28652,-67.7412,2024-04-20 00:00:00,335.0,23.9,84.5,3428.8,168.0,17.8,51.0,argiloso,urbano,alta,0,inundação,0,BAIXO,4,outono,Norte_Amazonia
Z_0522_NOR,-14.01615,-37.17035,2024-09-30 00:00:00,72.3,35.0,62.6,411.8,371.1,29.6,19.9,argiloso_seco,pastagem,alta,0,nenhum,0,MUITO BAIXO,9,primavera,Nordeste_Sertao
Z_0523_NOR,-7.0123,-51.06828,2023-08-18 00:00:00,418.9,27.2,87.1,3165.8,56.6,14.2,32.4,argiloso,rural,media,0,inundação,0,BAIXO,8,inverno,Norte_Amazonia
Z_0524_NOR,-14.66919,-42.09078,2023-11-11 00:00:00,11.5,34.0,62.2,70.0,159.8,4.7,29.4,arenoso,rural,media,1,seca,0,BAIXO,11,primavera,Nordeste_Sertao
Z_0525_NOR,-7.53793,-37.72328,2023-07-25 00:00:00,6.5,38.3,36.76174251185288,428.7,403.6,10.0,16.5,arenoso,pastagem,alta,0,incêndio,1,MÉDIO,7,inverno,Nordeste_Sertao
Z_0526_NOR,-4.1349,-71.15254,2024-06-16 00:00:00,367.7,26.9,99.6,3694.0,127.8,18.7,22.6,argiloso,area_umida,baixa,1,nenhum,0,MUITO BAIXO,6,inverno,Norte_Amazonia
Z_0527_SUL,-32.84867,-50.65929,2024-07-15 00:00:00,144.4,16.5,42.01105136438292,1888.6,1046.1,23.7,8.6,organico,rural,media,0,seca,0,BAIXO,7,inverno,Sul_Campos_Planalto
Z_0528_SUD,-18.46269,-47.57113,2023-12-02 00:00:00,164.9,26.0,70.8,73.6,2745.1,30.1,5.3,rochoso,rural,alta,0,nenhum,0,MUITO BAIXO,12,verao,Sudeste_Montanhoso_Litoraneo
Z_0529_SUD,-24.16492,-48.20179,2024-03-18 00:00:00,149.1,15.2,86.0,4542.7,1055.3,10.0,24.6,argiloso,pastagem,media,0,nenhum,0,MUITO BAIXO,3,outono,Sudeste_Montanhoso_Litoraneo
Z_0530_NOR,-15.85247,-39.05694,2024-06-24 00:00:00,8.0,32.8,10.0,23.0,510.3,13.8,17.3,rochoso,pastagem,media,0,incêndio,1,MÉDIO,6,inverno,Nordeste_Sertao
Z_0531_SUD,-23.76303,-44.81059,2023-04-05 00:00:00,350.0,19.2,91.2,2709.5,770.9,17.9,3.1,rochoso,rural,alta,0,vendaval,0,BAIXO,4,outono,Sudeste_Montanhoso_Litoraneo
Z_0532_SUD,-23.954,-42.33437,2024-07-26 00:00:00,262.0,32.4,60.66610446520115,3648.6,844.4,15.8,18.6,rochoso,rural,baixa,0,vendaval,0,BAIXO,7,inverno,Sudeste_Montanhoso_Litoraneo
Z_0533_NOR,-0.42325,-68.9801,2024-02-24 00:00:00,284.6,25.0,76.8,4873.9,21.1,15.6,29.7,argiloso,rural,baixa,0,inundação,0,BAIXO,2,verao,Norte_Amazonia
Z_0534_NOR,-14.68656,-45.46533,2023-06-18 00:00:00,3.0,27.1,51.91072084154629,247.8,276.2,11.0,5.2,arenoso,rural,baixa,0,seca,0,BAIXO,6,inverno,Nordeste_Sertao
Z_0535_NOR,-6.7709,-53.10581,2023-10-20 00:00:00,387.8,26.2,72.7,3557.9,150.1,10.2,17.4,arenoso,area_umida,baixa,0,inundação,1,MÉDIO,10,primavera,Norte_Amazonia
Z_0536_SUD,-20.93355,-42.14773,2024-07-15 00:00:00,222.3,15.6,45.51306574068933,3483.6,1010.8,30.8,4.3,argiloso,pastagem,baixa,0,deslizamento,1,MÉDIO,7,inverno,Sudeste_Montanhoso_Litoraneo
Z_0537_SUD,-24.2914,-45.40681,2023-03-16 00:00:00,164.3,32.3,58.4,3152.6,2277.2,29.2,12.1,rochoso,pastagem,baixa,0,deslizamento,0,BAIXO,3,outono,Sudeste_Montanhoso_Litoraneo
Z_0538_SUL,-23.24326,-57.8461,2023-05-28 00:00:00,212.9,15.4,62.3,2327.8,1756.4,37.0,4.8,argiloso,urbano,media,0,deslizamento,0,BAIXO,5,outono,Sul_Campos_Planalto
Z_0539_SUL,-22.84059,-54.78614,2024-02-16 00:00:00,70.2,7.6,46.2,2675.5,685.1,22.2,4.5,organico,rural,media,0,vendaval,0,BAIXO,2,verao,Sul_Campos_Planalto
Z_0540_NOR,-10.91775,-39.28124,2024-09-28 00:00:00,19.7,35.2,67.6,451.3,711.2,0.5,19.6,rochoso,rural,alta,0,seca,0,BAIXO,9,primavera,Nordeste_Sertao
Z_0541_NOR,-0.58524,-64.40434,2024-11-21 00:00:00,155.6,27.2,82.3,4732.9,68.6,0.7,68.9,argiloso,area_umida,baixa,0,nenhum,0,MUITO BAIXO,11,primavera,Norte_Amazonia
Z_0542_SUL,-23.06478,-52.24875,2023-09-23 00:00:00,88.1,16.9,80.5,3432.9,1333.9,11.0,23.5,argiloso,floresta,baixa,0,seca,0,BAIXO,9,primavera,Sul_Campos_Planalto
Z_0543_SUD,-21.86463,-41.2202,2024-11-26 00:00:00,173.6,22.9,65.1,163.9,1440.8,23.0,2.5,organico,rural,baixa,0,nenhum,0,MUITO BAIXO,11,primavera,Sudeste_Montanhoso_Litoraneo
Z_0544_CEN,-20.79662,-49.28582,2023-08-01 00:00:00,27.3,29.8,44.7351218626838,427.9,1096.3,0.7,29.7,argiloso,floresta,baixa,1,seca,0,BAIXO,8,inverno,CentroOeste_Cerrado_Pantanal
Z_0545_SUD,-24.24064,-42.59278,2023-03-07 00:00:00,206.0,20.5,75.6,3715.3,1296.3,13.7,15.0,organico,rural,baixa,1,inundação,0,BAIXO,3,outono,Sudeste_Montanhoso_Litoraneo
Z_0546_CEN,-19.24142,-54.30201,2023-01-22 00:00:00,143.7,28.8,82.1,358.6,299.2,7.2,9.6,arenoso,area_umida,alta,0,nenhum,0,MUITO BAIXO,1,verao,CentroOeste_Cerrado_Pantanal
Z_0547_SUL,-30.85611,-49.09985,2023-03-17 00:00:00,188.9,23.2,62.3,305.5,1602.5,15.6,6.5,argiloso,floresta,media,0,nenhum,0,MUITO BAIXO,3,outono,Sul_Campos_Planalto
Z_0548_NOR,-6.40002,-42.45283,2024-05-02 00:00:00,81.7,40.0,52.8,400.8,461.2,1.2,24.0,arenoso,rural,media,0,nenhum,0,MUITO BAIXO,5,outono,Nordeste_Sertao
Z_0549_NOR,-9.40318,-65.79692,2024-01-04 00:00:00,420.7,29.5,98.1,632.4,495.0,10.6,34.4,organico,urbano,alta,0,inundação,0,BAIXO,1,verao,Norte_Amazonia
Z_0550_NOR,-1.72783,-49.36481,2023-05-28 00:00:00,360.5,33.8,71.7,4540.6,19.7,0.2,57.1,arenoso,floresta,media,0,inundação,0,MÉDIO,5,outono,Norte_Amazonia
Z_0551_NOR,1.34847,-54.96195,2023-09-05 00:00:00,260.1,31.5,70.7,3454.1,469.8,13.6,21.1,argiloso,area_umida,baixa,0,inundação,0,MÉDIO,9,primavera,Norte_Amazonia
Z_0552_CEN,-15.65072,-59.3855,2023-01-22 00:00:00,93.2,21.2,34.4,222.8,185.4,7.2,3.7,arenoso,pastagem,alta,0,inundação,0,BAIXO,1,verao,CentroOeste_Cerrado_Pantanal
Z_0553_NOR,-8.67949,-44.69129,2023-11-28 00:00:00,64.2,26.4,50.6,266.4,830.1,17.2,27.5,argiloso_seco,rural,media,0,nenhum,0,MUITO BAIXO,11,primavera,Nordeste_Sertao
Z_0554_NOR,-3.81762,-68.43174,2024-04-01 00:00:00,182.2,34.7,87.5,425.9,1.6,12.8,34.3,organico,urbano,alta,0,inundação,0,BAIXO,4,outono,Norte_Amazonia
Z_0555_SUD,-22.227,-42.9741,2024-12-14 00:00:00,317.9,19.5,59.4,126.9,761.7,18.5,28.2,organico,pastagem,baixa,0,nenhum,0,MUITO BAIXO,12,verao,Sudeste_Montanhoso_Litoraneo
Z_0556_NOR,3.77939,-58.08189,2023-06-07 00:00:00,268.3,35.1,81.5,1630.7,305.3,16.1,23.3,argiloso,rural,baixa,0,nenhum,0,MUITO BAIXO,6,inverno,Norte_Amazonia
Z_0557_NOR,-10.25651,-37.95952,2024-04-22 00:00:00,26.1,21.6,25.9,482.4,394.5,6.0,8.0,rochoso,rural,alta,0,seca,0,BAIXO,4,outono,Nordeste_Sertao
Z_0558_NOR,-11.84834,-43.3598,2024-09-04 00:00:00,59.0,38.7,36.7,489.6,354.9,22.8,11.5,arenoso,pastagem,baixa,0,incêndio,0,BAIXO,9,primavera,Nordeste_Sertao
Z_0559_NOR,-14.62108,-44.64188,2024-07-17 00:00:00,13.7,21.9,25.978672542464437,368.1,743.3,26.7,7.1,argiloso_seco,pastagem,baixa,0,incêndio,0,BAIXO,7,inverno,Nordeste_Sertao
Z_0560_NOR,-9.0383,-53.05345,2023-10-05 00:00:00,365.9,27.2,73.1,1778.0,307.8,3.7,62.2,arenoso,rural,media,1,incêndio,0,BAIXO,10,primavera,Norte_Amazonia
Z_0561_CEN,-13.02545,-58.56887,2023-05-13 00:00:00,87.8,22.2,75.7,487.0,176.1,4.6,16.9,argiloso,rural,baixa,0,nenhum,0,MUITO BAIXO,5,outono,CentroOeste_Cerrado_Pantanal
Z_0562_SUD,-22.83565,-49.94697,2024-01-18 00:00:00,111.3,17.7,81.5,2867.5,2388.8,41.4,8.5,organico,urbano,alta,0,vendaval,0,BAIXO,1,verao,Sudeste_Montanhoso_Litoraneo
Z_0563_SUL,-25.89892,-49.49965,2024-02-26 00:00:00,222.1,15.7,69.3,1921.3,1114.4,18.6,1.5,argiloso,urbano,alta,0,nenhum,0,MUITO BAIXO,2,verao,Sul_Campos_Planalto
Z_0564_NOR,4.70688,-49.26295,2023-06-29 00:00:00,332.7,22.7,84.5,4535.2,315.2,11.3,34.8,arenoso,area_umida,baixa,0,inundação,0,MÉDIO,6,inverno,Norte_Amazonia
Z_0565_SUD,-20.365,-46.44018,2023-05-03 00:00:00,246.5,19.0,85.1,1342.6,1391.9,49.5,24.8,argiloso,urbano,alta,1,nenhum,0,MUITO BAIXO,5,outono,Sudeste_Montanhoso_Litoraneo
Z_0566_NOR,-2.16983,-59.42816,2023-12-02 00:00:00,257.5,32.7,71.1,3329.5,96.0,18.1,54.2,arenoso,area_umida,media,0,inundação,0,BAIXO,12,verao,Norte_Amazonia
Z_0567_SUD,-24.83435,-45.40025,2024-08-07 00:00:00,130.4,32.5,35.58557363098517,90.3,2456.5,25.2,19.9,organico,rural,alta,0,deslizamento,0,BAIXO,8,inverno,Sudeste_Montanhoso_Litoraneo
Z_0568_CEN,-11.95521,-51.32361,2023-04-29 00:00:00,198.1,31.2,60.7,183.0,1171.4,4.8,16.0,arenoso,area_umida,media,0,inundação,0,MÉDIO,4,outono,CentroOeste_Cerrado_Pantanal
Z_0569_NOR,-9.70562,-48.74945,2023-02-16 00:00:00,235.0,37.9,70.6,166.6,416.3,0.6,74.9,argiloso,area_umida,baixa,0,inundação,0,BAIXO,2,verao,Norte_Amazonia
Z_0570_NOR,-9.1691,-72.60995,2024-10-28 00:00:00,315.4,22.1,96.6,1404.3,1.8,8.4,5.0,arenoso,urbano,media,0,inundação,0,MÉDIO,10,primavera,Norte_Amazonia
Z_0571_NOR,-17.88791,-37.94846,2023-09-07 00:00:00,92.5,34.7,68.2,93.6,597.6,7.9,5.1,rochoso,pastagem,baixa,0,nenhum,0,MUITO BAIXO,9,primavera,Nordeste_Sertao
Z_0572_SUL,-26.01315,-55.1392,2023-09-27 00:00:00,219.2,31.6,65.6,1293.6,955.1,2.9,16.0,argiloso,urbano,alta,0,seca,0,BAIXO,9,primavera,Sul_Campos_Planalto
Z_0573_SUL,-26.70482,-48.02489,2024-12-10 00:00:00,196.2,25.3,85.4,4782.8,467.7,13.1,7.1,arenoso_argiloso,rural,media,0,nenhum,0,MUITO BAIXO,12,verao,Sul_Campos_Planalto
Z_0574_CEN,-8.93798,-59.06941,2024-12-20 00:00:00,97.3,34.4,73.7,262.8,752.6,10.9,22.5,latossolo,area_umida,baixa,0,seca,0,BAIXO,12,verao,CentroOeste_Cerrado_Pantanal
Z_0575_SUD,-19.73929,-46.47749,2023-05-27 00:00:00,329.5,25.7,58.6,256.2,2751.1,57.4,5.9,argiloso,urbano,alta,0,deslizamento,0,BAIXO,5,outono,Sudeste_Montanhoso_Litoraneo
Z_0576_NOR,-9.94422,-49.13167,2023-03-06 00:00:00,160.7,34.5,73.7,3558.2,348.0,15.2,71.3,arenoso,rural,baixa,0,nenhum,0,MUITO BAIXO,3,outono,Norte_Amazonia
Z_0577_SUL,-31.02577,-55.85645,2024-01-18 00:00:00,157.3,7.6,71.8,1006.0,929.7,33.2,10.2,argiloso,rural,baixa,0,deslizamento,1,MÉDIO,1,verao,Sul_Campos_Planalto
Z_0578_NOR,-17.91527,-42.87998,2024-07-29 00:00:00,11.5,21.4,24.71170723556777,19.3,658.2,28.3,23.9,rochoso,pastagem,alta,0,nenhum,0,MUITO BAIXO,7,inverno,Nordeste_Sertao
Z_0579_NOR,-16.8343,-44.97179,2024-09-18 00:00:00,72.4,22.8,40.6,79.4,975.6,6.4,4.4,arenoso,pastagem,baixa,0,incêndio,0,BAIXO,9,primavera,Nordeste_Sertao
Z_0580_SUD,-23.65509,-43.49624,2024-10-11 00:00:00,83.9,30.1,50.8,1737.0,1145.6,38.5,7.8,rochoso,urbano,alta,0,deslizamento,0,BAIXO,10,primavera,Sudeste_Montanhoso_Litoraneo
Z_0581_NOR,-3.32623,-52.18933,2023-08-30 00:00:00,224.0,35.7,86.3,541.3,486.4,8.7,35.6,arenoso,rural,baixa,0,inundação,0,BAIXO,8,inverno,Norte_Amazonia
Z_0582_NOR,-15.98769,-42.81376,2024-12-21 00:00:00,47.1,40.3,42.2,31.2,641.3,8.5,22.4,rochoso,pastagem,baixa,0,incêndio,0,BAIXO,12,verao,Nordeste_Sertao
Z_0583_NOR,-4.91051,-55.85007,2023-03-20 00:00:00,235.4,31.6,92.0,2738.8,128.1,13.9,43.3,argiloso,urbano,alta,0,nenhum,0,MUITO BAIXO,3,outono,Norte_Amazonia
Z_0584_CEN,-19.81546,-59.94662,2024-02-18 00:00:00,192.7,31.8,73.7,299.8,232.8,23.6,4.5,arenoso,floresta,baixa,0,inundação,0,BAIXO,2,verao,CentroOeste_Cerrado_Pantanal
Z_0585_SUL,-23.54086,-50.2018,2023-05-11 00:00:00,97.9,28.8,55.2,364.3,948.7,3.6,21.2,arenoso_argiloso,urbano,alta,0,seca,0,BAIXO,5,outono,Sul_Campos_Planalto
Z_0586_NOR,-8.78673,-43.15025,2024-01-13 00:00:00,59.1,38.3,28.6,223.2,484.4,12.1,18.7,arenoso,pastagem,media,0,nenhum,0,MUITO BAIXO,1,verao,Nordeste_Sertao
Z_0587_SUD,-23.29913,-43.40494,2024-07-04 00:00:00,201.4,29.5,39.33026048061012,2193.6,265.7,38.2,0.2,organico,urbano,media,0,deslizamento,1,ALTO,7,inverno,Sudeste_Montanhoso_Litoraneo
Z_0588_NOR,-3.78136,-62.4068,2023-11-08 00:00:00,158.7,29.2,88.5,3217.9,281.0,6.7,32.2,arenoso,urbano,alta,0,nenhum,0,MUITO BAIXO,11,primavera,Norte_Amazonia
Z_0589_CEN,-18.53639,-56.6871,2023-01-02 00:00:00,155.4,25.4,69.3,463.5,1068.3,5.6,16.8,arenoso,floresta,baixa,0,inundação,0,BAIXO,1,verao,CentroOeste_Cerrado_Pantanal
Z_0590_SUD,-22.08234,-40.03457,2024-07-13 00:00:00,344.2,29.6,50.73781130585997,3448.8,2327.4,26.6,17.6,rochoso,urbano,alta,0,inundação,0,BAIXO,7,inverno,Sudeste_Montanhoso_Litoraneo
Z_0591_SUL,-28.23498,-57.67111,2023-05-26 00:00:00,218.5,12.2,57.6,4792.1,1375.7,30.2,24.8,organico,floresta,baixa,0,deslizamento,0,MÉDIO,5,outono,Sul_Campos_Planalto
Z_0592_NOR,-0.6159,-67.90843,2024-11-04 00:00:00,212.4,30.9,75.9,1216.4,130.7,12.2,16.8,organico,urbano,alta,0,vendaval,1,MÉDIO,11,primavera,Norte_Amazonia
Z_0593_SUD,-18.63601,-49.17169,2023-12-04 00:00:00,108.0,25.2,53.1,1203.6,53.7,34.6,16.4,rochoso,rural,media,0,vendaval,0,BAIXO,12,verao,Sudeste_Montanhoso_Litoraneo
Z_0594_SUD,-23.29272,-46.93009,2023-03-15 00:00:00,155.4,33.7,75.5,498.4,1285.0,29.9,25.9,argiloso,urbano,alta,0,deslizamento,1,MÉDIO,3,outono,Sudeste_Montanhoso_Litoraneo
Z_0595_NOR,-4.18622,-59.7684,2024-02-11 00:00:00,379.8,27.5,93.4,3810.3,287.7,11.6,14.5,argiloso,rural,baixa,0,nenhum,0,MUITO BAIXO,2,verao,Norte_Amazonia
Z_0596_SUD,-18.59497,-39.26889,2024-06-03 00:00:00,192.4,32.6,52.908603839071674,856.5,230.7,33.6,8.1,organico,urbano,alta,0,deslizamento,0,MÉDIO,6,inverno,Sudeste_Montanhoso_Litoraneo
Z_0597_SUL,-23.04225,-50.57383,2024-04-02 00:00:00,222.8,7.0,89.1,1677.6,189.7,30.3,7.3,arenoso_argiloso,pastagem,baixa,0,nenhum,0,MUITO BAIXO,4,outono,Sul_Campos_Planalto
Z_0598_CEN,-19.4705,-53.61743,2024-11-17 00:00:00,140.3,36.1,49.2,205.1,1069.6,5.4,10.3,arenoso,floresta,baixa,0,nenhum,0,MUITO BAIXO,11,primavera,CentroOeste_Cerrado_Pantanal
Z_0599_NOR,-13.13944,-41.57056,2023-01-13 00:00:00,27.8,26.2,24.5,393.2,390.9,16.6,28.2,argiloso_seco,rural,baixa,0,nenhum,0,MUITO BAIXO,1,verao,Nordeste_Sertao
Z_0600_NOR,-2.13599,-63.6466,2024-06-08 00:00:00,407.2,27.8,80.3,4834.6,201.7,3.4,77.7,argiloso,rural,baixa,0,nenhum,0,MUITO BAIXO,6,inverno,Norte_Amazonia
Z_0601_NOR,1.95188,-59.24322,2023-01-24 00:00:00,152.1,30.9,71.2,47.5,492.6,8.2,6.4,argiloso,urbano,alta,0,inundação,0,BAIXO,1,verao,Norte_Amazonia
Z_0602_SUL,-24.75656,-50.66937,2023-05-10 00:00:00,158.0,6.3,69.8,3283.0,654.4,13.8,2.8,argiloso,floresta,media,0,inundação,0,BAIXO,5,outono,Sul_Campos_Planalto
Z_0603_NOR,2.64797,-54.43564,2024-12-10 00:00:00,278.6,24.5,88.4,472.9,494.4,7.1,10.4,organico,urbano,alta,0,inundação,0,BAIXO,12,verao,Norte_Amazonia
Z_0604_NOR,-2.78787,-56.71632,2024-04-19 00:00:00,160.1,34.5,72.4,1060.0,494.8,6.2,9.7,arenoso,floresta,media,1,vendaval,1,MÉDIO,4,outono,Norte_Amazonia
Z_0605_CEN,-16.63185,-54.71736,2023-11-04 00:00:00,123.4,32.9,64.8,185.1,564.2,12.7,17.4,latossolo,pastagem,media,0,incêndio,0,BAIXO,11,primavera,CentroOeste_Cerrado_Pantanal
Z_0606_NOR,-15.74918,-45.06879,2023-10-23 00:00:00,65.9,34.6,24.2,216.3,436.7,27.9,19.5,rochoso,pastagem,alta,0,nenhum,0,MUITO BAIXO,10,primavera,Nordeste_Sertao
Z_0607_CEN,-12.53373,-55.30947,2024-08-11 00:00:00,39.3,30.8,43.97821540014418,284.3,1141.9,24.1,19.9,argiloso,rural,baixa,0,nenhum,0,MUITO BAIXO,8,inverno,CentroOeste_Cerrado_Pantanal
Z_0608_NOR,-12.47719,-41.48685,2023-05-31 00:00:00,97.9,41.7,22.5,237.6,674.3,13.7,15.6,rochoso,pastagem,alta,0,nenhum,0,MUITO BAIXO,5,outono,Nordeste_Sertao
Z_0609_NOR,-8.83243,-53.426,2023-10-28 00:00:00,355.9,33.6,98.2,3422.2,106.3,8.0,68.6,organico,floresta,baixa,1,nenhum,0,MUITO BAIXO,10,primavera,Norte_Amazonia
Z_0610_NOR,3.31207,-68.98461,2024-03-21 00:00:00,173.8,34.0,92.0,1346.7,499.0,9.9,48.0,organico,area_umida,media,0,incêndio,0,BAIXO,3,outono,Norte_Amazonia
Z_0611_CEN,-20.27454,-55.77789,2023-01-25 00:00:00,75.4,26.6,78.9,62.8,1189.4,2.5,0.2,arenoso,area_umida,alta,0,nenhum,0,MUITO BAIXO,1,verao,CentroOeste_Cerrado_Pantanal
Z_0612_NOR,-8.5934,-38.6219,2023-02-15 00:00:00,65.1,30.1,41.5,94.6,720.3,15.2,21.4,arenoso,rural,alta,0,seca,0,BAIXO,2,verao,Nordeste_Sertao
Z_0613_CEN,-5.55084,-55.34907,2024-08-27 00:00:00,12.2,19.5,49.9255080593114,72.5,927.8,13.3,5.3,arenoso,pastagem,baixa,0,inundação,0,BAIXO,8,inverno,CentroOeste_Cerrado_Pantanal
Z_0614_CEN,-12.6265,-48.97445,2023-06-20 00:00:00,16.4,28.9,49.35396156629147,333.5,307.1,8.6,4.9,arenoso,pastagem,media,0,inundação,0,BAIXO,6,inverno,CentroOeste_Cerrado_Pantanal
Z_0615_NOR,-0.56795,-60.63315,2023-01-09 00:00:00,152.1,24.7,75.7,534.3,350.7,9.3,61.4,organico,rural,baixa,0,nenhum,0,MUITO BAIXO,1,verao,Norte_Amazonia
Z_0616_CEN,-19.69254,-56.40824,2023-05-27 00:00:00,85.4,37.8,60.4,128.5,577.8,4.7,4.3,argiloso,pastagem,alta,0,seca,0,BAIXO,5,outono,CentroOeste_Cerrado_Pantanal
Z_0617_NOR,-2.82386,-41.35237,2023-08-02 00:00:00,6.3,36.1,36.27750270307047,345.8,680.4,1.9,4.8,rochoso,rural,media,0,incêndio,0,MÉDIO,8,inverno,Nordeste_Sertao
Z_0618_NOR,-2.52816,-43.71146,2023-02-13 00:00:00,75.6,35.3,61.4,395.5,408.1,0.1,27.0,arenoso,rural,baixa,0,nenhum,0,MUITO BAIXO,2,verao,Nordeste_Sertao
Z_0619_SUL,-26.55819,-48.48297,2023-10-19 00:00:00,238.9,18.7,81.9,801.5,777.5,28.0,28.6,argiloso,rural,alta,0,deslizamento,0,MÉDIO,10,primavera,Sul_Campos_Planalto
Z_0620_NOR,-17.75564,-45.14267,2023-01-11 00:00:00,85.3,33.9,38.0,437.1,549.6,5.9,21.0,arenoso,rural,baixa,0,nenhum,0,MUITO BAIXO,1,verao,Nordeste_Sertao
Z_0621_SUD,-24.69274,-44.6874,2023-03-21 00:00:00,167.5,20.8,51.1,4764.9,1754.7,39.9,6.9,argiloso,floresta,baixa,0,deslizamento,0,MÉDIO,3,outono,Sudeste_Montanhoso_Litoraneo
Z_0622_NOR,-3.4419,-60.33662,2024-11-05 00:00:00,221.8,23.3,74.6,2116.2,144.7,13.9,23.8,arenoso,floresta,baixa,0,nenhum,0,MUITO BAIXO,11,primavera,Norte_Amazonia
Z_0623_NOR,-3.92719,-40.75052,2024-03-06 00:00:00,78.9,31.9,32.3,218.4,320.1,2.1,8.0,argiloso_seco,pastagem,baixa,0,incêndio,0,BAIXO,3,outono,Nordeste_Sertao
Z_0624_SUD,-24.40205,-42.51121,2024-06-29 00:00:00,138.2,34.1,70.69584916476533,4701.6,59.3,30.3,25.5,rochoso,pastagem,baixa,0,vendaval,1,BAIXO,6,inverno,Sudeste_Montanhoso_Litoraneo
Z_0625_SUL,-32.25044,-53.33515,2023-01-02 00:00:00,166.5,30.2,42.8,2067.7,138.0,31.2,22.3,argiloso,urbano,alta,0,deslizamento,0,BAIXO,1,verao,Sul_Campos_Planalto
Z_0626_NOR,-3.41795,-65.06945,2023-01-12 00:00:00,403.4,35.7,72.5,2638.3,468.1,14.2,12.3,organico,area_umida,media,1,inundação,0,MÉDIO,1,verao,Norte_Amazonia
Z_0627_NOR,3.70432,-65.52707,2023-07-21 00:00:00,358.4,23.0,94.1,1100.2,468.8,13.1,57.2,arenoso,floresta,baixa,0,nenhum,0,MUITO BAIXO,7,inverno,Norte_Amazonia
Z_0628_NOR,-4.45462,-57.97026,2024-01-09 00:00:00,384.2,23.2,73.7,3895.9,99.4,15.5,64.3,argiloso,rural,baixa,0,vendaval,0,BAIXO,1,verao,Norte_Amazonia
Z_0629_SUD,-18.73944,-45.1692,2023-07-29 00:00:00,249.4,31.1,67.90481818011368,4951.4,1894.6,35.3,0.7,rochoso,pastagem,baixa,0,vendaval,0,BAIXO,7,inverno,Sudeste_Montanhoso_Litoraneo
Z_0630_SUD,-19.54546,-41.67179,2024-07-02 00:00:00,214.6,19.9,27.507164981819656,2331.0,2226.0,40.1,22.8,argiloso,pastagem,alta,0,deslizamento,1,ALTO,7,inverno,Sudeste_Montanhoso_Litoraneo
Z_0631_SUL,-22.54046,-48.75847,2023-06-17 00:00:00,122.1,24.4,55.41066310624106,3934.1,688.0,1.0,0.8,arenoso_argiloso,urbano,media,0,vendaval,0,BAIXO,6,inverno,Sul_Campos_Planalto
Z_0632_NOR,-8.15058,-58.44094,2023-04-25 00:00:00,329.3,37.4,95.8,1567.9,253.8,18.0,28.8,arenoso,rural,baixa,0,inundação,0,BAIXO,4,outono,Norte_Amazonia
Z_0633_NOR,-8.72681,-51.21186,2023-02-24 00:00:00,306.1,24.8,90.0,2839.9,127.2,12.0,32.2,organico,floresta,baixa,0,incêndio,0,BAIXO,2,verao,Norte_Amazonia
Z_0634_NOR,4.43881,-59.34885,2024-08-20 00:00:00,227.8,25.6,72.2,4625.6,278.2,18.8,6.1,organico,floresta,media,0,nenhum,0,MUITO BAIXO,8,inverno,Norte_Amazonia
Z_0635_SUD,-23.81079,-40.32212,2024-09-12 00:00:00,217.8,19.5,84.6,89.1,1652.1,33.9,5.7,argiloso,floresta,baixa,0,deslizamento,0,BAIXO,9,primavera,Sudeste_Montanhoso_Litoraneo
Z_0636_CEN,-15.223,-57.71639,2024-12-28 00:00:00,130.2,35.7,66.8,201.9,468.4,20.1,15.9,argiloso,floresta,baixa,0,nenhum,0,MUITO BAIXO,12,verao,CentroOeste_Cerrado_Pantanal
Z_0637_CEN,-20.59364,-51.56695,2024-12-16 00:00:00,165.9,36.2,63.1,205.3,252.8,8.9,5.7,arenoso,pastagem,baixa,0,inundação,0,BAIXO,12,verao,CentroOeste_Cerrado_Pantanal
Z_0638_NOR,-8.64162,-51.10666,2023-01-20 00:00:00,225.8,27.9,79.4,3095.3,0.9,2.5,63.2,arenoso,rural,media,0,inundação,1,MÉDIO,1,verao,Norte_Amazonia
Z_0639_NOR,-11.05125,-45.16994,2024-02-27 00:00:00,33.4,40.7,59.5,259.7,799.4,3.4,2.9,arenoso,pastagem,baixa,0,seca,0,BAIXO,2,verao,Nordeste_Sertao
Z_0640_SUD,-24.7463,-44.85153,2023-04-29 00:00:00,281.4,21.4,82.4,3546.4,1271.7,19.2,27.7,organico,floresta,baixa,0,nenhum,0,MUITO BAIXO,4,outono,Sudeste_Montanhoso_Litoraneo
Z_0641_CEN,-20.3817,-49.58636,2023-09-09 00:00:00,93.5,28.3,35.9,174.8,1014.5,2.6,26.7,arenoso,pastagem,media,0,inundação,0,BAIXO,9,primavera,CentroOeste_Cerrado_Pantanal
Z_0642_SUD,-19.1981,-44.60318,2024-02-11 00:00:00,296.1,26.0,72.4,2178.2,2074.0,46.2,24.1,organico,floresta,baixa,0,deslizamento,1,ALTO,2,verao,Sudeste_Montanhoso_Litoraneo
Z_0643_SUL,-31.96665,-54.59722,2024-12-15 00:00:00,158.4,16.2,90.0,313.6,104.2,32.7,29.4,argiloso,rural,baixa,0,deslizamento,0,MÉDIO,12,verao,Sul_Campos_Planalto
Z_0644_CEN,-19.86782,-48.45597,2023-04-14 00:00:00,86.3,36.4,41.8,94.8,756.6,21.1,27.3,arenoso,rural,baixa,0,inundação,0,BAIXO,4,outono,CentroOeste_Cerrado_Pantanal
Z_0645_NOR,1.91886,-64.14487,2024-01-18 00:00:00,250.4,27.1,79.9,374.0,206.0,17.1,78.1,argiloso,area_umida,media,0,nenhum,0,MUITO BAIXO,1,verao,Norte_Amazonia
Z_0646_NOR,-7.59861,-73.57973,2024-04-15 00:00:00,439.0,24.0,97.8,1840.5,386.4,12.4,43.1,organico,floresta,media,0,nenhum,0,MUITO BAIXO,4,outono,Norte_Amazonia
Z_0647_SUD,-21.05304,-41.94738,2024-07-11 00:00:00,89.3,30.5,71.29557699751969,4952.7,418.5,23.7,19.4,rochoso,floresta,media,0,vendaval,0,BAIXO,7,inverno,Sudeste_Montanhoso_Litoraneo
Z_0648_NOR,1.47727,-69.39999,2023-09-20 00:00:00,187.1,31.0,90.8,2519.4,414.4,15.1,16.3,arenoso,floresta,baixa,0,nenhum,0,MUITO BAIXO,9,primavera,Norte_Amazonia
Z_0649_SUL,-23.04186,-50.36418,2024-09-20 00:00:00,213.0,19.5,67.5,236.1,1649.5,23.7,8.4,organico,pastagem,alta,0,inundação,0,BAIXO,9,primavera,Sul_Campos_Planalto
Z_0650_NOR,3.96387,-64.38152,2023-05-06 00:00:00,287.5,26.6,78.7,721.7,462.4,10.7,47.1,organico,rural,baixa,0,nenhum,0,MUITO BAIXO,5,outono,Norte_Amazonia
Z_0651_NOR,-13.53379,-42.35674,2023-01-15 00:00:00,26.4,27.6,68.5,355.4,954.3,25.7,17.1,rochoso,rural,media,0,seca,0,BAIXO,1,verao,Nordeste_Sertao
Z_0652_NOR,-7.10298,-65.78381,2024-01-19 00:00:00,257.6,29.4,76.8,4085.9,242.5,18.9,39.7,argiloso,urbano,media,0,inundação,0,BAIXO,1,verao,Norte_Amazonia
Z_0653_SUD,-21.61715,-46.66939,2023-09-24 00:00:00,145.7,34.4,73.7,3431.4,842.4,56.7,9.8,argiloso,rural,media,0,vendaval,0,BAIXO,9,primavera,Sudeste_Montanhoso_Litoraneo
Z_0654_NOR,-16.9602,-42.40019,2023-12-06 00:00:00,86.2,24.8,56.8,107.7,631.9,8.0,7.9,argiloso_seco,pastagem,baixa,0,seca,0,BAIXO,12,verao,Nordeste_Sertao
Z_0655_CEN,-18.18947,-48.57369,2024-03-05 00:00:00,152.9,35.2,63.6,50.9,788.3,21.3,14.6,latossolo,floresta,media,0,nenhum,0,MUITO BAIXO,3,outono,CentroOeste_Cerrado_Pantanal
Z_0656_SUD,-20.20898,-40.61696,2024-05-31 00:00:00,187.7,16.8,51.8,4728.0,794.5,32.7,6.0,organico,rural,media,0,deslizamento,0,MÉDIO,5,outono,Sudeste_Montanhoso_Litoraneo
Z_0657_SUD,-22.88809,-39.09095,2024-09-25 00:00:00,335.9,25.1,59.4,497.4,2224.6,36.2,15.1,rochoso,pastagem,alta,0,deslizamento,0,BAIXO,9,primavera,Sudeste_Montanhoso_Litoraneo
Z_0658_SUL,-24.82953,-51.85495,2023-07-26 00:00:00,201.2,21.4,17.083267205410447,3198.7,594.4,24.7,17.7,argiloso,pastagem,media,1,nenhum,0,MUITO BAIXO,7,inverno,Sul_Campos_Planalto
Z_0659_NOR,0.80358,-52.8898,2023-01-03 00:00:00,353.8,29.2,93.2,3729.9,295.2,15.1,63.6,argiloso,area_umida,baixa,0,nenhum,0,MUITO BAIXO,1,verao,Norte_Amazonia
Z_0660_NOR,-13.26572,-44.73439,2024-10-07 00:00:00,72.0,31.8,49.8,120.3,498.5,16.3,1.9,argiloso_seco,pastagem,alta,0,nenhum,0,MUITO BAIXO,10,primavera,Nordeste_Sertao
Z_0661_NOR,-17.97248,-38.88959,2023-03-21 00:00:00,93.5,29.5,54.9,147.5,845.6,23.0,0.8,rochoso,pastagem,baixa,0,incêndio,0,BAIXO,3,outono,Nordeste_Sertao
Z_0662_NOR,-5.72196,-70.41727,2024-12-19 00:00:00,320.8,27.9,85.5,1578.2,128.0,20.0,43.0,argiloso,floresta,baixa,0,vendaval,0,BAIXO,12,verao,Norte_Amazonia
Z_0663_SUL,-33.78429,-51.69372,2023-07-22 00:00:00,226.7,11.4,49.28393254458403,3443.0,1310.6,5.2,29.2,arenoso_argiloso,floresta,baixa,0,nenhum,0,MUITO BAIXO,7,inverno,Sul_Campos_Planalto
Z_0664_SUD,-22.58084,-42.975,2024-10-11 00:00:00,130.6,22.4,77.5,4027.6,1767.2,53.4,18.2,organico,pastagem,baixa,0,nenhum,0,MUITO BAIXO,10,primavera,Sudeste_Montanhoso_Litoraneo
Z_0665_SUD,-19.06964,-47.40342,2024-04-20 00:00:00,326.0,19.8,62.2,3875.0,2497.7,47.4,4.9,organico,rural,media,0,nenhum,0,MUITO BAIXO,4,outono,Sudeste_Montanhoso_Litoraneo
Z_0666_SUL,-23.09389,-48.69191,2024-10-24 00:00:00,222.6,11.2,80.2,4366.3,1756.0,37.5,5.6,argiloso,rural,media,0,deslizamento,1,ALTO,10,primavera,Sul_Campos_Planalto
Z_0667_NOR,-16.70552,-42.45333,2023-10-10 00:00:00,35.4,32.2,45.5,125.8,412.6,20.7,2.7,rochoso,pastagem,alta,0,seca,0,BAIXO,10,primavera,Nordeste_Sertao
Z_0668_NOR,-14.58343,-39.89013,2023-05-19 00:00:00,66.1,28.0,51.2,33.4,521.7,9.1,0.6,rochoso,pastagem,alta,0,seca,0,BAIXO,5,outono,Nordeste_Sertao
Z_0669_NOR,3.18242,-71.80232,2023-07-05 00:00:00,378.5,22.6,90.2,2461.8,145.4,17.9,43.1,organico,urbano,alta,0,nenhum,0,MUITO BAIXO,7,inverno,Norte_Amazonia
Z_0670_NOR,-7.76267,-55.5261,2024-09-17 00:00:00,161.7,24.4,96.0,1132.9,371.0,9.8,76.8,arenoso,floresta,media,0,vendaval,0,BAIXO,9,primavera,Norte_Amazonia
Z_0671_CEN,-9.55741,-57.06222,2023-12-21 00:00:00,106.9,19.8,75.8,225.6,372.4,9.5,14.3,argiloso,pastagem,alta,0,inundação,0,BAIXO,12,verao,CentroOeste_Cerrado_Pantanal
Z_0672_NOR,-5.83131,-67.28706,2023-04-09 00:00:00,204.9,31.9,93.6,4204.9,414.0,18.4,9.9,organico,urbano,alta,0,incêndio,0,BAIXO,4,outono,Norte_Amazonia
Z_0673_SUL,-26.34524,-57.1135,2024-07-15 00:00:00,147.0,29.2,61.9353793154789,758.8,1294.4,34.2,18.6,organico,pastagem,baixa,1,vendaval,1,MÉDIO,7,inverno,Sul_Campos_Planalto
Z_0674_NOR,-4.77499,-45.76127,2023-07-23 00:00:00,7.9,38.9,18.058268977521394,331.5,164.5,12.7,21.9,argiloso_seco,rural,baixa,0,incêndio,1,ALTO,7,inverno,Nordeste_Sertao
Z_0675_NOR,0.10435,-51.9637,2023-04-29 00:00:00,197.6,36.8,78.7,3682.4,42.3,2.4,46.2,argiloso,rural,media,0,inundação,1,MÉDIO,4,outono,Norte_Amazonia
Z_0676_SUL,-24.76717,-55.72856,2024-01-21 00:00:00,204.9,12.0,57.6,1136.9,1088.4,39.6,16.3,arenoso_argiloso,pastagem,media,0,nenhum,0,MUITO BAIXO,1,verao,Sul_Campos_Planalto
Z_0677_SUD,-20.96547,-41.90577,2024-07-12 00:00:00,98.2,27.2,37.7934733029504,120.5,1079.6,7.4,24.3,organico,rural,alta,0,deslizamento,0,BAIXO,7,inverno,Sudeste_Montanhoso_Litoraneo
Z_0678_NOR,-8.11846,-40.75921,2023-08-10 00:00:00,5.7,29.9,10.0,234.2,706.4,20.8,29.6,arenoso,pastagem,baixa,0,nenhum,0,MUITO BAIXO,8,inverno,Nordeste_Sertao
Z_0679_NOR,2.1089,-67.78302,2023-11-18 00:00:00,213.3,27.7,99.1,3328.4,308.4,12.4,66.5,argiloso,floresta,media,0,nenhum,0,MUITO BAIXO,11,primavera,Norte_Amazonia
Z_0680_NOR,-7.80297,-69.50273,2023-04-13 00:00:00,249.9,28.6,81.1,3287.7,437.3,15.4,72.4,organico,rural,baixa,0,inundação,0,BAIXO,4,outono,Norte_Amazonia
Z_0681_SUD,-18.45258,-47.93978,2023-06-02 00:00:00,226.7,17.9,24.228397716955616,1091.6,1514.3,40.6,13.8,rochoso,rural,baixa,0,nenhum,0,MUITO BAIXO,6,inverno,Sudeste_Montanhoso_Litoraneo
Z_0682_NOR,1.49407,-72.43339,2024-07-12 00:00:00,427.3,34.2,99.0,3019.6,433.4,13.9,17.7,argiloso,urbano,media,0,incêndio,0,BAIXO,7,inverno,Norte_Amazonia
Z_0683_NOR,-12.1565,-37.87901,2024-10-18 00:00:00,10.2,25.3,33.8,73.6,925.9,12.0,13.2,rochoso,rural,media,0,nenhum,0,MUITO BAIXO,10,primavera,Nordeste_Sertao
Z_0684_NOR,-1.13245,-68.53017,2023-02-24 00:00:00,402.0,22.8,71.8,3075.2,419.2,7.2,7.5,arenoso,urbano,media,0,incêndio,0,BAIXO,2,verao,Norte_Amazonia
Z_0685_SUD,-20.55528,-41.79903,2023-08-06 00:00:00,89.2,28.2,40.78399775050427,3215.9,2680.9,18.7,4.0,rochoso,floresta,baixa,0,nenhum,0,MUITO BAIXO,8,inverno,Sudeste_Montanhoso_Litoraneo
Z_0686_NOR,-5.24485,-53.57198,2023-08-10 00:00:00,174.8,31.1,79.6,2627.8,207.2,14.3,1.9,organico,area_umida,media,1,inundação,0,BAIXO,8,inverno,Norte_Amazonia
Z_0687_SUD,-24.1278,-40.15871,2024-02-04 00:00:00,120.7,15.4,91.7,3090.9,2072.4,14.7,11.2,organico,rural,baixa,0,nenhum,0,MUITO BAIXO,2,verao,Sudeste_Montanhoso_Litoraneo
Z_0688_CEN,-22.04695,-49.45406,2023-03-17 00:00:00,104.3,29.5,47.2,241.4,1051.0,16.9,14.3,argiloso,area_umida,baixa,0,nenhum,0,MUITO BAIXO,3,outono,CentroOeste_Cerrado_Pantanal
Z_0689_SUL,-31.70187,-54.34428,2024-02-04 00:00:00,80.7,28.3,86.6,1156.1,564.8,32.9,2.1,organico,rural,baixa,0,nenhum,0,MUITO BAIXO,2,verao,Sul_Campos_Planalto
Z_0690_NOR,-10.63609,-37.30289,2024-03-11 00:00:00,98.4,41.1,42.9,198.6,787.8,14.4,12.9,arenoso,pastagem,alta,0,incêndio,0,BAIXO,3,outono,Nordeste_Sertao
Z_0691_SUD,-21.73829,-40.87872,2024-08-10 00:00:00,118.6,18.4,75.27079572729038,1430.5,2047.4,11.0,5.5,rochoso,pastagem,alta,0,nenhum,0,MUITO BAIXO,8,inverno,Sudeste_Montanhoso_Litoraneo
Z_0692_SUD,-20.04276,-43.07437,2023-07-18 00:00:00,256.2,26.8,65.67743714773704,4062.2,2377.7,56.8,29.5,rochoso,floresta,media,0,nenhum,0,MUITO BAIXO,7,inverno,Sudeste_Montanhoso_Litoraneo
Z_0693_NOR,-7.65479,-43.72348,2023-06-23 00:00:00,2.3,40.0,17.429045128564326,495.6,903.7,26.4,6.1,argiloso_seco,rural,alta,0,incêndio,0,BAIXO,6,inverno,Nordeste_Sertao
Z_0694_NOR,-0.14337,-52.93603,2024-10-21 00:00:00,443.9,33.1,81.8,608.0,352.7,13.8,16.6,arenoso,rural,baixa,0,vendaval,0,MÉDIO,10,primavera,Norte_Amazonia
Z_0695_SUD,-22.55465,-43.30766,2023-10-12 00:00:00,268.2,18.0,50.8,241.7,848.4,16.2,28.7,organico,floresta,media,0,vendaval,0,BAIXO,10,primavera,Sudeste_Montanhoso_Litoraneo
Z_0696_CEN,-11.13254,-53.87553,2024-04-28 00:00:00,194.0,33.3,46.2,168.5,1096.8,12.3,9.2,arenoso,rural,baixa,0,nenhum,0,MUITO BAIXO,4,outono,CentroOeste_Cerrado_Pantanal
Z_0697_CEN,-21.60981,-58.70298,2023-03-22 00:00:00,137.9,37.2,80.9,388.1,1170.3,19.9,28.7,latossolo,floresta,baixa,0,seca,0,BAIXO,3,outono,CentroOeste_Cerrado_Pantanal
Z_0698_NOR,4.59151,-62.90938,2023-05-01 00:00:00,210.1,24.0,75.1,3944.0,45.3,4.0,32.1,arenoso,rural,media,0,inundação,1,MÉDIO,5,outono,Norte_Amazonia
Z_0699_SUD,-22.09512,-47.44842,2023-09-22 00:00:00,199.4,33.0,90.0,2211.2,2042.2,11.7,1.6,organico,pastagem,baixa,0,inundação,0,MÉDIO,9,primavera,Sudeste_Montanhoso_Litoraneo
Z_0700_CEN,-19.72334,-49.79762,2023-11-08 00:00:00,107.0,30.2,57.1,209.7,968.2,13.0,10.9,arenoso,pastagem,baixa,0,nenhum,0,MUITO BAIXO,11,primavera,CentroOeste_Cerrado_Pantanal
Z_0701_CEN,-5.15038,-57.84914,2024-04-01 00:00:00,89.4,36.4,68.5,227.8,857.9,16.2,11.2,latossolo,rural,alta,0,nenhum,0,MUITO BAIXO,4,outono,CentroOeste_Cerrado_Pantanal
Z_0702_NOR,-5.22907,-65.11299,2023-12-11 00:00:00,317.9,33.2,98.3,237.3,479.2,19.0,61.2,organico,floresta,baixa,0,incêndio,0,BAIXO,12,verao,Norte_Amazonia
Z_0703_NOR,-9.29853,-44.93369,2024-03-14 00:00:00,62.3,21.0,58.4,449.0,459.5,13.4,19.9,arenoso,rural,alta,0,seca,0,BAIXO,3,outono,Nordeste_Sertao
Z_0704_CEN,-20.09783,-52.85023,2024-07-16 00:00:00,1.0,36.2,10.290427898151911,181.7,64.1,19.8,1.0,latossolo,floresta,media,0,incêndio,0,BAIXO,7,inverno,CentroOeste_Cerrado_Pantanal
Z_0705_NOR,-3.43375,-68.11139,2024-09-30 00:00:00,353.7,32.5,95.6,4881.7,338.0,8.8,32.4,arenoso,rural,baixa,0,inundação,0,BAIXO,9,primavera,Norte_Amazonia
Z_0706_SUL,-24.11509,-48.57096,2023-10-03 00:00:00,164.9,11.4,53.9,2525.2,924.5,29.3,19.8,arenoso_argiloso,urbano,alta,0,nenhum,0,MUITO BAIXO,10,primavera,Sul_Campos_Planalto
Z_0707_NOR,1.07394,-68.65747,2024-10-24 00:00:00,366.8,32.9,72.8,3949.7,163.9,12.5,24.6,arenoso,area_umida,baixa,0,inundação,0,MÉDIO,10,primavera,Norte_Amazonia
Z_0708_CEN,-15.29018,-51.5636,2024-10-04 00:00:00,93.8,24.1,46.5,446.6,812.6,13.1,8.0,arenoso,rural,alta,0,nenhum,0,MUITO BAIXO,10,primavera,CentroOeste_Cerrado_Pantanal
Z_0709_NOR,-9.36089,-43.26665,2024-04-17 00:00:00,92.1,23.8,32.1,10.1,413.0,1.9,15.0,argiloso_seco,pastagem,baixa,0,nenhum,0,MUITO BAIXO,4,outono,Nordeste_Sertao
Z_0710_CEN,-20.48522,-58.22434,2023-07-08 00:00:00,4.5,21.0,18.909534713702833,183.1,794.7,16.5,24.3,arenoso,floresta,media,1,seca,0,BAIXO,7,inverno,CentroOeste_Cerrado_Pantanal
Z_0711_NOR,-8.31348,-42.35391,2023-03-14 00:00:00,49.7,30.2,58.6,209.9,865.9,6.2,23.4,argiloso_seco,rural,baixa,2,incêndio,0,BAIXO,3,outono,Nordeste_Sertao
Z_0712_NOR,-5.64177,-55.14557,2023-09-28 00:00:00,401.1,33.1,77.9,3533.9,62.7,1.9,10.9,arenoso,area_umida,media,0,inundação,0,MÉDIO,9,primavera,Norte_Amazonia
Z_0713_SUD,-18.1455,-41.08813,2023-02-12 00:00:00,113.3,19.6,58.5,4281.7,835.9,36.2,6.3,organico,urbano,alta,1,vendaval,0,BAIXO,2,verao,Sudeste_Montanhoso_Litoraneo
Z_0714_CEN,-19.23587,-56.26193,2023-12-20 00:00:00,148.3,23.5,74.9,10.1,175.1,13.7,18.6,arenoso,floresta,baixa,0,seca,0,BAIXO,12,verao,CentroOeste_Cerrado_Pantanal
Z_0715_SUD,-20.81682,-47.31814,2024-09-07 00:00:00,317.2,15.6,88.5,4180.6,980.7,45.7,16.6,rochoso,rural,baixa,0,nenhum,0,MUITO BAIXO,9,primavera,Sudeste_Montanhoso_Litoraneo
Z_0716_SUL,-31.25677,-54.90356,2023-04-07 00:00:00,181.3,7.4,60.6,3998.3,351.0,31.3,8.0,arenoso_argiloso,floresta,baixa,0,nenhum,0,MUITO BAIXO,4,outono,Sul_Campos_Planalto
Z_0717_NOR,3.954,-55.68784,2024-05-29 00:00:00,318.7,30.8,70.4,4188.7,304.5,4.7,23.3,organico,rural,media,0,nenhum,0,MUITO BAIXO,5,outono,Norte_Amazonia
Z_0718_NOR,-6.17001,-44.76026,2024-01-29 00:00:00,96.9,36.4,37.1,413.1,680.2,5.9,10.5,argiloso_seco,rural,baixa,0,incêndio,0,BAIXO,1,verao,Nordeste_Sertao
Z_0719_SUD,-19.16904,-43.10981,2024-05-09 00:00:00,260.3,20.3,55.4,2106.5,1247.0,51.1,29.7,rochoso,pastagem,alta,1,nenhum,0,MUITO BAIXO,5,outono,Sudeste_Montanhoso_Litoraneo
Z_0720_CEN,-5.59135,-46.69675,2024-08-22 00:00:00,11.2,37.0,32.4280894532331,263.1,240.7,18.7,25.1,argiloso,floresta,baixa,1,incêndio,1,MÉDIO,8,inverno,CentroOeste_Cerrado_Pantanal
Z_0721_SUD,-22.46029,-43.85057,2023-09-18 00:00:00,107.4,25.9,88.7,3677.1,2265.6,28.5,30.0,organico,urbano,alta,0,deslizamento,0,BAIXO,9,primavera,Sudeste_Montanhoso_Litoraneo
Z_0722_SUD,-22.04304,-48.65515,2024-03-29 00:00:00,88.6,34.5,76.2,2913.2,2425.9,26.0,14.2,organico,rural,alta,0,deslizamento,0,BAIXO,3,outono,Sudeste_Montanhoso_Litoraneo
Z_0723_NOR,-15.75557,-40.18247,2023-04-27 00:00:00,85.4,41.6,25.4,138.3,499.2,14.5,23.8,rochoso,rural,media,1,seca,0,BAIXO,4,outono,Nordeste_Sertao
Z_0724_NOR,-6.45642,-44.44548,2023-02-21 00:00:00,30.3,35.6,38.7,478.8,940.4,10.5,10.2,arenoso,pastagem,media,0,incêndio,0,BAIXO,2,verao,Nordeste_Sertao
Z_0725_CEN,-20.78054,-56.29008,2024-05-13 00:00:00,170.5,29.2,77.0,141.8,1117.3,14.2,0.9,arenoso,rural,baixa,0,nenhum,0,MUITO BAIXO,5,outono,CentroOeste_Cerrado_Pantanal
Z_0726_NOR,-3.9997,-65.8685,2024-11-04 00:00:00,379.9,37.3,73.2,4772.3,30.6,16.9,66.5,arenoso,area_umida,media,0,nenhum,0,MUITO BAIXO,11,primavera,Norte_Amazonia
Z_0727_NOR,-8.39193,-45.95389,2023-04-01 00:00:00,98.9,27.4,48.6,348.4,953.0,13.7,19.5,argiloso_seco,pastagem,baixa,0,nenhum,0,MUITO BAIXO,4,outono,Nordeste_Sertao
Z_0728_SUD,-21.64702,-46.38838,2023-01-28 00:00:00,140.1,15.9,93.5,3481.6,1676.8,42.7,22.4,organico,floresta,baixa,1,nenhum,0,MUITO BAIXO,1,verao,Sudeste_Montanhoso_Litoraneo
Z_0729_NOR,-3.87735,-44.05627,2023-09-20 00:00:00,46.5,40.8,24.2,86.0,971.8,19.8,15.3,arenoso,rural,baixa,0,seca,0,BAIXO,9,primavera,Nordeste_Sertao
Z_0730_NOR,-1.34295,-62.00241,2023-11-28 00:00:00,443.1,32.1,78.4,2185.4,464.1,14.5,31.5,argiloso,rural,media,0,vendaval,0,BAIXO,11,primavera,Norte_Amazonia
Z_0731_CEN,-20.94737,-57.87676,2023-07-21 00:00:00,20.6,23.6,10.0,415.7,584.8,14.4,28.2,latossolo,area_umida,baixa,0,nenhum,0,MUITO BAIXO,7,inverno,CentroOeste_Cerrado_Pantanal
Z_0732_NOR,-9.44078,-44.65348,2024-12-31 00:00:00,77.2,23.9,39.9,245.7,891.4,12.3,16.9,rochoso,pastagem,media,0,incêndio,0,BAIXO,12,verao,Nordeste_Sertao
Z_0733_SUD,-20.46215,-39.69583,2023-05-27 00:00:00,210.8,15.4,63.0,3783.8,1711.7,7.1,28.2,argiloso,rural,media,1,vendaval,0,BAIXO,5,outono,Sudeste_Montanhoso_Litoraneo
Z_0734_NOR,-7.43143,-63.96007,2023-09-03 00:00:00,192.9,36.8,81.4,2050.1,337.3,17.5,7.8,arenoso,urbano,alta,0,incêndio,0,BAIXO,9,primavera,Norte_Amazonia
Z_0735_NOR,-7.21744,-54.64055,2024-12-22 00:00:00,216.0,31.0,98.6,4669.7,61.7,7.0,33.0,argiloso,rural,baixa,0,inundação,0,MÉDIO,12,verao,Norte_Amazonia
Z_0736_NOR,-14.00265,-43.76445,2023-05-06 00:00:00,22.2,20.3,54.6,228.5,713.6,8.9,28.6,rochoso,rural,alta,0,incêndio,0,BAIXO,5,outono,Nordeste_Sertao
Z_0737_SUD,-22.45257,-43.6154,2023-10-02 00:00:00,160.2,25.4,74.9,2944.5,993.9,51.8,0.3,argiloso,floresta,media,0,deslizamento,0,MÉDIO,10,primavera,Sudeste_Montanhoso_Litoraneo
Z_0738_NOR,-9.75348,-68.18366,2024-03-05 00:00:00,259.3,37.3,81.7,2579.4,400.7,13.8,8.0,organico,area_umida,media,0,inundação,0,MÉDIO,3,outono,Norte_Amazonia
Z_0739_SUD,-23.07007,-46.8936,2023-12-11 00:00:00,324.7,18.2,89.0,4319.8,1091.9,22.0,5.8,organico,floresta,baixa,1,inundação,0,BAIXO,12,verao,Sudeste_Montanhoso_Litoraneo
Z_0740_SUD,-19.56688,-41.70675,2023-10-26 00:00:00,151.5,19.2,65.1,4670.0,360.5,26.4,29.2,argiloso,pastagem,alta,0,deslizamento,0,MÉDIO,10,primavera,Sudeste_Montanhoso_Litoraneo
Z_0741_NOR,1.32345,-59.9341,2024-03-20 00:00:00,256.5,26.2,85.1,2812.7,486.9,18.2,12.4,argiloso,rural,media,0,incêndio,0,BAIXO,3,outono,Norte_Amazonia
Z_0742_SUD,-23.55997,-41.22688,2023-09-01 00:00:00,91.8,24.3,87.4,4445.4,1653.1,48.1,10.3,organico,pastagem,media,0,nenhum,0,MUITO BAIXO,9,primavera,Sudeste_Montanhoso_Litoraneo
Z_0743_NOR,-5.22459,-41.58066,2023-06-26 00:00:00,4.4,40.4,14.0,66.4,460.7,18.8,22.4,rochoso,rural,baixa,0,seca,1,ALTO,6,inverno,Nordeste_Sertao
Z_0744_CEN,-21.49628,-45.46213,2023-01-24 00:00:00,70.8,23.0,79.6,220.8,192.1,20.1,10.4,argiloso,pastagem,baixa,0,seca,0,BAIXO,1,verao,CentroOeste_Cerrado_Pantanal
Z_0745_SUD,-21.82483,-40.62161,2024-03-12 00:00:00,86.8,16.3,73.3,1614.1,1635.7,34.0,4.3,argiloso,rural,baixa,0,nenhum,0,MUITO BAIXO,3,outono,Sudeste_Montanhoso_Litoraneo
Z_0746_NOR,-17.43942,-45.16404,2023-01-05 00:00:00,57.3,34.9,59.8,295.7,220.4,25.1,16.4,rochoso,pastagem,baixa,0,seca,0,BAIXO,1,verao,Nordeste_Sertao
Z_0747_SUL,-25.13324,-55.16784,2023-09-17 00:00:00,199.1,10.6,67.0,99.6,643.9,27.1,9.4,argiloso,floresta,baixa,0,deslizamento,1,MÉDIO,9,primavera,Sul_Campos_Planalto
Z_0748_SUD,-20.15403,-42.97544,2024-02-03 00:00:00,141.5,17.6,84.3,3126.6,1046.2,50.7,8.6,argiloso,urbano,alta,0,nenhum,0,MUITO BAIXO,2,verao,Sudeste_Montanhoso_Litoraneo
Z_0749_CEN,-22.98666,-56.8849,2024-12-26 00:00:00,126.9,20.4,37.1,130.4,687.0,14.3,8.4,arenoso,floresta,baixa,0,nenhum,0,MUITO BAIXO,12,verao,CentroOeste_Cerrado_Pantanal
Z_0750_NOR,-4.41605,-68.61176,2024-05-13 00:00:00,438.1,32.8,81.7,3674.3,342.6,13.4,58.9,organico,area_umida,media,1,inundação,0,MÉDIO,5,outono,Norte_Amazonia
Z_0751_NOR,-7.12745,-60.46258,2023-08-13 00:00:00,326.9,34.8,92.8,2572.4,302.7,16.7,36.5,organico,area_umida,baixa,0,vendaval,1,MÉDIO,8,inverno,Norte_Amazonia
Z_0752_SUL,-29.48398,-51.17838,2023-06-11 00:00:00,132.5,28.2,72.64396931134407,4510.5,229.3,29.6,0.7,organico,rural,baixa,0,seca,0,BAIXO,6,inverno,Sul_Campos_Planalto
Z_0753_NOR,4.16695,-55.4118,2024-06-06 00:00:00,268.9,28.5,92.5,881.5,435.4,1.1,47.3,argiloso,area_umida,baixa,0,inundação,0,MÉDIO,6,inverno,Norte_Amazonia
Z_0754_SUL,-30.76181,-48.51499,2023-08-27 00:00:00,75.9,14.9,60.242976170701,1842.7,1037.9,16.8,16.3,organico,urbano,alta,0,inundação,0,BAIXO,8,inverno,Sul_Campos_Planalto
Z_0755_NOR,-8.74972,-64.36746,2023-11-14 00:00:00,240.3,26.6,94.9,709.4,308.5,7.3,54.8,arenoso,urbano,media,0,vendaval,0,BAIXO,11,primavera,Norte_Amazonia
Z_0756_SUD,-18.52235,-45.84346,2024-05-15 00:00:00,140.3,16.9,92.2,4416.3,1122.7,30.4,25.9,organico,urbano,alta,0,vendaval,0,BAIXO,5,outono,Sudeste_Montanhoso_Litoraneo
Z_0757_NOR,-17.69406,-37.20671,2023-12-02 00:00:00,38.5,39.4,68.7,135.0,733.8,14.0,22.5,rochoso,rural,baixa,0,nenhum,0,MUITO BAIXO,12,verao,Nordeste_Sertao
Z_0758_CEN,-15.97496,-46.6563,2024-08-29 00:00:00,22.4,18.1,43.961113370271335,463.8,554.0,21.8,23.1,arenoso,pastagem,alta,0,nenhum,0,MUITO BAIXO,8,inverno,CentroOeste_Cerrado_Pantanal
Z_0759_NOR,-5.84885,-39.84572,2023-01-28 00:00:00,97.9,29.0,54.0,223.0,744.6,0.8,3.8,arenoso,pastagem,alta,0,incêndio,0,BAIXO,1,verao,Nordeste_Sertao
Z_0760_SUL,-25.24224,-55.69156,2023-01-21 00:00:00,130.1,12.1,71.8,591.7,587.0,36.2,6.0,organico,floresta,media,0,vendaval,0,BAIXO,1,verao,Sul_Campos_Planalto
Z_0761_SUD,-20.3133,-42.92469,2024-06-17 00:00:00,316.8,31.2,68.016324632789,4549.5,2557.0,49.4,14.7,rochoso,floresta,baixa,0,nenhum,0,MUITO BAIXO,6,inverno,Sudeste_Montanhoso_Litoraneo
Z_0762_SUD,-23.09928,-39.88056,2023-10-20 00:00:00,82.3,19.0,73.7,3697.4,1793.2,33.3,8.3,rochoso,urbano,alta,0,vendaval,0,BAIXO,10,primavera,Sudeste_Montanhoso_Litoraneo
Z_0763_SUL,-24.71273,-54.10021,2024-08-21 00:00:00,82.2,10.2,60.98840564618055,4059.1,683.2,29.8,1.3,arenoso_argiloso,urbano,media,0,nenhum,0,MUITO BAIXO,8,inverno,Sul_Campos_Planalto
Z_0764_NOR,-7.81007,-37.89609,2023-02-02 00:00:00,6.6,31.3,69.2,408.7,731.7,11.8,11.8,arenoso,rural,media,0,seca,0,BAIXO,2,verao,Nordeste_Sertao
Z_0765_NOR,-10.4534,-37.05937,2023-04-05 00:00:00,65.3,26.5,52.8,403.7,605.4,9.5,7.1,argiloso_seco,pastagem,media,0,nenhum,0,MUITO BAIXO,4,outono,Nordeste_Sertao
Z_0766_NOR,-14.13638,-41.27196,2024-07-04 00:00:00,1.4,24.4,10.0,488.0,737.9,18.9,5.5,rochoso,pastagem,media,0,nenhum,0,MUITO BAIXO,7,inverno,Nordeste_Sertao
Z_0767_NOR,-8.21503,-39.31701,2024-05-17 00:00:00,8.8,29.5,29.7,339.2,567.9,10.5,11.4,argiloso_seco,rural,alta,1,seca,0,BAIXO,5,outono,Nordeste_Sertao
Z_0768_SUD,-20.26046,-46.13965,2023-10-04 00:00:00,221.6,21.3,91.8,4824.1,839.4,9.9,3.7,rochoso,rural,baixa,1,inundação,1,MÉDIO,10,primavera,Sudeste_Montanhoso_Litoraneo
Z_0769_CEN,-11.73058,-59.06321,2023-12-10 00:00:00,112.7,27.2,56.6,422.2,531.7,22.1,25.3,arenoso,area_umida,media,1,nenhum,0,MUITO BAIXO,12,verao,CentroOeste_Cerrado_Pantanal
Z_0770_SUL,-31.73957,-51.36524,2024-10-30 00:00:00,236.5,16.7,78.4,1396.9,1134.6,30.8,7.4,organico,floresta,baixa,0,deslizamento,0,MÉDIO,10,primavera,Sul_Campos_Planalto
Z_0771_NOR,2.35125,-59.41413,2023-10-05 00:00:00,358.4,35.3,94.1,1400.1,11.9,8.3,38.0,arenoso,area_umida,baixa,0,inundação,1,MÉDIO,10,primavera,Norte_Amazonia
Z_0772_SUL,-28.72971,-49.67715,2023-01-06 00:00:00,231.9,28.7,62.9,4887.2,343.5,39.6,16.7,argiloso,urbano,alta,0,deslizamento,0,BAIXO,1,verao,Sul_Campos_Planalto
Z_0773_CEN,-22.10057,-49.62941,2024-03-05 00:00:00,196.9,23.4,59.0,420.5,306.1,4.4,26.4,argiloso,floresta,baixa,0,nenhum,0,MUITO BAIXO,3,outono,CentroOeste_Cerrado_Pantanal
Z_0774_NOR,-0.90199,-56.57461,2023-01-04 00:00:00,155.2,35.4,94.6,4381.4,54.7,2.3,6.3,arenoso,area_umida,media,0,incêndio,0,BAIXO,1,verao,Norte_Amazonia
Z_0775_CEN,-8.02724,-58.36757,2024-07-20 00:00:00,4.9,32.9,36.46434837550542,135.6,851.9,3.3,4.7,arenoso,area_umida,alta,0,incêndio,0,MÉDIO,7,inverno,CentroOeste_Cerrado_Pantanal
Z_0776_SUL,-23.61498,-52.49623,2024-12-09 00:00:00,139.9,22.8,54.0,2865.1,290.8,7.5,25.6,argiloso,rural,alta,1,vendaval,0,BAIXO,12,verao,Sul_Campos_Planalto
Z_0777_CEN,-17.64593,-60.68043,2023-05-25 00:00:00,131.9,23.3,65.9,166.5,940.8,4.8,24.6,arenoso,rural,alta,0,nenhum,0,MUITO BAIXO,5,outono,CentroOeste_Cerrado_Pantanal
Z_0778_SUD,-19.1933,-44.8036,2024-04-20 00:00:00,283.2,32.9,72.7,4746.8,494.9,33.8,27.2,rochoso,urbano,alta,0,vendaval,0,MÉDIO,4,outono,Sudeste_Montanhoso_Litoraneo
Z_0779_SUL,-31.49027,-48.31063,2024-12-10 00:00:00,85.9,17.6,78.1,1617.9,1022.6,0.5,24.1,arenoso_argiloso,floresta,baixa,0,nenhum,0,MUITO BAIXO,12,verao,Sul_Campos_Planalto
Z_0780_SUD,-21.72625,-49.53774,2024-11-10 00:00:00,203.0,19.7,85.0,4096.7,304.0,7.6,12.6,organico,floresta,baixa,0,nenhum,0,MUITO BAIXO,11,primavera,Sudeste_Montanhoso_Litoraneo
Z_0781_NOR,-16.19068,-37.29195,2023-02-04 00:00:00,64.5,30.1,38.8,483.3,877.0,1.3,23.0,rochoso,rural,media,0,nenhum,0,MUITO BAIXO,2,verao,Nordeste_Sertao
Z_0782_NOR,3.47208,-64.10978,2024-10-09 00:00:00,314.3,37.3,95.7,4362.8,20.3,7.7,40.4,arenoso,rural,baixa,0,inundação,0,MÉDIO,10,primavera,Norte_Amazonia
Z_0783_NOR,-11.33621,-38.7406,2024-09-17 00:00:00,50.3,40.0,57.4,431.7,581.5,3.5,7.0,argiloso_seco,pastagem,baixa,0,incêndio,0,BAIXO,9,primavera,Nordeste_Sertao
Z_0784_NOR,0.95232,-51.76324,2023-03-25 00:00:00,195.3,29.2,92.5,715.1,41.1,5.3,64.1,arenoso,rural,media,0,inundação,0,MÉDIO,3,outono,Norte_Amazonia
Z_0785_SUD,-22.32233,-44.97459,2023-08-14 00:00:00,208.9,34.9,70.23120731425264,1859.7,1776.3,48.2,24.8,argiloso,urbano,alta,0,deslizamento,1,ALTO,8,inverno,Sudeste_Montanhoso_Litoraneo
Z_0786_NOR,-6.72382,-53.19766,2024-12-18 00:00:00,417.3,27.6,87.4,4815.3,21.8,17.3,30.4,argiloso,floresta,baixa,0,nenhum,0,MUITO BAIXO,12,verao,Norte_Amazonia
Z_0787_SUD,-19.87929,-45.22994,2023-09-28 00:00:00,223.2,27.3,62.6,4254.8,1852.1,46.5,15.7,argiloso,floresta,baixa,0,deslizamento,1,ALTO,9,primavera,Sudeste_Montanhoso_Litoraneo
Z_0788_SUD,-22.10923,-44.41352,2023-03-18 00:00:00,261.5,19.0,57.9,19.2,1542.8,46.9,23.1,organico,rural,alta,0,deslizamento,1,ALTO,3,outono,Sudeste_Montanhoso_Litoraneo
Z_0789_NOR,1.01065,-59.06408,2024-06-12 00:00:00,239.7,22.6,71.2,1546.9,345.3,18.9,16.6,organico,floresta,baixa,0,nenhum,0,MUITO BAIXO,6,inverno,Norte_Amazonia
Z_0790_SUL,-31.35904,-51.31189,2023-09-25 00:00:00,181.7,27.4,88.3,1067.9,149.0,26.3,2.6,arenoso_argiloso,pastagem,alta,0,inundação,0,BAIXO,9,primavera,Sul_Campos_Planalto
Z_0791_NOR,2.6331,-49.09366,2024-03-04 00:00:00,427.9,24.1,80.9,649.9,464.1,9.9,74.3,argiloso,floresta,baixa,0,nenhum,0,MUITO BAIXO,3,outono,Norte_Amazonia
Z_0792_CEN,-6.92571,-54.21637,2024-04-13 00:00:00,158.5,22.2,80.7,401.5,823.2,7.2,16.8,latossolo,rural,media,0,incêndio,0,BAIXO,4,outono,CentroOeste_Cerrado_Pantanal
Z_0793_SUD,-21.03251,-43.27183,2024-02-21 00:00:00,305.4,33.3,83.6,3776.0,1878.6,27.0,11.7,organico,floresta,baixa,0,deslizamento,0,MÉDIO,2,verao,Sudeste_Montanhoso_Litoraneo
Z_0794_SUD,-20.88955,-40.71194,2024-10-12 00:00:00,301.5,24.2,61.4,3905.5,822.0,58.7,1.9,argiloso,urbano,alta,0,deslizamento,1,ALTO,10,primavera,Sudeste_Montanhoso_Litoraneo
Z_0795_CEN,-19.02033,-56.83168,2024-02-11 00:00:00,80.0,20.7,81.5,440.6,676.6,19.6,23.7,arenoso,area_umida,baixa,0,incêndio,0,BAIXO,2,verao,CentroOeste_Cerrado_Pantanal
Z_0796_NOR,-3.11627,-45.8478,2024-05-29 00:00:00,57.9,31.0,68.0,489.0,549.4,21.9,29.4,rochoso,rural,alta,0,nenhum,0,MUITO BAIXO,5,outono,Nordeste_Sertao
Z_0797_SUD,-22.08737,-43.72336,2024-12-05 00:00:00,289.8,31.0,53.8,2052.5,2709.5,32.3,4.0,rochoso,pastagem,alta,1,deslizamento,0,BAIXO,12,verao,Sudeste_Montanhoso_Litoraneo
Z_0798_CEN,-12.78249,-54.92273,2024-12-19 00:00:00,154.7,23.3,53.0,346.4,240.6,10.1,15.0,arenoso,pastagem,baixa,0,seca,0,BAIXO,12,verao,CentroOeste_Cerrado_Pantanal
Z_0799_SUD,-23.782,-46.44909,2024-08-22 00:00:00,159.7,16.9,36.46744990219045,3926.8,196.9,21.8,18.9,rochoso,rural,media,0,vendaval,0,BAIXO,8,inverno,Sudeste_Montanhoso_Litoraneo
Z_0800_SUD,-18.17833,-40.41144,2023-11-17 00:00:00,206.6,17.6,76.8,1142.1,516.7,41.9,18.6,argiloso,urbano,alta,0,nenhum,0,MUITO BAIXO,11,primavera,Sudeste_Montanhoso_Litoraneo
Z_0801_SUL,-30.44528,-53.26694,2024-07-11 00:00:00,215.4,8.3,35.68433303826531,3597.3,491.2,16.8,10.7,argiloso,pastagem,media,0,inundação,0,BAIXO,7,inverno,Sul_Campos_Planalto
Z_0802_SUL,-29.28807,-56.77352,2023-03-01 00:00:00,186.2,8.1,59.5,1303.8,497.3,11.3,29.6,argiloso,floresta,baixa,0,vendaval,0,BAIXO,3,outono,Sul_Campos_Planalto
Z_0803_SUD,-20.11979,-39.03905,2023-01-26 00:00:00,309.8,33.8,66.5,2792.7,41.9,38.3,4.0,rochoso,pastagem,alta,0,deslizamento,0,BAIXO,1,verao,Sudeste_Montanhoso_Litoraneo
Z_0804_NOR,1.58813,-71.83693,2023-04-23 00:00:00,286.1,33.5,72.8,3453.0,322.7,7.8,49.3,organico,urbano,alta,1,vendaval,0,BAIXO,4,outono,Norte_Amazonia
Z_0805_SUD,-21.34931,-48.90629,2023-12-13 00:00:00,230.2,17.2,61.5,3505.1,1119.1,59.0,26.8,rochoso,urbano,media,0,nenhum,0,MUITO BAIXO,12,verao,Sudeste_Montanhoso_Litoraneo
Z_0806_SUD,-23.69023,-39.44759,2023-07-26 00:00:00,332.4,31.6,37.32845271656993,888.4,61.8,19.1,25.5,rochoso,urbano,media,0,inundação,0,BAIXO,7,inverno,Sudeste_Montanhoso_Litoraneo
Z_0807_NOR,-1.81726,-48.20063,2024-11-28 00:00:00,301.4,36.7,89.1,4356.7,131.3,14.6,28.6,arenoso,urbano,alta,1,incêndio,0,BAIXO,11,primavera,Norte_Amazonia
Z_0808_NOR,-12.60821,-41.35225,2024-11-17 00:00:00,19.9,36.5,44.0,498.3,128.2,16.2,12.8,rochoso,rural,media,0,seca,0,MÉDIO,11,primavera,Nordeste_Sertao
Z_0809_SUD,-20.00102,-44.97111,2024-03-12 00:00:00,131.4,19.4,85.1,2930.9,2433.9,35.4,28.5,argiloso,pastagem,media,0,inundação,0,BAIXO,3,outono,Sudeste_Montanhoso_Litoraneo
Z_0810_SUL,-28.65218,-53.05013,2023-03-17 00:00:00,72.8,15.3,47.9,2708.9,677.2,6.9,1.0,arenoso_argiloso,pastagem,media,0,vendaval,0,BAIXO,3,outono,Sul_Campos_Planalto
Z_0811_SUD,-21.30839,-44.78405,2023-10-01 00:00:00,209.4,19.6,54.0,1261.5,2051.6,49.8,17.5,organico,rural,baixa,0,deslizamento,1,ALTO,10,primavera,Sudeste_Montanhoso_Litoraneo
Z_0812_NOR,2.75067,-55.75322,2024-11-08 00:00:00,177.6,36.3,81.7,597.2,479.3,16.0,71.3,organico,area_umida,baixa,0,inundação,0,BAIXO,11,primavera,Norte_Amazonia
Z_0813_CEN,-21.2496,-45.02745,2023-02-16 00:00:00,177.3,27.4,53.3,464.9,679.9,22.4,20.1,arenoso,floresta,media,0,seca,0,BAIXO,2,verao,CentroOeste_Cerrado_Pantanal
Z_0814_SUD,-20.40567,-49.64855,2023-12-14 00:00:00,302.9,29.6,81.0,1092.6,857.5,54.7,2.4,argiloso,floresta,baixa,0,nenhum,0,MUITO BAIXO,12,verao,Sudeste_Montanhoso_Litoraneo
Z_0815_SUD,-19.76637,-47.94455,2024-03-27 00:00:00,110.6,30.8,69.5,1218.9,692.1,10.6,23.8,organico,rural,baixa,0,nenhum,0,MUITO BAIXO,3,outono,Sudeste_Montanhoso_Litoraneo
Z_0816_NOR,-4.51833,-44.6583,2023-06-06 00:00:00,17.0,38.1,17.58187611800432,317.7,844.4,29.4,15.8,rochoso,rural,alta,0,incêndio,1,ALTO,6,inverno,Nordeste_Sertao
Z_0817_NOR,-0.5132,-71.32958,2024-04-30 00:00:00,184.1,22.8,90.2,4549.3,157.0,8.3,6.1,organico,rural,baixa,0,incêndio,0,BAIXO,4,outono,Norte_Amazonia
Z_0818_NOR,-9.31153,-66.36568,2024-09-12 00:00:00,329.3,23.0,77.8,4018.4,131.2,5.4,15.4,organico,area_umida,baixa,0,inundação,0,MÉDIO,9,primavera,Norte_Amazonia
Z_0819_CEN,-13.44784,-50.51397,2024-06-21 00:00:00,15.9,18.9,15.820261533669118,257.0,572.7,15.2,25.3,argiloso,rural,baixa,1,seca,0,BAIXO,6,inverno,CentroOeste_Cerrado_Pantanal
Z_0820_CEN,-23.31695,-59.64852,2023-07-28 00:00:00,25.5,31.2,26.225813569918127,64.8,378.9,0.9,3.2,arenoso,area_umida,baixa,0,incêndio,0,BAIXO,7,inverno,CentroOeste_Cerrado_Pantanal
Z_0821_SUL,-31.83566,-56.95527,2023-02-26 00:00:00,220.0,29.2,45.1,3324.1,1411.7,28.8,12.8,argiloso,pastagem,baixa,0,deslizamento,0,MÉDIO,2,verao,Sul_Campos_Planalto
Z_0822_NOR,-13.56362,-40.18013,2024-10-02 00:00:00,86.7,26.4,22.1,68.2,202.6,25.2,29.2,rochoso,pastagem,alta,0,seca,0,BAIXO,10,primavera,Nordeste_Sertao
Z_0823_NOR,-5.18941,-58.1874,2024-06-01 00:00:00,222.9,27.3,81.5,277.5,184.9,10.4,51.4,arenoso,rural,baixa,0,vendaval,0,MÉDIO,6,inverno,Norte_Amazonia
Z_0824_NOR,-2.21013,-42.95587,2024-04-25 00:00:00,79.0,27.1,67.2,487.5,537.6,21.8,30.0,arenoso,rural,alta,0,incêndio,0,BAIXO,4,outono,Nordeste_Sertao
Z_0825_SUD,-22.27083,-40.29039,2024-05-04 00:00:00,242.8,31.9,70.0,3252.9,2369.6,8.4,24.7,argiloso,urbano,alta,0,deslizamento,1,BAIXO,5,outono,Sudeste_Montanhoso_Litoraneo
Z_0826_NOR,-13.99129,-38.8645,2024-01-14 00:00:00,66.6,22.8,29.5,305.9,913.9,18.8,22.1,argiloso_seco,pastagem,baixa,0,nenhum,0,MUITO BAIXO,1,verao,Nordeste_Sertao
Z_0827_SUD,-24.81255,-42.51625,2024-06-01 00:00:00,106.5,20.9,52.04761279988596,4667.9,2041.5,36.6,29.3,argiloso,rural,alta,0,inundação,0,BAIXO,6,inverno,Sudeste_Montanhoso_Litoraneo
Z_0828_SUD,-19.47224,-40.81923,2023-12-09 00:00:00,116.4,23.7,65.6,2763.0,2501.1,22.5,14.6,rochoso,urbano,alta,0,nenhum,0,MUITO BAIXO,12,verao,Sudeste_Montanhoso_Litoraneo
Z_0829_NOR,-3.72432,-66.40758,2023-01-05 00:00:00,190.6,22.8,87.9,522.7,469.9,4.9,53.3,argiloso,area_umida,media,1,inundação,0,MÉDIO,1,verao,Norte_Amazonia
Z_0830_SUD,-21.28164,-45.94293,2024-12-26 00:00:00,87.4,24.2,71.1,4509.7,349.0,46.5,16.8,argiloso,rural,baixa,0,vendaval,0,BAIXO,12,verao,Sudeste_Montanhoso_Litoraneo
Z_0831_NOR,-2.93249,-39.01629,2023-09-03 00:00:00,83.0,39.3,22.6,231.0,504.7,5.6,18.3,arenoso,pastagem,alta,0,nenhum,0,MUITO BAIXO,9,primavera,Nordeste_Sertao
Z_0832_NOR,-2.85895,-71.28061,2023-12-22 00:00:00,316.0,26.3,71.4,989.6,22.5,18.4,5.8,argiloso,rural,media,0,nenhum,0,MUITO BAIXO,12,verao,Norte_Amazonia
Z_0833_NOR,-4.33153,-43.94499,2024-10-21 00:00:00,13.6,36.4,24.0,236.1,939.5,4.4,11.1,arenoso,pastagem,alta,0,nenhum,0,MUITO BAIXO,10,primavera,Nordeste_Sertao
Z_0834_NOR,-2.87832,-68.51447,2023-12-25 00:00:00,168.4,36.7,92.6,3347.3,65.3,2.9,58.5,argiloso,area_umida,baixa,0,inundação,0,BAIXO,12,verao,Norte_Amazonia
Z_0835_SUD,-23.62876,-44.69585,2023-11-25 00:00:00,255.4,24.1,85.4,4412.4,1255.8,38.8,12.0,organico,urbano,media,0,deslizamento,1,ALTO,11,primavera,Sudeste_Montanhoso_Litoraneo
Z_0836_CEN,-8.15035,-46.55241,2024-04-01 00:00:00,172.9,30.4,48.5,134.3,368.4,17.9,11.1,latossolo,rural,baixa,0,nenhum,0,MUITO BAIXO,4,outono,CentroOeste_Cerrado_Pantanal
Z_0837_CEN,-10.2718,-56.0834,2024-05-12 00:00:00,64.5,20.0,40.1,68.6,719.0,7.7,0.9,latossolo,rural,alta,0,inundação,0,BAIXO,5,outono,CentroOeste_Cerrado_Pantanal
Z_0838_NOR,-7.91874,-43.31919,2024-11-12 00:00:00,28.8,24.4,41.0,313.4,907.2,28.5,18.8,arenoso,pastagem,alta,0,seca,0,BAIXO,11,primavera,Nordeste_Sertao
Z_0839_SUD,-19.50084,-49.50366,2023-01-15 00:00:00,103.8,25.3,58.4,1595.3,1488.1,27.3,4.3,organico,rural,baixa,0,inundação,0,BAIXO,1,verao,Sudeste_Montanhoso_Litoraneo
Z_0840_NOR,1.49627,-72.26379,2023-01-20 00:00:00,295.0,37.5,82.9,3869.5,172.0,8.1,46.8,organico,urbano,media,0,incêndio,0,BAIXO,1,verao,Norte_Amazonia
Z_0841_CEN,-12.46765,-56.93809,2023-12-10 00:00:00,206.2,34.1,40.4,417.6,310.5,20.4,15.2,arenoso,pastagem,baixa,0,inundação,0,BAIXO,12,verao,CentroOeste_Cerrado_Pantanal
Z_0842_SUL,-23.5006,-55.36964,2023-09-17 00:00:00,142.9,5.7,42.8,579.4,1111.9,8.8,10.5,organico,rural,media,0,nenhum,0,MUITO BAIXO,9,primavera,Sul_Campos_Planalto
Z_0843_CEN,-15.16091,-54.77453,2024-10-18 00:00:00,109.2,25.7,61.7,422.0,846.1,9.7,18.9,latossolo,pastagem,baixa,0,incêndio,0,BAIXO,10,primavera,CentroOeste_Cerrado_Pantanal
Z_0844_NOR,-13.70627,-40.77047,2023-02-23 00:00:00,66.0,24.6,21.6,260.0,434.4,8.5,24.9,argiloso_seco,rural,media,0,nenhum,0,MUITO BAIXO,2,verao,Nordeste_Sertao
Z_0845_SUD,-23.61961,-46.04702,2024-09-04 00:00:00,260.7,18.9,93.9,1424.8,960.5,36.6,17.8,rochoso,rural,alta,0,nenhum,0,MUITO BAIXO,9,primavera,Sudeste_Montanhoso_Litoraneo
Z_0846_SUD,-23.86291,-44.50862,2024-05-26 00:00:00,259.5,34.1,77.3,734.9,2275.1,37.3,22.6,argiloso,rural,baixa,0,deslizamento,1,ALTO,5,outono,Sudeste_Montanhoso_Litoraneo
Z_0847_NOR,-6.7862,-51.01448,2023-03-13 00:00:00,285.0,34.1,73.8,4670.9,421.6,8.0,69.2,organico,rural,baixa,0,inundação,0,BAIXO,3,outono,Norte_Amazonia
Z_0848_NOR,-3.26604,-59.6229,2024-01-13 00:00:00,398.0,22.5,76.1,3581.3,84.3,16.7,35.3,organico,urbano,media,0,incêndio,0,BAIXO,1,verao,Norte_Amazonia
Z_0849_SUL,-30.35795,-54.06739,2024-05-09 00:00:00,98.5,6.4,75.0,103.0,1139.1,8.6,17.9,argiloso,pastagem,baixa,0,nenhum,0,MUITO BAIXO,5,outono,Sul_Campos_Planalto
Z_0850_SUD,-22.56049,-49.1109,2024-09-20 00:00:00,143.8,32.6,84.9,3947.1,1164.7,34.4,20.1,argiloso,urbano,alta,0,vendaval,0,BAIXO,9,primavera,Sudeste_Montanhoso_Litoraneo
Z_0851_CEN,-21.26247,-57.04029,2023-02-01 00:00:00,185.1,19.8,68.2,76.1,695.1,0.9,29.5,arenoso,floresta,baixa,0,incêndio,0,BAIXO,2,verao,CentroOeste_Cerrado_Pantanal
Z_0852_NOR,1.64012,-54.37838,2023-05-19 00:00:00,355.6,32.2,82.7,3199.7,452.0,1.1,5.5,organico,rural,media,0,nenhum,0,MUITO BAIXO,5,outono,Norte_Amazonia
Z_0853_SUL,-24.7032,-51.38165,2024-01-21 00:00:00,186.1,6.7,63.6,3738.9,1548.1,2.5,9.0,organico,floresta,media,0,vendaval,0,BAIXO,1,verao,Sul_Campos_Planalto
Z_0854_NOR,3.03832,-65.31861,2024-04-10 00:00:00,287.0,24.6,84.9,4473.7,37.6,8.3,38.6,arenoso,urbano,alta,0,inundação,1,MÉDIO,4,outono,Norte_Amazonia
Z_0855_SUD,-18.75338,-46.37102,2023-03-04 00:00:00,174.0,34.3,58.7,320.1,2663.1,46.4,23.5,organico,pastagem,baixa,0,deslizamento,0,MÉDIO,3,outono,Sudeste_Montanhoso_Litoraneo
Z_0856_SUD,-24.11201,-47.16976,2023-10-12 00:00:00,152.0,20.6,89.1,3271.4,2725.2,10.5,6.1,organico,urbano,alta,0,vendaval,0,BAIXO,10,primavera,Sudeste_Montanhoso_Litoraneo
Z_0857_NOR,-13.26309,-44.20727,2023-04-19 00:00:00,63.4,31.1,57.3,457.1,793.6,24.0,28.8,arenoso,pastagem,baixa,0,incêndio,0,BAIXO,4,outono,Nordeste_Sertao
Z_0858_NOR,-3.97177,-42.40975,2023-04-13 00:00:00,43.6,22.1,24.7,127.9,549.0,17.2,15.2,argiloso_seco,pastagem,media,0,seca,0,BAIXO,4,outono,Nordeste_Sertao
Z_0859_NOR,-6.70945,-65.90902,2023-03-11 00:00:00,398.5,32.2,77.7,2690.7,417.4,18.5,40.4,organico,floresta,baixa,0,vendaval,0,MÉDIO,3,outono,Norte_Amazonia
Z_0860_NOR,-12.94996,-37.32595,2024-09-02 00:00:00,76.7,31.5,53.6,240.9,426.4,14.4,1.9,argiloso_seco,pastagem,alta,0,seca,0,BAIXO,9,primavera,Nordeste_Sertao
Z_0861_SUL,-32.92757,-50.74333,2023-06-29 00:00:00,210.2,6.7,63.424517431922126,847.5,1221.5,35.1,20.5,argiloso,pastagem,media,0,deslizamento,1,ALTO,6,inverno,Sul_Campos_Planalto
Z_0862_SUL,-25.14943,-51.30343,2023-01-26 00:00:00,237.4,25.2,63.6,3873.6,584.2,16.3,9.6,arenoso_argiloso,pastagem,alta,0,inundação,0,BAIXO,1,verao,Sul_Campos_Planalto
Z_0863_NOR,-15.873,-40.74864,2023-07-24 00:00:00,0.9,20.6,17.61005793617472,21.5,836.6,16.4,11.6,argiloso_seco,pastagem,alta,0,incêndio,0,BAIXO,7,inverno,Nordeste_Sertao
Z_0864_NOR,-5.54693,-67.99632,2023-03-29 00:00:00,336.6,27.5,88.9,4784.4,298.3,7.5,9.9,argiloso,floresta,baixa,0,nenhum,0,MUITO BAIXO,3,outono,Norte_Amazonia
Z_0865_NOR,-3.33476,-55.61726,2024-07-30 00:00:00,225.9,31.1,87.9,4306.4,203.9,4.6,45.5,argiloso,area_umida,baixa,0,inundação,0,MÉDIO,7,inverno,Norte_Amazonia
Z_0866_CEN,-22.29163,-50.53074,2023-07-05 00:00:00,6.0,32.5,36.92030361167073,42.2,607.2,22.2,18.2,argiloso,area_umida,media,0,incêndio,0,BAIXO,7,inverno,CentroOeste_Cerrado_Pantanal
Z_0867_SUD,-19.98585,-47.39974,2023-12-29 00:00:00,169.6,22.1,51.7,3564.1,2603.7,54.2,28.0,organico,urbano,alta,0,deslizamento,0,MÉDIO,12,verao,Sudeste_Montanhoso_Litoraneo
Z_0868_NOR,-5.03179,-42.13416,2023-08-11 00:00:00,1.8,26.0,52.92778915000285,395.2,589.4,23.0,28.2,arenoso,pastagem,alta,0,nenhum,0,MUITO BAIXO,8,inverno,Nordeste_Sertao
Z_0869_NOR,-14.81951,-42.59104,2023-07-09 00:00:00,6.1,37.1,18.28330873236995,58.8,925.6,24.4,18.8,arenoso,pastagem,baixa,0,incêndio,1,ALTO,7,inverno,Nordeste_Sertao
Z_0870_CEN,-9.35421,-55.33846,2024-04-07 00:00:00,173.6,19.4,48.9,249.0,555.7,7.0,22.0,latossolo,floresta,baixa,0,inundação,0,BAIXO,4,outono,CentroOeste_Cerrado_Pantanal
Z_0871_SUL,-26.21485,-48.01188,2024-01-24 00:00:00,213.4,19.2,64.2,3719.4,70.0,10.8,23.0,organico,urbano,media,0,inundação,0,MÉDIO,1,verao,Sul_Campos_Planalto
Z_0872_NOR,2.41435,-72.05264,2024-04-23 00:00:00,440.9,27.2,89.6,1958.0,248.0,8.4,77.6,arenoso,urbano,alta,1,nenhum,0,MUITO BAIXO,4,outono,Norte_Amazonia
Z_0873_SUL,-22.66205,-53.81369,2023-06-02 00:00:00,228.7,9.3,45.06171718552757,1940.9,341.7,19.3,5.5,argiloso,rural,baixa,0,nenhum,0,MUITO BAIXO,6,inverno,Sul_Campos_Planalto
Z_0874_SUD,-21.97283,-41.05638,2023-01-19 00:00:00,334.1,29.7,76.6,359.9,2079.0,5.8,24.1,organico,pastagem,baixa,0,vendaval,0,BAIXO,1,verao,Sudeste_Montanhoso_Litoraneo
Z_0875_NOR,4.73822,-60.72675,2023-11-14 00:00:00,434.3,34.5,77.6,4934.9,285.5,6.7,3.1,argiloso,floresta,baixa,0,inundação,1,MÉDIO,11,primavera,Norte_Amazonia
Z_0876_SUD,-23.4746,-40.61021,2024-06-17 00:00:00,187.7,28.7,66.21757146758956,4632.1,452.7,43.6,29.5,organico,rural,alta,0,deslizamento,0,MÉDIO,6,inverno,Sudeste_Montanhoso_Litoraneo
Z_0877_NOR,-9.43984,-37.45325,2023-01-07 00:00:00,12.4,26.4,67.3,296.5,307.8,12.2,23.9,arenoso,pastagem,media,1,nenhum,0,MUITO BAIXO,1,verao,Nordeste_Sertao
Z_0878_NOR,-8.74839,-39.12368,2024-10-18 00:00:00,11.1,39.1,66.5,395.7,201.6,22.2,28.4,arenoso,pastagem,baixa,0,seca,0,BAIXO,10,primavera,Nordeste_Sertao
Z_0879_SUL,-27.21849,-49.22337,2023-10-30 00:00:00,120.0,9.3,49.4,3829.2,581.9,28.9,9.7,organico,urbano,alta,0,vendaval,1,BAIXO,10,primavera,Sul_Campos_Planalto
Z_0880_SUL,-31.55921,-54.58156,2023-04-30 00:00:00,88.4,20.5,46.2,4243.4,1409.9,12.9,19.6,organico,floresta,baixa,1,vendaval,0,BAIXO,4,outono,Sul_Campos_Planalto
Z_0881_NOR,-3.03546,-61.13032,2023-08-23 00:00:00,392.9,25.0,87.1,2512.3,12.0,9.9,1.2,argiloso,urbano,alta,0,inundação,0,BAIXO,8,inverno,Norte_Amazonia
Z_0882_NOR,-14.61184,-44.64455,2024-08-08 00:00:00,14.0,35.8,19.40495521858847,487.6,984.6,14.3,12.5,arenoso,pastagem,media,1,incêndio,1,ALTO,8,inverno,Nordeste_Sertao
Z_0883_NOR,-3.8025,-59.11548,2024-12-01 00:00:00,244.8,37.6,85.6,1612.3,470.8,8.8,23.5,organico,rural,baixa,0,vendaval,0,MÉDIO,12,verao,Norte_Amazonia
Z_0884_NOR,-6.42273,-43.28336,2023-06-11 00:00:00,6.5,22.5,29.819967122805174,320.8,449.0,29.9,28.3,argiloso_seco,rural,media,0,incêndio,0,BAIXO,6,inverno,Nordeste_Sertao
Z_0885_SUD,-24.69595,-39.45794,2024-02-13 00:00:00,349.4,26.2,58.3,908.9,2124.0,5.3,25.8,rochoso,pastagem,media,0,nenhum,0,MUITO BAIXO,2,verao,Sudeste_Montanhoso_Litoraneo
Z_0886_SUD,-19.77512,-47.11899,2023-10-19 00:00:00,235.3,24.9,51.7,1856.0,2291.8,13.3,2.7,argiloso,pastagem,media,0,inundação,1,MÉDIO,10,primavera,Sudeste_Montanhoso_Litoraneo
Z_0887_SUD,-22.97417,-46.36314,2024-03-30 00:00:00,139.4,18.4,70.4,4961.9,691.5,42.5,29.4,argiloso,rural,media,0,nenhum,0,MUITO BAIXO,3,outono,Sudeste_Montanhoso_Litoraneo
Z_0888_SUL,-23.05548,-51.64199,2023-08-21 00:00:00,249.5,14.8,38.63412511508156,4965.7,757.5,15.7,8.7,organico,pastagem,media,0,vendaval,0,BAIXO,8,inverno,Sul_Campos_Planalto
Z_0889_SUD,-20.19015,-47.78486,2023-12-29 00:00:00,285.3,29.0,75.0,3931.7,2011.3,37.1,25.3,rochoso,pastagem,baixa,0,inundação,0,BAIXO,12,verao,Sudeste_Montanhoso_Litoraneo
Z_0890_NOR,0.59748,-61.72268,2024-04-30 00:00:00,326.7,26.1,91.2,1825.5,275.3,13.4,59.8,organico,floresta,baixa,1,nenhum,0,MUITO BAIXO,4,outono,Norte_Amazonia
Z_0891_NOR,1.54498,-53.06246,2023-01-27 00:00:00,227.4,30.6,76.7,617.4,125.5,3.7,71.2,argiloso,urbano,alta,1,incêndio,0,BAIXO,1,verao,Norte_Amazonia
Z_0892_NOR,-9.15687,-49.38346,2023-02-27 00:00:00,231.9,25.2,80.9,2685.6,445.8,1.8,16.1,argiloso,area_umida,baixa,0,inundação,0,MÉDIO,2,verao,Norte_Amazonia
Z_0893_SUD,-23.40338,-40.68442,2024-09-20 00:00:00,225.4,21.2,63.6,2145.8,843.7,6.3,20.1,rochoso,rural,baixa,0,nenhum,0,MUITO BAIXO,9,primavera,Sudeste_Montanhoso_Litoraneo
Z_0894_NOR,-4.03092,-40.83241,2023-01-31 00:00:00,17.9,39.1,21.2,174.6,175.7,4.3,14.9,rochoso,rural,media,0,incêndio,1,ALTO,1,verao,Nordeste_Sertao
Z_0895_NOR,-2.13727,-54.52069,2023-09-02 00:00:00,177.8,23.2,93.9,1376.0,488.6,14.7,9.8,organico,floresta,baixa,0,vendaval,0,BAIXO,9,primavera,Norte_Amazonia
Z_0896_NOR,-11.17463,-43.08214,2024-07-13 00:00:00,8.6,39.8,37.928138584146424,490.3,664.5,17.0,18.3,rochoso,rural,baixa,0,incêndio,0,MÉDIO,7,inverno,Nordeste_Sertao
Z_0897_SUD,-24.9801,-48.53312,2024-07-08 00:00:00,95.5,25.5,40.186702744516076,4464.9,2590.8,57.4,25.8,rochoso,urbano,alta,0,nenhum,0,MUITO BAIXO,7,inverno,Sudeste_Montanhoso_Litoraneo
Z_0898_NOR,-9.67625,-40.40823,2024-11-03 00:00:00,52.5,33.5,52.4,285.8,725.4,15.0,7.3,argiloso_seco,rural,alta,0,seca,0,BAIXO,11,primavera,Nordeste_Sertao
Z_0899_NOR,-9.86155,-41.06596,2024-06-15 00:00:00,12.8,23.8,10.0,368.8,473.7,26.7,23.3,argiloso_seco,rural,alta,1,seca,0,BAIXO,6,inverno,Nordeste_Sertao
Z_0900_NOR,-17.83802,-43.94097,2023-12-12 00:00:00,60.2,41.3,54.1,70.2,244.3,19.8,26.0,argiloso_seco,rural,media,0,seca,0,BAIXO,12,verao,Nordeste_Sertao
Z_0901_NOR,-3.40271,-37.88155,2024-09-05 00:00:00,91.9,38.9,41.4,458.5,596.3,8.7,23.6,rochoso,rural,baixa,0,nenhum,0,MUITO BAIXO,9,primavera,Nordeste_Sertao
Z_0902_NOR,-13.42983,-40.13292,2024-11-09 00:00:00,6.2,31.4,57.2,102.6,449.3,11.7,20.5,rochoso,rural,media,0,incêndio,0,BAIXO,11,primavera,Nordeste_Sertao
Z_0903_SUD,-21.43783,-41.82941,2024-12-31 00:00:00,308.3,26.1,86.0,2296.4,1414.0,23.2,7.3,argiloso,floresta,baixa,1,vendaval,0,BAIXO,12,verao,Sudeste_Montanhoso_Litoraneo
Z_0904_NOR,4.15539,-57.98736,2024-08-28 00:00:00,268.3,36.2,92.4,2785.6,322.3,18.0,48.8,organico,area_umida,media,0,vendaval,0,MÉDIO,8,inverno,Norte_Amazonia
Z_0905_SUL,-31.46384,-52.52251,2024-11-07 00:00:00,151.0,12.4,61.6,2361.2,735.9,25.9,20.4,argiloso,pastagem,baixa,0,deslizamento,0,BAIXO,11,primavera,Sul_Campos_Planalto
Z_0906_SUL,-27.85192,-57.38388,2024-01-04 00:00:00,205.7,9.4,82.0,3508.7,694.0,31.1,16.8,arenoso_argiloso,pastagem,alta,0,nenhum,0,MUITO BAIXO,1,verao,Sul_Campos_Planalto
Z_0907_SUD,-23.78965,-41.23278,2024-05-17 00:00:00,221.5,16.7,65.5,4944.7,2200.5,17.3,27.8,organico,floresta,baixa,0,deslizamento,0,BAIXO,5,outono,Sudeste_Montanhoso_Litoraneo
Z_0908_NOR,1.18954,-49.27505,2024-04-06 00:00:00,370.0,37.4,95.3,626.1,400.0,10.5,13.6,argiloso,urbano,alta,0,nenhum,0,MUITO BAIXO,4,outono,Norte_Amazonia
Z_0909_CEN,-9.84984,-53.67665,2024-01-14 00:00:00,108.7,27.6,66.5,324.1,353.3,4.3,21.2,latossolo,area_umida,media,0,nenhum,0,MUITO BAIXO,1,verao,CentroOeste_Cerrado_Pantanal
Z_0910_NOR,-4.11462,-68.82497,2024-01-27 00:00:00,383.9,35.0,82.6,4000.7,17.5,0.2,47.5,organico,urbano,alta,0,inundação,0,MÉDIO,1,verao,Norte_Amazonia
Z_0911_SUD,-22.15826,-42.39224,2024-07-02 00:00:00,149.0,18.6,59.52738514740868,3729.9,645.2,27.1,17.6,organico,floresta,baixa,1,inundação,0,BAIXO,7,inverno,Sudeste_Montanhoso_Litoraneo
Z_0912_SUD,-22.65844,-47.57658,2024-07-22 00:00:00,313.0,30.9,32.49596464985615,4926.1,2413.5,33.4,6.6,organico,pastagem,baixa,0,deslizamento,1,MÉDIO,7,inverno,Sudeste_Montanhoso_Litoraneo
Z_0913_NOR,2.3617,-73.14526,2024-11-04 00:00:00,160.7,33.8,75.0,2480.9,71.8,15.8,76.8,argiloso,rural,media,0,inundação,0,BAIXO,11,primavera,Norte_Amazonia
Z_0914_SUD,-24.03088,-48.89803,2024-07-02 00:00:00,215.3,15.8,62.766406742918235,2744.1,886.8,49.6,21.9,argiloso,pastagem,alta,0,deslizamento,1,ALTO,7,inverno,Sudeste_Montanhoso_Litoraneo
Z_0915_CEN,-22.63927,-49.24624,2024-02-05 00:00:00,126.4,25.7,54.2,21.2,601.9,11.0,23.2,arenoso,area_umida,baixa,0,incêndio,0,BAIXO,2,verao,CentroOeste_Cerrado_Pantanal
Z_0916_NOR,-4.92035,-51.44285,2024-08-13 00:00:00,255.1,37.0,97.5,1691.7,427.7,16.8,66.1,organico,urbano,alta,0,nenhum,0,MUITO BAIXO,8,inverno,Norte_Amazonia
Z_0917_NOR,-13.86931,-43.25041,2023-11-03 00:00:00,21.9,37.3,53.5,364.3,411.5,10.0,6.7,argiloso_seco,rural,media,0,seca,0,BAIXO,11,primavera,Nordeste_Sertao
Z_0918_CEN,-16.47369,-51.34195,2023-03-05 00:00:00,137.6,34.8,41.8,24.1,264.1,16.7,27.7,arenoso,area_umida,baixa,0,nenhum,0,MUITO BAIXO,3,outono,CentroOeste_Cerrado_Pantanal
Z_0919_NOR,-2.00071,-39.42757,2023-09-10 00:00:00,19.6,27.9,20.3,143.7,958.5,13.1,4.9,argiloso_seco,pastagem,baixa,0,nenhum,0,MUITO BAIXO,9,primavera,Nordeste_Sertao
Z_0920_NOR,-2.01632,-61.37023,2023-01-24 00:00:00,418.4,35.3,88.9,2232.4,248.0,5.9,67.0,argiloso,area_umida,baixa,0,inundação,1,MÉDIO,1,verao,Norte_Amazonia
Z_0921_SUL,-24.29982,-53.54174,2024-05-02 00:00:00,149.5,16.8,53.6,3637.8,980.1,21.7,9.5,argiloso,pastagem,baixa,0,nenhum,0,MUITO BAIXO,5,outono,Sul_Campos_Planalto
Z_0922_SUD,-19.60837,-46.90136,2023-10-27 00:00:00,229.9,19.8,93.0,1006.7,2375.7,17.3,8.5,organico,rural,baixa,0,deslizamento,0,BAIXO,10,primavera,Sudeste_Montanhoso_Litoraneo
Z_0923_NOR,0.40567,-49.2536,2023-08-12 00:00:00,397.2,34.4,98.9,4773.2,306.2,4.9,72.0,argiloso,urbano,alta,0,inundação,0,BAIXO,8,inverno,Norte_Amazonia
Z_0924_NOR,-15.84091,-39.19708,2024-12-22 00:00:00,39.5,39.3,67.9,196.8,837.3,13.0,7.9,arenoso,pastagem,baixa,0,seca,0,BAIXO,12,verao,Nordeste_Sertao
Z_0925_NOR,-2.74293,-63.42249,2023-11-27 00:00:00,440.6,28.7,95.5,1849.9,54.2,3.1,43.5,arenoso,urbano,alta,0,inundação,0,MÉDIO,11,primavera,Norte_Amazonia
Z_0926_SUD,-20.77698,-40.21634,2023-06-04 00:00:00,230.5,15.5,35.19549483399292,1366.0,2682.4,46.1,23.3,argiloso,floresta,baixa,0,deslizamento,1,ALTO,6,inverno,Sudeste_Montanhoso_Litoraneo
Z_0927_NOR,-17.42381,-37.10466,2023-06-17 00:00:00,0.4,39.5,29.115269339703442,16.1,456.1,11.1,20.2,argiloso_seco,rural,alta,0,incêndio,0,MÉDIO,6,inverno,Nordeste_Sertao
Z_0928_SUL,-27.4184,-51.78291,2024-10-04 00:00:00,184.6,7.5,83.7,3754.5,1350.8,28.3,7.7,organico,floresta,media,0,deslizamento,0,MÉDIO,10,primavera,Sul_Campos_Planalto
Z_0929_SUD,-24.00154,-39.68324,2023-07-28 00:00:00,256.4,31.2,59.89484152002231,2488.8,401.0,59.2,19.2,organico,urbano,media,1,nenhum,0,MUITO BAIXO,7,inverno,Sudeste_Montanhoso_Litoraneo
Z_0930_SUD,-18.06584,-40.41051,2024-07-12 00:00:00,212.3,22.5,71.41773847430983,1524.6,1584.1,18.0,22.7,organico,rural,alta,0,nenhum,0,MUITO BAIXO,7,inverno,Sudeste_Montanhoso_Litoraneo
Z_0931_SUL,-26.27254,-57.68842,2024-02-08 00:00:00,216.9,26.4,86.5,4853.1,1237.6,9.5,8.2,organico,floresta,baixa,0,nenhum,0,MUITO BAIXO,2,verao,Sul_Campos_Planalto
Z_0932_NOR,2.86897,-66.14949,2023-12-02 00:00:00,255.6,33.9,79.5,4292.0,355.9,4.4,28.2,arenoso,floresta,baixa,0,vendaval,0,BAIXO,12,verao,Norte_Amazonia
Z_0933_SUD,-21.31102,-49.50367,2023-07-04 00:00:00,203.7,23.9,70.50054352086033,4244.8,1580.7,43.1,22.2,rochoso,urbano,alta,0,inundação,0,BAIXO,7,inverno,Sudeste_Montanhoso_Litoraneo
Z_0934_SUD,-22.57192,-47.40377,2024-09-09 00:00:00,324.8,28.5,83.4,2724.4,1498.2,23.1,0.3,rochoso,rural,baixa,0,inundação,0,BAIXO,9,primavera,Sudeste_Montanhoso_Litoraneo
Z_0935_NOR,-2.06496,-45.40322,2024-08-04 00:00:00,1.0,32.5,10.232964513455538,57.3,827.4,0.1,2.8,arenoso,pastagem,baixa,0,incêndio,0,MÉDIO,8,inverno,Nordeste_Sertao
Z_0936_CEN,-12.51883,-50.63387,2024-10-17 00:00:00,66.4,26.1,45.5,100.6,925.3,8.4,25.0,arenoso,pastagem,alta,0,nenhum,0,MUITO BAIXO,10,primavera,CentroOeste_Cerrado_Pantanal
Z_0937_SUD,-20.35617,-42.32748,2023-02-15 00:00:00,207.9,31.9,71.5,3534.0,2678.5,42.8,10.9,organico,floresta,baixa,0,deslizamento,1,ALTO,2,verao,Sudeste_Montanhoso_Litoraneo
Z_0938_NOR,-5.49699,-45.81984,2023-06-12 00:00:00,3.7,22.3,19.578231769758357,126.8,871.1,13.0,18.7,arenoso,rural,alta,0,seca,0,BAIXO,6,inverno,Nordeste_Sertao
Z_0939_NOR,1.01516,-72.02975,2023-09-22 00:00:00,350.8,26.7,78.2,4142.2,266.1,10.2,13.1,organico,floresta,baixa,0,vendaval,1,MÉDIO,9,primavera,Norte_Amazonia
Z_0940_NOR,-17.60301,-38.81611,2024-06-13 00:00:00,12.0,21.4,40.013978815881245,376.3,278.9,20.4,11.5,argiloso_seco,pastagem,alta,0,nenhum,0,MUITO BAIXO,6,inverno,Nordeste_Sertao
Z_0941_NOR,-4.13876,-63.31063,2023-11-26 00:00:00,343.4,29.0,85.3,3959.5,169.6,17.3,38.9,organico,urbano,media,0,nenhum,0,MUITO BAIXO,11,primavera,Norte_Amazonia
Z_0942_SUL,-31.27982,-56.97217,2024-10-14 00:00:00,116.3,18.0,54.3,4673.6,404.0,16.9,2.1,argiloso,rural,alta,1,vendaval,0,BAIXO,10,primavera,Sul_Campos_Planalto
Z_0943_NOR,-7.3528,-40.48127,2023-02-08 00:00:00,83.3,29.5,37.2,419.7,607.4,22.4,15.5,argiloso_seco,rural,baixa,0,incêndio,0,BAIXO,2,verao,Nordeste_Sertao
Z_0944_SUD,-24.34442,-46.08693,2023-06-13 00:00:00,314.0,20.6,47.89953696493822,1559.8,2527.9,43.9,10.2,rochoso,rural,media,0,deslizamento,0,BAIXO,6,inverno,Sudeste_Montanhoso_Litoraneo
Z_0945_SUD,-24.01401,-44.10559,2023-04-05 00:00:00,339.5,34.3,61.5,1202.7,2300.5,34.5,6.2,rochoso,floresta,baixa,1,nenhum,0,MUITO BAIXO,4,outono,Sudeste_Montanhoso_Litoraneo
Z_0946_NOR,-9.39088,-49.28966,2024-08-15 00:00:00,214.6,35.7,83.0,4848.1,248.4,3.4,30.3,argiloso,rural,baixa,0,nenhum,0,MUITO BAIXO,8,inverno,Norte_Amazonia
Z_0947_NOR,-0.45365,-65.57219,2023-10-19 00:00:00,384.9,38.0,85.7,4288.8,459.8,11.1,77.0,arenoso,area_umida,baixa,0,inundação,0,MÉDIO,10,primavera,Norte_Amazonia
Z_0948_NOR,-9.03957,-63.0689,2023-11-01 00:00:00,290.3,31.5,84.5,2143.5,160.4,19.2,19.7,organico,floresta,baixa,0,incêndio,0,BAIXO,11,primavera,Norte_Amazonia
Z_0949_SUL,-25.68674,-52.37315,2024-12-10 00:00:00,126.1,10.6,89.2,103.4,519.1,18.8,6.2,organico,floresta,baixa,0,nenhum,0,MUITO BAIXO,12,verao,Sul_Campos_Planalto
Z_0950_CEN,-18.95522,-56.52045,2024-07-02 00:00:00,11.6,35.8,48.62802913044032,286.7,549.5,8.0,14.3,arenoso,rural,baixa,0,nenhum,0,MUITO BAIXO,7,inverno,CentroOeste_Cerrado_Pantanal
Z_0951_NOR,-0.31247,-59.82578,2024-07-01 00:00:00,286.4,37.0,96.7,2119.1,414.2,18.4,35.8,organico,area_umida,baixa,0,inundação,0,BAIXO,7,inverno,Norte_Amazonia
Z_0952_SUL,-28.16224,-52.33653,2023-06-10 00:00:00,203.2,16.2,53.256887989801655,2114.8,1713.7,27.1,11.9,organico,urbano,media,0,deslizamento,0,MÉDIO,6,inverno,Sul_Campos_Planalto
Z_0953_SUD,-19.55585,-49.47944,2023-01-14 00:00:00,123.9,34.2,82.3,3538.1,2357.1,59.2,9.0,rochoso,pastagem,media,0,nenhum,0,MUITO BAIXO,1,verao,Sudeste_Montanhoso_Litoraneo
Z_0954_SUD,-24.94219,-42.39543,2024-06-05 00:00:00,198.1,24.2,39.736455671908494,1259.5,2381.6,45.2,9.7,rochoso,urbano,alta,0,vendaval,1,BAIXO,6,inverno,Sudeste_Montanhoso_Litoraneo
Z_0955_NOR,-3.52874,-61.78389,2023-06-24 00:00:00,285.6,37.1,71.1,3797.6,113.3,13.5,2.0,organico,urbano,alta,0,inundação,1,MÉDIO,6,inverno,Norte_Amazonia
Z_0956_NOR,-13.30157,-45.26887,2023-07-25 00:00:00,1.7,32.4,49.3842104496334,210.7,118.1,24.3,7.9,argiloso_seco,rural,baixa,0,seca,0,MÉDIO,7,inverno,Nordeste_Sertao
Z_0957_NOR,-14.88493,-42.49251,2023-07-08 00:00:00,3.0,20.1,20.494781803799526,181.2,659.3,17.6,11.6,argiloso_seco,pastagem,alta,0,incêndio,0,BAIXO,7,inverno,Nordeste_Sertao
Z_0958_CEN,-17.39727,-45.52236,2024-05-21 00:00:00,144.8,22.6,84.0,14.9,920.6,2.5,23.8,latossolo,floresta,baixa,0,nenhum,0,MUITO BAIXO,5,outono,CentroOeste_Cerrado_Pantanal
Z_0959_CEN,-23.87785,-45.69815,2023-12-06 00:00:00,152.4,21.5,32.8,438.0,458.5,1.9,8.1,latossolo,pastagem,alta,0,nenhum,0,MUITO BAIXO,12,verao,CentroOeste_Cerrado_Pantanal
Z_0960_SUD,-24.65802,-44.34523,2024-11-20 00:00:00,166.1,19.7,83.1,140.3,164.9,14.3,7.2,rochoso,floresta,baixa,1,nenhum,0,MUITO BAIXO,11,primavera,Sudeste_Montanhoso_Litoraneo
Z_0961_SUL,-22.74937,-56.07843,2024-08-06 00:00:00,234.0,8.3,40.39524220786544,3381.0,1384.6,38.9,24.7,arenoso_argiloso,pastagem,alta,0,nenhum,0,MUITO BAIXO,8,inverno,Sul_Campos_Planalto
Z_0962_NOR,0.58758,-48.91584,2024-09-15 00:00:00,339.2,36.3,89.0,4473.5,41.1,15.6,38.8,arenoso,urbano,alta,0,incêndio,0,BAIXO,9,primavera,Norte_Amazonia
Z_0963_SUD,-23.36071,-40.30389,2023-12-23 00:00:00,335.8,28.4,93.4,3420.3,1778.8,49.2,26.5,argiloso,pastagem,media,0,nenhum,0,MUITO BAIXO,12,verao,Sudeste_Montanhoso_Litoraneo
Z_0964_NOR,2.27631,-69.28212,2024-06-13 00:00:00,239.2,34.7,81.6,950.4,374.2,3.6,72.4,argiloso,urbano,alta,0,inundação,0,BAIXO,6,inverno,Norte_Amazonia
Z_0965_NOR,-10.06849,-41.31005,2024-11-15 00:00:00,84.8,30.2,25.3,263.9,948.2,8.8,29.6,rochoso,pastagem,alta,1,nenhum,0,MUITO BAIXO,11,primavera,Nordeste_Sertao
Z_0966_NOR,-13.02798,-37.80805,2024-01-10 00:00:00,72.5,29.3,68.6,177.6,632.5,2.3,8.7,arenoso,pastagem,media,0,nenhum,0,MUITO BAIXO,1,verao,Nordeste_Sertao
Z_0967_NOR,-11.63842,-45.44283,2023-04-10 00:00:00,21.5,28.9,55.4,245.4,818.1,22.1,19.2,arenoso,rural,alta,0,nenhum,0,MUITO BAIXO,4,outono,Nordeste_Sertao
Z_0968_SUL,-24.77233,-55.23203,2024-02-04 00:00:00,85.2,17.1,87.4,1817.7,954.7,25.9,4.6,organico,pastagem,media,0,nenhum,0,MUITO BAIXO,2,verao,Sul_Campos_Planalto
Z_0969_NOR,4.6419,-65.18239,2024-04-26 00:00:00,384.0,37.5,79.5,4107.6,89.6,9.3,58.3,arenoso,area_umida,baixa,0,inundação,0,BAIXO,4,outono,Norte_Amazonia
Z_0970_NOR,4.62471,-54.87422,2023-02-12 00:00:00,209.0,24.2,88.8,3728.4,412.5,15.3,66.8,argiloso,area_umida,baixa,0,incêndio,0,BAIXO,2,verao,Norte_Amazonia
Z_0971_SUD,-23.21974,-49.9015,2023-05-08 00:00:00,283.9,34.5,66.2,2302.2,2681.9,52.8,21.5,argiloso,floresta,baixa,1,deslizamento,1,ALTO,5,outono,Sudeste_Montanhoso_Litoraneo
Z_0972_NOR,4.60219,-53.87439,2023-08-25 00:00:00,378.0,35.9,72.6,4334.8,163.1,7.1,78.7,arenoso,urbano,alta,0,inundação,0,BAIXO,8,inverno,Norte_Amazonia
Z_0973_NOR,-3.82835,-70.40689,2023-04-24 00:00:00,355.0,35.6,88.4,3169.4,211.0,4.4,22.8,organico,floresta,baixa,1,incêndio,0,BAIXO,4,outono,Norte_Amazonia
Z_0974_SUL,-25.56362,-57.31174,2024-08-15 00:00:00,116.2,15.0,75.47610621193023,254.8,682.7,27.9,7.6,arenoso_argiloso,urbano,alta,1,inundação,0,BAIXO,8,inverno,Sul_Campos_Planalto
Z_0975_SUD,-22.54927,-41.03868,2023-04-02 00:00:00,318.3,21.6,54.5,1046.1,2149.3,22.4,6.5,organico,urbano,alta,0,vendaval,0,BAIXO,4,outono,Sudeste_Montanhoso_Litoraneo
Z_0976_SUD,-21.5578,-39.39278,2024-08-09 00:00:00,334.1,17.3,49.87583079396336,449.6,95.6,18.6,28.2,organico,urbano,alta,0,deslizamento,0,BAIXO,8,inverno,Sudeste_Montanhoso_Litoraneo
Z_0977_SUD,-24.71328,-41.60656,2023-05-11 00:00:00,284.8,17.0,69.1,1571.8,2316.0,53.9,26.8,argiloso,floresta,baixa,0,deslizamento,0,BAIXO,5,outono,Sudeste_Montanhoso_Litoraneo
Z_0978_SUD,-19.99477,-45.64822,2024-09-27 00:00:00,130.0,27.9,63.0,3686.7,1553.4,54.8,6.4,argiloso,rural,alta,0,vendaval,0,BAIXO,9,primavera,Sudeste_Montanhoso_Litoraneo
Z_0979_NOR,-5.07767,-55.73629,2023-03-16 00:00:00,403.8,35.7,84.0,3275.8,457.2,10.9,61.6,organico,area_umida,baixa,0,inundação,1,MÉDIO,3,outono,Norte_Amazonia
Z_0980_NOR,-3.51566,-56.6463,2024-02-13 00:00:00,382.8,29.9,98.6,4606.6,237.5,6.2,48.5,arenoso,rural,baixa,0,nenhum,0,MUITO BAIXO,2,verao,Norte_Amazonia
Z_0981_CEN,-12.83381,-51.51464,2023-08-03 00:00:00,14.1,32.0,59.44346987299318,28.1,753.3,3.4,3.1,argiloso,pastagem,media,0,nenhum,0,MUITO BAIXO,8,inverno,CentroOeste_Cerrado_Pantanal
Z_0982_SUD,-23.00226,-47.38117,2023-09-21 00:00:00,149.9,31.7,83.2,886.7,1131.0,24.7,17.0,organico,urbano,alta,0,inundação,0,BAIXO,9,primavera,Sudeste_Montanhoso_Litoraneo
Z_0983_NOR,-17.72462,-44.49926,2024-09-19 00:00:00,13.4,23.0,27.0,19.1,326.5,2.5,2.8,arenoso,rural,media,0,seca,0,BAIXO,9,primavera,Nordeste_Sertao
Z_0984_SUL,-25.50064,-51.60788,2023-04-11 00:00:00,233.0,31.2,44.2,1267.0,1656.6,22.1,4.9,organico,rural,media,0,seca,0,BAIXO,4,outono,Sul_Campos_Planalto
Z_0985_SUD,-24.19068,-41.30548,2023-06-14 00:00:00,127.4,18.5,43.02678313836353,4760.9,601.0,12.3,9.8,argiloso,pastagem,alta,0,nenhum,0,MUITO BAIXO,6,inverno,Sudeste_Montanhoso_Litoraneo
Z_0986_SUL,-26.21189,-51.67405,2023-06-05 00:00:00,94.4,31.8,49.92938174156949,263.8,571.7,15.4,16.2,argiloso,urbano,media,1,nenhum,0,MUITO BAIXO,6,inverno,Sul_Campos_Planalto
Z_0987_NOR,-6.94291,-37.44797,2023-10-19 00:00:00,66.2,33.9,26.0,365.8,959.3,8.7,2.6,argiloso_seco,pastagem,media,0,incêndio,0,BAIXO,10,primavera,Nordeste_Sertao
Z_0988_NOR,2.19503,-71.95475,2023-10-22 00:00:00,408.9,35.0,75.8,2970.4,229.2,19.9,7.2,arenoso,floresta,baixa,0,vendaval,0,BAIXO,10,primavera,Norte_Amazonia
Z_0989_NOR,-2.83353,-50.88063,2023-06-25 00:00:00,377.1,26.6,79.3,2405.3,215.5,2.1,33.1,argiloso,area_umida,media,0,inundação,0,MÉDIO,6,inverno,Norte_Amazonia
Z_0990_SUD,-22.6645,-40.29652,2023-07-10 00:00:00,147.7,15.9,40.72262034067482,4899.7,506.5,7.6,12.4,argiloso,pastagem,media,1,nenhum,0,MUITO BAIXO,7,inverno,Sudeste_Montanhoso_Litoraneo
Z_0991_NOR,-8.75467,-58.94422,2023-05-17 00:00:00,377.4,29.6,88.4,4740.1,168.8,2.3,21.7,organico,area_umida,baixa,0,inundação,0,MÉDIO,5,outono,Norte_Amazonia
Z_0992_SUD,-23.96411,-48.44055,2024-06-28 00:00:00,137.7,31.8,51.53416895635826,80.5,422.1,40.6,17.8,argiloso,floresta,baixa,0,nenhum,0,MUITO BAIXO,6,inverno,Sudeste_Montanhoso_Litoraneo
Z_0993_NOR,-7.16468,-38.64648,2023-03-12 00:00:00,47.0,28.4,63.7,449.3,619.5,18.3,18.3,arenoso,rural,alta,0,nenhum,0,MUITO BAIXO,3,outono,Nordeste_Sertao
Z_0994_NOR,-0.13997,-67.60967,2024-09-14 00:00:00,235.2,37.1,92.7,1749.4,369.0,8.2,33.5,argiloso,floresta,baixa,0,nenhum,0,MUITO BAIXO,9,primavera,Norte_Amazonia
Z_0995_NOR,3.97263,-69.66501,2024-10-07 00:00:00,419.4,31.0,81.6,2971.7,213.9,13.2,75.8,arenoso,urbano,media,0,incêndio,0,BAIXO,10,primavera,Norte_Amazonia
Z_0996_NOR,-6.6557,-72.2058,2023-06-24 00:00:00,441.8,30.0,92.1,3824.1,216.5,8.0,65.2,argiloso,floresta,baixa,0,incêndio,0,BAIXO,6,inverno,Norte_Amazonia
Z_0997_CEN,-10.70578,-54.59811,2023-02-13 00:00:00,208.7,30.8,76.7,314.2,722.5,14.5,3.0,argiloso,floresta,baixa,0,inundação,1,MÉDIO,2,verao,CentroOeste_Cerrado_Pantanal
Z_0998_SUL,-27.94517,-57.57129,2024-07-25 00:00:00,153.1,26.9,16.553428885544648,2919.2,1165.8,39.4,2.8,arenoso_argiloso,floresta,baixa,0,nenhum,0,MUITO BAIXO,7,inverno,Sul_Campos_Planalto
Z_0999_NOR,-9.4609,-58.53474,2023-10-24 00:00:00,358.4,22.6,84.5,2708.9,278.6,14.6,3.5,argiloso,floresta,baixa,0,inundação,0,MÉDIO,10,primavera,Norte_Amazonia
Z_1000_SUD,-23.62868,-42.21869,2023-02-09 00:00:00,262.9,25.4,78.4,443.5,32.4,51.9,27.5,argiloso,rural,alta,0,deslizamento,0,BAIXO,2,verao,Sudeste_Montanhoso_Litoraneo
Z_1001_SUL,-31.68365,-55.15938,2024-11-04 00:00:00,97.1,26.1,83.8,2962.0,1303.6,14.5,8.0,organico,urbano,media,0,nenhum,0,MUITO BAIXO,11,primavera,Sul_Campos_Planalto
Z_1002_CEN,-5.90076,-60.4032,2024-08-24 00:00:00,12.3,24.8,11.809940868434357,303.6,994.8,8.3,17.7,argiloso,pastagem,alta,0,incêndio,0,BAIXO,8,inverno,CentroOeste_Cerrado_Pantanal
Z_1003_NOR,-11.83125,-43.6601,2024-07-05 00:00:00,27.9,22.8,33.265652872732616,351.5,145.3,14.2,7.2,rochoso,rural,baixa,0,nenhum,0,MUITO BAIXO,7,inverno,Nordeste_Sertao
Z_1004_SUL,-33.18006,-57.02963,2024-04-10 00:00:00,81.7,6.1,72.5,2972.8,1721.0,32.4,25.1,organico,urbano,alta,0,vendaval,0,BAIXO,4,outono,Sul_Campos_Planalto
Z_1005_SUD,-21.54842,-46.13886,2024-05-29 00:00:00,125.2,34.6,54.9,189.7,430.0,45.2,26.8,argiloso,pastagem,baixa,0,nenhum,0,MUITO BAIXO,5,outono,Sudeste_Montanhoso_Litoraneo
Z_1006_NOR,-1.33786,-53.04842,2024-08-05 00:00:00,308.1,36.4,93.9,4670.8,48.6,3.4,17.7,arenoso,area_umida,baixa,1,inundação,0,MÉDIO,8,inverno,Norte_Amazonia
Z_1007_NOR,-8.2877,-40.27223,2024-07-06 00:00:00,2.6,37.9,19.70494915619067,110.8,429.7,11.5,7.7,rochoso,pastagem,alta,0,nenhum,0,MUITO BAIXO,7,inverno,Nordeste_Sertao
Z_1008_SUL,-26.73545,-51.07185,2023-12-30 00:00:00,240.4,16.8,83.4,1076.4,530.3,10.7,27.9,organico,rural,baixa,0,vendaval,0,BAIXO,12,verao,Sul_Campos_Planalto
Z_1009_CEN,-18.88014,-50.57895,2023-02-02 00:00:00,86.0,33.5,35.1,202.2,993.8,23.3,29.2,arenoso,pastagem,alta,0,seca,0,BAIXO,2,verao,CentroOeste_Cerrado_Pantanal
Z_1010_SUD,-23.46718,-45.76534,2024-09-12 00:00:00,86.9,21.1,86.3,922.9,2212.3,40.0,17.0,rochoso,urbano,alta,0,nenhum,0,MUITO BAIXO,9,primavera,Sudeste_Montanhoso_Litoraneo
Z_1011_NOR,-6.25065,-40.59626,2024-04-08 00:00:00,76.7,25.1,31.3,484.3,157.5,8.9,0.8,rochoso,pastagem,media,0,incêndio,0,BAIXO,4,outono,Nordeste_Sertao
Z_1012_SUL,-26.85254,-57.94788,2024-01-03 00:00:00,149.4,10.0,75.2,4729.2,521.8,25.3,29.2,arenoso_argiloso,pastagem,baixa,0,nenhum,0,MUITO BAIXO,1,verao,Sul_Campos_Planalto
Z_1013_NOR,-15.54981,-40.54615,2024-06-11 00:00:00,1.4,25.6,40.4237611606818,376.0,887.6,9.4,18.5,arenoso,pastagem,alta,0,seca,0,BAIXO,6,inverno,Nordeste_Sertao
Z_1014_CEN,-13.56347,-52.95309,2023-12-02 00:00:00,181.4,27.1,31.2,169.8,567.9,14.9,22.2,arenoso,area_umida,baixa,0,inundação,0,MÉDIO,12,verao,CentroOeste_Cerrado_Pantanal
Z_1015_SUD,-19.11635,-39.04674,2023-11-12 00:00:00,236.2,18.3,92.8,1994.5,144.3,30.9,7.5,rochoso,rural,alta,1,nenhum,0,MUITO BAIXO,11,primavera,Sudeste_Montanhoso_Litoraneo
Z_1016_SUL,-24.17402,-52.17518,2024-01-12 00:00:00,92.2,27.6,44.8,2455.2,737.7,21.8,26.7,argiloso,rural,baixa,0,nenhum,0,MUITO BAIXO,1,verao,Sul_Campos_Planalto
Z_1017_NOR,-6.43321,-39.16641,2024-07-24 00:00:00,22.7,30.7,15.629308390343716,343.5,646.1,19.1,19.6,arenoso,rural,alta,0,nenhum,0,MUITO BAIXO,7,inverno,Nordeste_Sertao
Z_1018_NOR,-2.45052,-55.72323,2024-01-11 00:00:00,156.3,26.6,87.8,4670.2,306.3,15.4,40.5,organico,area_umida,baixa,0,nenhum,0,MUITO BAIXO,1,verao,Norte_Amazonia
Z_1019_SUL,-26.24968,-52.87237,2023-11-29 00:00:00,89.8,22.5,83.9,1503.5,1631.8,17.7,21.8,argiloso,pastagem,baixa,1,nenhum,0,MUITO BAIXO,11,primavera,Sul_Campos_Planalto
Z_1020_SUL,-24.22345,-54.65573,2024-01-22 00:00:00,206.8,31.7,76.7,2375.8,1171.8,26.1,13.9,arenoso_argiloso,rural,alta,0,vendaval,0,BAIXO,1,verao,Sul_Campos_Planalto
Z_1021_NOR,3.24036,-56.40403,2024-09-18 00:00:00,380.5,24.7,89.7,1015.4,59.5,9.7,62.7,arenoso,urbano,alta,0,inundação,0,MÉDIO,9,primavera,Norte_Amazonia
Z_1022_SUD,-19.17089,-39.92338,2023-09-10 00:00:00,117.5,32.1,90.4,4922.4,1960.8,28.5,9.4,argiloso,rural,alta,0,deslizamento,0,BAIXO,9,primavera,Sudeste_Montanhoso_Litoraneo
Z_1023_NOR,-1.74825,-65.08247,2024-08-18 00:00:00,271.0,31.0,88.8,3599.4,139.2,1.9,49.7,organico,rural,baixa,0,nenhum,0,MUITO BAIXO,8,inverno,Norte_Amazonia
Z_1024_SUD,-24.03172,-46.69711,2024-03-01 00:00:00,127.1,19.5,75.4,3857.3,1157.8,42.3,27.6,organico,pastagem,media,0,nenhum,0,MUITO BAIXO,3,outono,Sudeste_Montanhoso_Litoraneo
Z_1025_NOR,-8.99394,-42.72591,2023-10-28 00:00:00,48.2,40.6,65.1,358.1,970.3,3.8,18.4,argiloso_seco,rural,baixa,0,nenhum,0,MUITO BAIXO,10,primavera,Nordeste_Sertao
Z_1026_NOR,-6.92058,-42.59051,2023-03-11 00:00:00,88.8,32.6,35.9,496.4,994.4,0.3,13.2,argiloso_seco,pastagem,baixa,0,seca,0,BAIXO,3,outono,Nordeste_Sertao
Z_1027_SUD,-19.21477,-44.01603,2023-07-15 00:00:00,153.3,18.9,38.266399311239894,4670.4,300.5,38.9,11.2,rochoso,rural,baixa,0,vendaval,0,BAIXO,7,inverno,Sudeste_Montanhoso_Litoraneo
Z_1028_SUD,-21.23284,-48.48697,2024-06-01 00:00:00,316.7,19.4,57.73599473054616,3348.3,1300.3,14.2,15.6,argiloso,urbano,alta,1,nenhum,0,MUITO BAIXO,6,inverno,Sudeste_Montanhoso_Litoraneo
Z_1029_CEN,-20.98514,-59.68995,2023-10-03 00:00:00,137.0,31.0,48.6,215.0,390.0,12.1,7.1,arenoso,pastagem,media,1,nenhum,0,MUITO BAIXO,10,primavera,CentroOeste_Cerrado_Pantanal
Z_1030_NOR,-11.37257,-38.01988,2023-08-08 00:00:00,14.2,27.7,39.69096936359456,213.4,529.0,29.3,17.3,argiloso_seco,pastagem,alta,0,seca,0,BAIXO,8,inverno,Nordeste_Sertao
Z_1031_NOR,4.78217,-52.71208,2024-06-03 00:00:00,178.8,22.8,98.8,1844.3,153.6,8.6,36.2,argiloso,floresta,media,0,incêndio,0,BAIXO,6,inverno,Norte_Amazonia
Z_1032_SUD,-23.12529,-39.32979,2024-04-17 00:00:00,220.0,34.6,78.1,4968.7,24.8,10.4,22.6,argiloso,urbano,alta,0,inundação,1,MÉDIO,4,outono,Sudeste_Montanhoso_Litoraneo
Z_1033_NOR,-11.07525,-43.82982,2023-01-22 00:00:00,86.5,36.3,28.3,150.6,522.3,4.6,19.3,arenoso,pastagem,media,0,nenhum,0,MUITO BAIXO,1,verao,Nordeste_Sertao
Z_1034_SUL,-23.96056,-51.58335,2024-10-15 00:00:00,234.2,7.3,42.6,2557.3,245.8,31.3,20.4,argiloso,floresta,baixa,0,deslizamento,0,MÉDIO,10,primavera,Sul_Campos_Planalto
Z_1035_NOR,-4.94131,-48.77286,2024-08-13 00:00:00,241.2,36.9,76.9,4398.0,49.3,15.8,55.6,arenoso,rural,baixa,0,vendaval,1,MÉDIO,8,inverno,Norte_Amazonia
Z_1036_CEN,-20.57445,-55.32699,2023-07-29 00:00:00,31.2,35.5,55.74889039537797,283.8,492.0,12.1,29.6,latossolo,area_umida,media,0,seca,0,BAIXO,7,inverno,CentroOeste_Cerrado_Pantanal
Z_1037_CEN,-15.59733,-52.51692,2024-07-30 00:00:00,14.8,19.4,53.186885019001195,113.4,665.5,5.1,4.6,argiloso,floresta,baixa,0,incêndio,0,BAIXO,7,inverno,CentroOeste_Cerrado_Pantanal
Z_1038_NOR,-6.57438,-37.97938,2023-01-10 00:00:00,13.3,28.2,35.7,422.1,836.6,25.7,11.0,rochoso,rural,alta,0,seca,0,BAIXO,1,verao,Nordeste_Sertao
Z_1039_NOR,-6.67533,-39.42531,2023-02-09 00:00:00,7.8,25.6,26.3,171.5,318.4,3.8,6.6,rochoso,pastagem,alta,0,incêndio,0,BAIXO,2,verao,Nordeste_Sertao
Z_1040_NOR,-12.56178,-44.09517,2024-01-05 00:00:00,75.0,25.4,45.1,350.1,610.5,0.4,26.9,argiloso_seco,rural,baixa,1,seca,0,BAIXO,1,verao,Nordeste_Sertao
Z_1041_NOR,-8.6459,-41.85611,2024-08-15 00:00:00,5.1,28.1,16.51975048594536,226.9,825.7,0.5,28.0,rochoso,pastagem,baixa,0,nenhum,0,MUITO BAIXO,8,inverno,Nordeste_Sertao
Z_1042_NOR,-9.1571,-51.88161,2023-09-08 00:00:00,197.6,34.4,80.6,4124.0,345.2,15.4,59.3,argiloso,urbano,alta,0,inundação,0,BAIXO,9,primavera,Norte_Amazonia
Z_1043_SUD,-20.70188,-39.95861,2023-10-20 00:00:00,252.9,27.1,61.0,1749.5,1975.6,35.3,3.6,organico,pastagem,baixa,0,deslizamento,0,BAIXO,10,primavera,Sudeste_Montanhoso_Litoraneo
Z_1044_CEN,-8.66137,-47.86865,2024-10-01 00:00:00,84.1,20.6,35.2,409.7,660.8,5.5,16.0,arenoso,area_umida,media,0,nenhum,0,MUITO BAIXO,10,primavera,CentroOeste_Cerrado_Pantanal
Z_1045_NOR,-9.38512,-71.04657,2024-11-29 00:00:00,351.4,32.0,97.3,1756.0,50.9,11.8,21.5,arenoso,area_umida,baixa,0,inundação,0,MÉDIO,11,primavera,Norte_Amazonia
Z_1046_NOR,-10.13174,-42.22178,2023-05-28 00:00:00,81.8,28.6,23.5,279.5,399.8,5.2,7.5,arenoso,rural,alta,0,nenhum,0,MUITO BAIXO,5,outono,Nordeste_Sertao
Z_1047_SUL,-24.44204,-50.92505,2024-05-18 00:00:00,108.7,17.7,65.0,3830.9,1568.7,13.0,18.2,argiloso,rural,baixa,0,vendaval,0,BAIXO,5,outono,Sul_Campos_Planalto
Z_1048_NOR,3.89594,-73.23416,2023-12-01 00:00:00,250.6,29.6,88.4,723.5,175.4,16.2,63.3,organico,floresta,baixa,0,nenhum,0,MUITO BAIXO,12,verao,Norte_Amazonia
Z_1049_NOR,1.93095,-71.08544,2023-04-11 00:00:00,217.1,33.0,76.8,1818.5,448.6,17.2,30.5,argiloso,area_umida,media,1,incêndio,0,BAIXO,4,outono,Norte_Amazonia
Z_1050_NOR,4.69773,-58.50987,2024-05-02 00:00:00,279.7,32.5,97.9,3672.0,343.2,13.0,37.8,arenoso,urbano,alta,0,inundação,0,BAIXO,5,outono,Norte_Amazonia
Z_1051_SUL,-33.72642,-48.27931,2023-05-20 00:00:00,75.3,8.9,83.6,1891.2,1.1,22.3,21.3,organico,floresta,baixa,0,nenhum,0,MUITO BAIXO,5,outono,Sul_Campos_Planalto
Z_1052_SUD,-21.73056,-48.17428,2023-11-10 00:00:00,80.4,31.6,93.7,3148.2,1032.6,50.9,22.5,organico,rural,baixa,0,vendaval,0,BAIXO,11,primavera,Sudeste_Montanhoso_Litoraneo
Z_1053_SUD,-24.21832,-49.76714,2024-10-13 00:00:00,113.4,28.6,80.5,1096.5,758.1,43.2,14.2,organico,pastagem,alta,0,inundação,0,BAIXO,10,primavera,Sudeste_Montanhoso_Litoraneo
Z_1054_SUD,-20.32199,-46.59152,2024-06-27 00:00:00,123.7,27.9,72.21749170191555,2442.1,1342.8,30.8,3.4,organico,urbano,alta,0,nenhum,0,MUITO BAIXO,6,inverno,Sudeste_Montanhoso_Litoraneo
Z_1055_SUD,-20.48732,-40.98988,2024-08-09 00:00:00,282.6,21.7,76.5741005920568,987.2,1332.9,24.5,26.1,organico,floresta,baixa,0,vendaval,0,BAIXO,8,inverno,Sudeste_Montanhoso_Litoraneo
Z_1056_NOR,-8.1957,-41.57576,2023-06-07 00:00:00,19.3,41.1,15.9,401.8,929.5,14.3,15.0,argiloso_seco,pastagem,media,0,seca,1,MÉDIO,6,inverno,Nordeste_Sertao
Z_1057_SUD,-20.7747,-41.51782,2024-04-26 00:00:00,200.9,29.3,70.9,2001.8,1979.7,51.6,8.7,argiloso,pastagem,alta,0,deslizamento,0,BAIXO,4,outono,Sudeste_Montanhoso_Litoraneo
Z_1058_SUL,-31.53314,-51.38325,2024-02-24 00:00:00,143.8,5.7,41.9,659.9,1181.6,9.1,30.0,argiloso,floresta,media,0,nenhum,0,MUITO BAIXO,2,verao,Sul_Campos_Planalto
Z_1059_NOR,1.82841,-60.94112,2023-10-09 00:00:00,361.6,32.6,71.5,3962.3,153.5,18.3,70.4,organico,urbano,alta,0,inundação,0,BAIXO,10,primavera,Norte_Amazonia
Z_1060_NOR,3.14371,-73.76097,2023-07-26 00:00:00,367.5,27.5,88.9,3376.8,244.9,7.5,37.3,argiloso,rural,baixa,0,vendaval,1,MÉDIO,7,inverno,Norte_Amazonia
Z_1061_SUD,-18.18119,-46.97425,2023-01-03 00:00:00,80.2,33.2,87.5,4316.4,475.5,40.9,1.5,rochoso,rural,media,1,deslizamento,0,BAIXO,1,verao,Sudeste_Montanhoso_Litoraneo
Z_1062_NOR,-13.05487,-45.71924,2023-10-08 00:00:00,66.5,20.8,38.7,292.5,282.7,9.8,5.6,arenoso,rural,media,0,nenhum,0,MUITO BAIXO,10,primavera,Nordeste_Sertao
Z_1063_NOR,-13.44162,-42.02493,2024-08-31 00:00:00,15.6,32.3,18.735375142829007,455.3,852.8,12.8,13.9,arenoso,rural,alta,0,incêndio,1,MÉDIO,8,inverno,Nordeste_Sertao
Z_1064_CEN,-8.57451,-45.50366,2023-10-19 00:00:00,138.8,33.7,56.7,273.6,154.2,23.0,19.0,latossolo,area_umida,baixa,0,nenhum,0,MUITO BAIXO,10,primavera,CentroOeste_Cerrado_Pantanal
Z_1065_NOR,-14.04525,-43.27681,2023-04-12 00:00:00,91.1,22.3,28.7,397.2,417.5,25.4,12.8,arenoso,pastagem,media,0,nenhum,0,MUITO BAIXO,4,outono,Nordeste_Sertao
Z_1066_NOR,-8.57799,-52.89557,2024-05-11 00:00:00,199.5,33.9,90.3,4438.3,32.7,18.0,51.9,argiloso,urbano,alta,0,nenhum,0,MUITO BAIXO,5,outono,Norte_Amazonia
Z_1067_NOR,-0.77832,-66.89553,2023-11-09 00:00:00,366.1,27.0,85.5,1244.5,459.9,0.0,0.1,argiloso,floresta,media,0,inundação,0,BAIXO,11,primavera,Norte_Amazonia
Z_1068_SUD,-22.32197,-47.06799,2023-06-18 00:00:00,188.7,31.0,49.84015387177904,328.7,445.2,9.0,5.7,argiloso,urbano,alta,0,deslizamento,0,BAIXO,6,inverno,Sudeste_Montanhoso_Litoraneo
Z_1069_NOR,1.01908,-55.57339,2023-06-28 00:00:00,321.4,34.0,81.9,2543.0,396.5,10.7,52.2,arenoso,urbano,alta,0,nenhum,0,MUITO BAIXO,6,inverno,Norte_Amazonia
Z_1070_NOR,-2.40838,-58.63824,2024-03-01 00:00:00,227.4,30.9,96.5,3305.8,461.1,17.0,5.0,organico,area_umida,media,0,vendaval,0,MÉDIO,3,outono,Norte_Amazonia
Z_1071_SUL,-32.78551,-50.35734,2023-10-23 00:00:00,121.0,29.7,88.0,3658.8,911.7,5.2,23.8,arenoso_argiloso,urbano,alta,0,inundação,0,BAIXO,10,primavera,Sul_Campos_Planalto
Z_1072_NOR,-6.53314,-41.36563,2024-02-08 00:00:00,96.8,34.7,28.8,485.9,149.4,15.2,2.6,rochoso,pastagem,alta,0,nenhum,0,MUITO BAIXO,2,verao,Nordeste_Sertao
Z_1073_CEN,-7.62481,-60.46179,2024-08-17 00:00:00,12.5,33.3,32.36255928530754,240.4,731.2,8.3,16.7,latossolo,pastagem,baixa,0,incêndio,1,MÉDIO,8,inverno,CentroOeste_Cerrado_Pantanal
Z_1074_SUL,-23.97438,-52.4363,2023-08-09 00:00:00,245.7,29.7,48.813018258971795,1161.1,94.8,26.7,28.2,argiloso,urbano,media,0,deslizamento,0,MÉDIO,8,inverno,Sul_Campos_Planalto
Z_1075_SUD,-21.78387,-48.30159,2024-05-06 00:00:00,314.5,15.7,68.4,4741.4,1891.2,59.0,21.6,rochoso,floresta,baixa,0,deslizamento,0,BAIXO,5,outono,Sudeste_Montanhoso_Litoraneo
Z_1076_SUD,-18.22381,-46.11002,2024-10-30 00:00:00,280.6,29.4,67.1,2498.9,1554.5,44.7,18.9,argiloso,floresta,media,0,deslizamento,1,ALTO,10,primavera,Sudeste_Montanhoso_Litoraneo
Z_1077_SUD,-19.50188,-41.75164,2023-07-20 00:00:00,340.6,29.3,35.35420715924975,2688.3,981.2,59.1,17.1,rochoso,floresta,baixa,1,deslizamento,0,BAIXO,7,inverno,Sudeste_Montanhoso_Litoraneo
Z_1078_NOR,-2.09651,-43.87276,2023-07-30 00:00:00,2.9,35.2,50.32505356192776,66.4,247.9,11.0,25.9,argiloso_seco,rural,baixa,0,incêndio,0,BAIXO,7,inverno,Nordeste_Sertao
Z_1079_NOR,4.40067,-69.85488,2023-01-09 00:00:00,328.8,32.5,75.4,4315.6,425.0,16.6,5.8,arenoso,floresta,baixa,0,nenhum,0,MUITO BAIXO,1,verao,Norte_Amazonia
Z_1080_NOR,3.22495,-73.5009,2023-11-16 00:00:00,213.0,35.8,76.4,2185.9,116.5,19.7,22.7,argiloso,urbano,alta,0,incêndio,0,BAIXO,11,primavera,Norte_Amazonia
Z_1081_CEN,-17.75467,-49.2849,2024-12-14 00:00:00,146.0,20.3,64.5,289.4,104.0,11.1,13.7,argiloso,rural,alta,1,incêndio,0,BAIXO,12,verao,CentroOeste_Cerrado_Pantanal
Z_1082_SUL,-26.77303,-49.40835,2024-12-20 00:00:00,146.0,22.5,75.6,3214.2,424.0,17.5,3.5,argiloso,urbano,alta,0,nenhum,0,MUITO BAIXO,12,verao,Sul_Campos_Planalto
Z_1083_CEN,-15.47443,-60.66909,2024-11-21 00:00:00,108.8,31.1,83.5,490.9,808.4,3.0,21.9,arenoso,area_umida,baixa,0,nenhum,0,MUITO BAIXO,11,primavera,CentroOeste_Cerrado_Pantanal
Z_1084_CEN,-15.68388,-57.34435,2023-07-24 00:00:00,2.0,31.7,58.42893500184802,23.5,747.2,12.4,28.2,latossolo,floresta,baixa,0,nenhum,0,MUITO BAIXO,7,inverno,CentroOeste_Cerrado_Pantanal
Z_1085_NOR,-0.66213,-55.00508,2023-06-07 00:00:00,165.4,34.1,92.1,1162.6,163.9,17.9,8.6,argiloso,urbano,media,0,nenhum,0,MUITO BAIXO,6,inverno,Norte_Amazonia
Z_1086_NOR,-3.76881,-64.79794,2023-08-02 00:00:00,197.6,31.9,82.1,1237.3,394.2,0.9,74.1,argiloso,area_umida,baixa,0,inundação,0,BAIXO,8,inverno,Norte_Amazonia
Z_1087_SUD,-20.74488,-48.87088,2024-12-18 00:00:00,315.5,21.8,93.8,2932.5,291.5,46.0,15.7,rochoso,urbano,media,0,vendaval,0,BAIXO,12,verao,Sudeste_Montanhoso_Litoraneo
Z_1088_SUL,-24.10894,-57.64799,2024-02-18 00:00:00,219.0,19.5,54.3,3323.1,1380.6,20.9,12.0,argiloso,floresta,media,0,nenhum,0,MUITO BAIXO,2,verao,Sul_Campos_Planalto
Z_1089_SUL,-29.76529,-57.13794,2024-09-14 00:00:00,221.9,24.3,59.8,3330.8,969.5,27.9,13.3,arenoso_argiloso,floresta,baixa,0,nenhum,0,MUITO BAIXO,9,primavera,Sul_Campos_Planalto
Z_1090_SUD,-21.81671,-41.6908,2024-11-28 00:00:00,289.0,16.5,62.4,536.5,661.6,37.8,26.1,rochoso,pastagem,alta,0,vendaval,0,BAIXO,11,primavera,Sudeste_Montanhoso_Litoraneo
Z_1091_NOR,-11.95694,-42.10015,2023-03-24 00:00:00,93.0,25.2,61.4,98.5,131.6,6.7,27.8,argiloso_seco,pastagem,baixa,0,incêndio,0,BAIXO,3,outono,Nordeste_Sertao
Z_1092_NOR,2.43454,-72.69206,2023-12-30 00:00:00,196.2,27.2,78.6,1445.1,13.5,13.1,65.7,organico,floresta,baixa,0,inundação,1,MÉDIO,12,verao,Norte_Amazonia
Z_1093_CEN,-10.17368,-54.00048,2023-11-14 00:00:00,119.5,27.9,46.4,401.7,1066.3,13.0,4.2,argiloso,floresta,baixa,0,nenhum,0,MUITO BAIXO,11,primavera,CentroOeste_Cerrado_Pantanal
Z_1094_CEN,-20.37095,-50.59861,2023-03-25 00:00:00,144.3,35.2,83.1,436.4,619.7,6.1,28.6,arenoso,floresta,media,0,nenhum,0,MUITO BAIXO,3,outono,CentroOeste_Cerrado_Pantanal
Z_1095_SUD,-20.94328,-45.0836,2024-04-21 00:00:00,255.1,26.0,73.8,3754.8,39.5,7.9,17.0,organico,pastagem,media,0,inundação,0,MÉDIO,4,outono,Sudeste_Montanhoso_Litoraneo
Z_1096_NOR,-10.95046,-44.34438,2024-01-24 00:00:00,107.2,23.4,62.9,270.6,636.8,28.3,11.2,arenoso,pastagem,media,1,nenhum,0,MUITO BAIXO,1,verao,Nordeste_Sertao
Z_1097_NOR,-5.53137,-37.52691,2024-10-11 00:00:00,82.9,32.0,38.8,417.9,115.4,26.7,17.5,arenoso,rural,media,0,nenhum,0,MUITO BAIXO,10,primavera,Nordeste_Sertao
Z_1098_SUL,-22.94304,-55.83902,2023-02-08 00:00:00,154.5,17.3,72.0,1879.1,563.7,34.8,2.9,organico,rural,media,0,deslizamento,0,MÉDIO,2,verao,Sul_Campos_Planalto
Z_1099_SUD,-21.43089,-41.81809,2023-02-22 00:00:00,344.5,27.1,68.7,3346.6,413.8,31.6,25.4,organico,rural,baixa,0,deslizamento,0,MÉDIO,2,verao,Sudeste_Montanhoso_Litoraneo
Z_1100_NOR,-15.87064,-43.22801,2024-09-02 00:00:00,92.5,21.2,59.8,106.2,497.2,17.7,24.7,argiloso_seco,rural,alta,0,incêndio,0,BAIXO,9,primavera,Nordeste_Sertao
Z_1101_NOR,-10.33221,-38.97689,2023-06-17 00:00:00,11.9,28.9,10.0,361.2,286.0,28.7,28.2,rochoso,pastagem,baixa,0,seca,0,BAIXO,6,inverno,Nordeste_Sertao
Z_1102_SUD,-23.88022,-47.9967,2023-10-13 00:00:00,260.6,23.8,58.3,1667.3,266.4,22.0,19.8,argiloso,floresta,media,0,nenhum,0,MUITO BAIXO,10,primavera,Sudeste_Montanhoso_Litoraneo
Z_1103_NOR,3.7077,-49.11444,2023-06-28 00:00:00,379.6,29.0,87.9,1359.5,211.6,17.9,16.0,arenoso,area_umida,baixa,0,nenhum,0,MUITO BAIXO,6,inverno,Norte_Amazonia
Z_1104_NOR,1.39659,-73.2785,2024-06-24 00:00:00,269.4,26.7,95.8,533.4,441.7,10.9,16.9,argiloso,floresta,baixa,1,incêndio,0,BAIXO,6,inverno,Norte_Amazonia
Z_1105_NOR,-9.58208,-38.62991,2023-09-20 00:00:00,11.0,20.7,50.5,410.1,670.3,21.8,13.1,argiloso_seco,pastagem,baixa,0,seca,0,BAIXO,9,primavera,Nordeste_Sertao
Z_1106_CEN,-17.0249,-55.94436,2023-09-24 00:00:00,92.7,25.4,57.3,449.0,215.2,8.6,29.1,arenoso,area_umida,media,0,nenhum,0,MUITO BAIXO,9,primavera,CentroOeste_Cerrado_Pantanal
Z_1107_NOR,0.78959,-63.13864,2023-01-24 00:00:00,369.3,27.8,78.2,1326.5,217.6,17.2,56.6,arenoso,area_umida,media,0,incêndio,0,BAIXO,1,verao,Norte_Amazonia
Z_1108_CEN,-13.12048,-55.70847,2023-06-11 00:00:00,11.3,36.5,34.97224424691119,401.8,602.0,20.6,10.2,argiloso,area_umida,baixa,1,seca,0,BAIXO,6,inverno,CentroOeste_Cerrado_Pantanal
Z_1109_NOR,-3.6417,-39.63944,2023-11-22 00:00:00,40.7,21.9,24.6,64.8,879.8,23.3,12.5,argiloso_seco,rural,baixa,0,nenhum,0,MUITO BAIXO,11,primavera,Nordeste_Sertao
Z_1110_NOR,-16.43232,-42.18232,2023-04-26 00:00:00,46.9,39.2,54.9,285.0,993.2,12.9,16.4,arenoso,pastagem,baixa,0,seca,0,BAIXO,4,outono,Nordeste_Sertao
Z_1111_SUD,-19.6373,-48.98242,2024-09-14 00:00:00,263.2,32.5,70.9,1009.3,1831.1,18.5,22.6,organico,floresta,media,0,deslizamento,0,BAIXO,9,primavera,Sudeste_Montanhoso_Litoraneo
Z_1112_SUD,-22.06907,-41.67968,2024-11-08 00:00:00,323.6,19.6,87.7,3484.6,12.3,57.9,11.6,rochoso,rural,baixa,0,nenhum,0,MUITO BAIXO,11,primavera,Sudeste_Montanhoso_Litoraneo
Z_1113_NOR,-9.75281,-56.04468,2024-11-28 00:00:00,417.5,27.4,97.5,3025.5,266.4,14.9,40.7,organico,rural,baixa,0,nenhum,0,MUITO BAIXO,11,primavera,Norte_Amazonia
Z_1114_CEN,-18.85887,-53.47845,2023-05-10 00:00:00,128.0,20.2,45.9,72.8,296.3,12.8,28.9,argiloso,rural,media,0,nenhum,0,MUITO BAIXO,5,outono,CentroOeste_Cerrado_Pantanal
Z_1115_SUL,-28.25862,-57.73358,2023-01-10 00:00:00,141.4,15.6,72.6,4103.9,1633.4,38.1,22.3,organico,urbano,media,0,nenhum,0,MUITO BAIXO,1,verao,Sul_Campos_Planalto
Z_1116_NOR,-3.04462,-62.49957,2023-12-03 00:00:00,231.2,24.9,98.4,2314.8,144.6,8.1,10.4,organico,rural,media,0,nenhum,0,MUITO BAIXO,12,verao,Norte_Amazonia
Z_1117_NOR,-1.56142,-56.2201,2024-12-29 00:00:00,162.6,28.3,98.9,2068.6,348.7,13.6,53.8,argiloso,urbano,alta,0,vendaval,0,MÉDIO,12,verao,Norte_Amazonia
Z_1118_SUL,-22.05014,-48.28387,2023-10-21 00:00:00,186.7,6.8,84.9,2357.9,810.2,38.2,23.6,arenoso_argiloso,pastagem,media,0,nenhum,0,MUITO BAIXO,10,primavera,Sul_Campos_Planalto
Z_1119_NOR,-0.79479,-53.27253,2023-08-10 00:00:00,205.5,22.6,94.4,4167.8,227.1,11.9,27.4,organico,floresta,media,0,nenhum,0,MUITO BAIXO,8,inverno,Norte_Amazonia
Z_1120_SUL,-33.47993,-51.97495,2024-05-23 00:00:00,131.9,30.9,44.5,1556.8,1748.6,33.4,10.3,argiloso,rural,baixa,0,inundação,0,BAIXO,5,outono,Sul_Campos_Planalto
Z_1121_NOR,-7.91852,-53.57534,2023-09-28 00:00:00,150.3,28.9,92.1,4138.6,120.0,12.1,24.4,argiloso,area_umida,baixa,0,nenhum,0,MUITO BAIXO,9,primavera,Norte_Amazonia
Z_1122_SUD,-24.91815,-47.00356,2024-10-20 00:00:00,160.4,30.9,75.4,1989.8,1238.0,34.3,11.7,rochoso,rural,media,0,nenhum,0,MUITO BAIXO,10,primavera,Sudeste_Montanhoso_Litoraneo
Z_1123_CEN,-12.11764,-47.53842,2023-03-18 00:00:00,163.3,36.6,79.6,395.7,854.5,13.7,7.3,arenoso,rural,media,0,nenhum,0,MUITO BAIXO,3,outono,CentroOeste_Cerrado_Pantanal
Z_1124_SUL,-33.7491,-54.91072,2024-02-09 00:00:00,79.3,25.4,60.1,2417.0,445.8,1.1,5.2,organico,pastagem,baixa,0,inundação,0,BAIXO,2,verao,Sul_Campos_Planalto
Z_1125_SUD,-20.10911,-41.41387,2024-04-14 00:00:00,113.3,22.6,62.2,2966.5,2575.4,18.6,1.4,rochoso,rural,baixa,0,vendaval,0,BAIXO,4,outono,Sudeste_Montanhoso_Litoraneo
Z_1126_CEN,-6.40098,-50.14581,2023-11-01 00:00:00,141.8,35.4,56.2,114.5,332.3,1.6,16.1,argiloso,rural,baixa,0,nenhum,0,MUITO BAIXO,11,primavera,CentroOeste_Cerrado_Pantanal
Z_1127_CEN,-11.76106,-46.04055,2024-04-19 00:00:00,171.8,30.9,52.5,37.7,409.5,7.9,6.2,argiloso,area_umida,baixa,0,inundação,0,BAIXO,4,outono,CentroOeste_Cerrado_Pantanal
Z_1128_SUD,-18.54531,-42.75748,2024-11-28 00:00:00,121.5,22.1,55.1,1425.4,2699.2,23.3,25.8,organico,pastagem,baixa,0,inundação,0,BAIXO,11,primavera,Sudeste_Montanhoso_Litoraneo
Z_1129_CEN,-17.62236,-50.9749,2024-03-30 00:00:00,79.2,35.3,49.8,79.7,463.5,15.6,15.0,arenoso,area_umida,media,0,nenhum,0,MUITO BAIXO,3,outono,CentroOeste_Cerrado_Pantanal
Z_1130_SUL,-24.09408,-52.0243,2023-12-31 00:00:00,206.1,5.4,69.0,189.5,670.4,36.5,22.0,arenoso_argiloso,rural,media,0,seca,0,BAIXO,12,verao,Sul_Campos_Planalto
Z_1131_NOR,-2.89901,-71.95133,2024-01-09 00:00:00,329.9,36.3,88.0,4714.5,312.4,8.4,67.6,argiloso,urbano,alta,0,vendaval,0,BAIXO,1,verao,Norte_Amazonia
Z_1132_NOR,-1.83384,-51.17986,2023-01-10 00:00:00,447.4,31.9,97.5,2069.7,227.9,16.9,22.1,organico,area_umida,media,0,vendaval,0,BAIXO,1,verao,Norte_Amazonia
Z_1133_SUD,-23.99758,-43.42714,2023-11-02 00:00:00,111.6,34.6,74.4,1347.5,569.9,7.5,8.7,argiloso,rural,baixa,0,nenhum,0,MUITO BAIXO,11,primavera,Sudeste_Montanhoso_Litoraneo
Z_1134_NOR,-3.92548,-45.85799,2023-07-04 00:00:00,1.5,38.0,32.28656118890071,266.3,716.1,23.5,8.7,rochoso,pastagem,media,0,incêndio,0,BAIXO,7,inverno,Nordeste_Sertao
Z_1135_SUD,-18.02391,-40.45929,2023-06-27 00:00:00,170.1,21.9,37.609454193896596,757.4,192.3,30.3,19.7,rochoso,urbano,alta,0,deslizamento,0,BAIXO,6,inverno,Sudeste_Montanhoso_Litoraneo
Z_1136_CEN,-15.21086,-52.31767,2023-04-20 00:00:00,101.5,34.5,65.2,114.4,129.2,21.7,29.8,latossolo,rural,alta,1,nenhum,0,MUITO BAIXO,4,outono,CentroOeste_Cerrado_Pantanal
Z_1137_NOR,-9.25035,-42.53951,2023-09-16 00:00:00,43.4,24.7,67.3,341.4,469.2,13.5,11.2,rochoso,pastagem,media,0,nenhum,0,MUITO BAIXO,9,primavera,Nordeste_Sertao
Z_1138_NOR,3.75671,-69.3662,2023-12-25 00:00:00,276.5,31.6,88.6,3832.3,126.3,17.2,57.0,arenoso,rural,baixa,2,nenhum,0,MUITO BAIXO,12,verao,Norte_Amazonia
Z_1139_SUL,-29.58512,-55.91631,2024-11-26 00:00:00,138.1,7.1,47.7,4990.6,858.9,21.8,1.4,arenoso_argiloso,rural,media,0,nenhum,0,MUITO BAIXO,11,primavera,Sul_Campos_Planalto
Z_1140_SUD,-22.33062,-40.07677,2023-09-10 00:00:00,216.1,18.7,65.0,4452.4,465.7,56.1,4.6,rochoso,pastagem,alta,0,nenhum,0,MUITO BAIXO,9,primavera,Sudeste_Montanhoso_Litoraneo
Z_1141_NOR,-3.23052,-50.4678,2023-01-24 00:00:00,185.4,30.2,75.3,3190.7,157.9,9.6,78.8,organico,urbano,media,0,nenhum,0,MUITO BAIXO,1,verao,Norte_Amazonia
Z_1142_CEN,-18.66572,-46.81937,2024-09-21 00:00:00,98.1,18.8,69.0,89.5,150.2,4.1,28.7,latossolo,pastagem,media,0,nenhum,0,MUITO BAIXO,9,primavera,CentroOeste_Cerrado_Pantanal
Z_1143_SUD,-18.73353,-41.60721,2024-11-08 00:00:00,161.0,28.7,52.3,420.1,1679.5,21.3,7.9,rochoso,rural,media,0,nenhum,0,MUITO BAIXO,11,primavera,Sudeste_Montanhoso_Litoraneo
Z_1144_NOR,2.58511,-69.19357,2024-12-04 00:00:00,435.4,31.6,87.1,2163.9,454.9,3.6,57.5,organico,rural,baixa,0,nenhum,0,MUITO BAIXO,12,verao,Norte_Amazonia
Z_1145_SUD,-20.9929,-45.57284,2023-08-17 00:00:00,311.1,22.5,27.741897385063613,2605.7,2299.6,34.9,27.9,argiloso,urbano,alta,1,deslizamento,0,MÉDIO,8,inverno,Sudeste_Montanhoso_Litoraneo
Z_1146_NOR,3.28807,-72.98219,2024-09-25 00:00:00,324.8,25.5,70.0,1396.1,345.9,9.0,59.1,arenoso,urbano,alta,0,vendaval,0,BAIXO,9,primavera,Norte_Amazonia
Z_1147_NOR,3.56356,-62.69864,2024-02-02 00:00:00,439.6,24.4,97.3,3383.3,57.5,13.3,17.0,argiloso,urbano,alta,0,inundação,1,MÉDIO,2,verao,Norte_Amazonia
Z_1148_SUL,-26.13167,-48.33903,2024-10-03 00:00:00,113.5,9.3,58.6,1173.6,862.4,36.5,4.1,organico,pastagem,baixa,1,vendaval,0,BAIXO,10,primavera,Sul_Campos_Planalto
Z_1149_CEN,-15.52279,-55.59251,2023-07-19 00:00:00,4.6,34.1,61.19942663083755,213.0,867.4,11.5,26.0,arenoso,floresta,baixa,0,nenhum,0,MUITO BAIXO,7,inverno,CentroOeste_Cerrado_Pantanal
Z_1150_SUL,-25.38944,-52.16058,2023-08-22 00:00:00,185.1,11.9,33.647695868908514,44.9,1728.2,33.0,10.9,argiloso,floresta,baixa,0,deslizamento,0,MÉDIO,8,inverno,Sul_Campos_Planalto
Z_1151_CEN,-5.21405,-58.32724,2023-02-10 00:00:00,111.9,25.8,50.5,132.7,895.1,18.4,29.7,arenoso,floresta,baixa,0,seca,0,BAIXO,2,verao,CentroOeste_Cerrado_Pantanal
Z_1152_NOR,-9.41856,-45.05684,2024-02-11 00:00:00,41.3,39.3,63.9,476.1,721.8,15.3,15.1,argiloso_seco,rural,alta,0,nenhum,0,MUITO BAIXO,2,verao,Nordeste_Sertao
Z_1153_SUD,-18.09993,-39.92539,2024-08-07 00:00:00,201.8,16.8,45.95761971069739,2441.5,1679.8,45.4,25.0,organico,floresta,media,0,deslizamento,0,BAIXO,8,inverno,Sudeste_Montanhoso_Litoraneo
Z_1154_SUL,-29.51398,-53.48946,2023-09-09 00:00:00,174.4,16.4,44.9,1831.4,998.0,15.9,5.3,organico,floresta,baixa,0,inundação,0,BAIXO,9,primavera,Sul_Campos_Planalto
Z_1155_CEN,-15.85691,-52.94461,2024-04-30 00:00:00,137.6,20.9,72.7,177.3,1153.6,11.1,5.0,argiloso,pastagem,baixa,0,nenhum,0,MUITO BAIXO,4,outono,CentroOeste_Cerrado_Pantanal
Z_1156_NOR,-2.64011,-57.84957,2023-11-23 00:00:00,342.1,22.6,80.1,3940.2,94.5,7.1,33.6,argiloso,urbano,alta,1,inundação,0,BAIXO,11,primavera,Norte_Amazonia
Z_1157_SUL,-31.64058,-56.13607,2024-03-20 00:00:00,116.0,22.8,71.9,801.2,1322.2,11.6,4.9,argiloso,urbano,media,0,nenhum,0,MUITO BAIXO,3,outono,Sul_Campos_Planalto
Z_1158_NOR,-10.94721,-40.76688,2024-03-01 00:00:00,72.5,40.2,48.3,162.2,878.2,15.0,9.6,rochoso,rural,alta,0,nenhum,0,MUITO BAIXO,3,outono,Nordeste_Sertao
Z_1159_CEN,-23.38539,-53.713,2023-03-25 00:00:00,175.1,28.6,74.6,429.4,563.3,1.9,11.1,arenoso,pastagem,media,0,inundação,0,BAIXO,3,outono,CentroOeste_Cerrado_Pantanal
Z_1160_CEN,-19.70598,-48.21852,2024-10-31 00:00:00,199.0,34.0,48.7,260.9,1151.2,5.9,1.0,arenoso,area_umida,baixa,0,inundação,1,MÉDIO,10,primavera,CentroOeste_Cerrado_Pantanal
Z_1161_NOR,-2.74475,-48.14621,2024-10-18 00:00:00,238.1,30.7,77.2,1884.5,454.2,8.6,52.5,argiloso,rural,media,0,nenhum,0,MUITO BAIXO,10,primavera,Norte_Amazonia
Z_1162_SUD,-18.24115,-49.76837,2023-04-07 00:00:00,148.6,25.5,91.8,1683.1,2443.8,15.8,16.7,rochoso,pastagem,alta,1,deslizamento,0,BAIXO,4,outono,Sudeste_Montanhoso_Litoraneo
Z_1163_SUD,-21.09563,-45.79549,2023-07-16 00:00:00,263.5,19.8,75.28029539476896,2196.9,726.5,18.6,10.2,organico,rural,media,1,deslizamento,0,BAIXO,7,inverno,Sudeste_Montanhoso_Litoraneo
Z_1164_NOR,-3.81921,-63.49851,2023-11-28 00:00:00,354.7,28.1,77.6,4286.6,441.4,10.2,46.9,organico,urbano,alta,0,incêndio,0,BAIXO,11,primavera,Norte_Amazonia
Z_1165_CEN,-22.81412,-52.58017,2023-12-01 00:00:00,157.6,18.2,71.6,177.6,574.8,18.9,26.9,argiloso,rural,media,0,inundação,0,BAIXO,12,verao,CentroOeste_Cerrado_Pantanal
Z_1166_NOR,-3.04804,-40.33819,2023-03-15 00:00:00,29.5,25.1,55.8,52.6,585.3,5.0,24.4,arenoso,pastagem,alta,0,nenhum,0,MUITO BAIXO,3,outono,Nordeste_Sertao
Z_1167_CEN,-10.5487,-58.59805,2024-11-19 00:00:00,147.6,28.4,30.9,422.0,465.3,19.6,5.8,argiloso,rural,baixa,0,incêndio,0,BAIXO,11,primavera,CentroOeste_Cerrado_Pantanal
Z_1168_CEN,-20.16099,-50.2408,2024-11-17 00:00:00,160.1,24.5,67.9,103.6,1000.8,8.6,0.1,latossolo,area_umida,alta,0,inundação,0,BAIXO,11,primavera,CentroOeste_Cerrado_Pantanal
Z_1169_CEN,-7.31428,-50.85074,2024-12-28 00:00:00,129.0,29.7,54.9,267.1,607.3,10.2,24.5,arenoso,floresta,baixa,1,nenhum,0,MUITO BAIXO,12,verao,CentroOeste_Cerrado_Pantanal
Z_1170_NOR,-4.05958,-37.48066,2024-07-17 00:00:00,11.8,39.6,38.33316936269622,223.0,935.7,12.3,16.6,rochoso,pastagem,baixa,0,incêndio,0,MÉDIO,7,inverno,Nordeste_Sertao
Z_1171_NOR,-11.45174,-39.59847,2023-09-16 00:00:00,92.3,36.2,22.8,457.6,173.1,5.5,21.5,rochoso,rural,alta,0,incêndio,0,BAIXO,9,primavera,Nordeste_Sertao
Z_1172_NOR,-5.83894,-60.13249,2024-07-26 00:00:00,192.4,36.4,99.5,4351.1,220.0,11.4,9.6,organico,area_umida,baixa,1,inundação,0,MÉDIO,7,inverno,Norte_Amazonia
Z_1173_SUD,-21.77634,-39.05477,2024-12-12 00:00:00,297.4,28.8,51.0,4435.4,1632.9,54.5,24.5,rochoso,floresta,baixa,1,deslizamento,0,BAIXO,12,verao,Sudeste_Montanhoso_Litoraneo
Z_1174_NOR,-0.22878,-72.13412,2023-05-13 00:00:00,188.4,34.6,87.2,2886.9,268.5,1.6,49.3,arenoso,area_umida,media,1,inundação,1,MÉDIO,5,outono,Norte_Amazonia
Z_1175_NOR,-4.63089,-63.61182,2024-12-20 00:00:00,272.0,34.7,81.5,953.8,24.6,6.5,50.1,organico,rural,baixa,0,inundação,0,BAIXO,12,verao,Norte_Amazonia
Z_1176_NOR,4.73078,-62.04963,2023-04-24 00:00:00,283.0,24.8,81.7,4064.3,414.1,9.8,39.5,argiloso,rural,media,0,vendaval,0,BAIXO,4,outono,Norte_Amazonia
Z_1177_SUL,-28.99362,-50.85167,2023-06-19 00:00:00,237.5,13.2,41.73980016669635,695.0,363.6,20.8,8.9,argiloso,rural,baixa,0,vendaval,0,BAIXO,6,inverno,Sul_Campos_Planalto
Z_1178_SUL,-33.13671,-48.7443,2023-06-26 00:00:00,249.9,13.6,32.26696293339083,1950.5,295.9,25.5,11.6,arenoso_argiloso,urbano,media,0,vendaval,0,BAIXO,6,inverno,Sul_Campos_Planalto
Z_1179_NOR,-5.3607,-45.29705,2023-02-26 00:00:00,38.7,38.9,69.8,166.3,725.8,30.0,3.7,argiloso_seco,pastagem,media,1,seca,0,BAIXO,2,verao,Nordeste_Sertao
Z_1180_SUD,-23.83894,-47.45466,2023-04-17 00:00:00,317.5,18.4,51.8,3411.5,332.9,50.3,2.1,organico,rural,media,0,deslizamento,1,ALTO,4,outono,Sudeste_Montanhoso_Litoraneo
Z_1181_SUL,-31.74487,-48.14686,2023-01-06 00:00:00,201.7,12.0,79.0,964.6,425.2,12.9,18.1,organico,floresta,baixa,0,inundação,0,BAIXO,1,verao,Sul_Campos_Planalto
Z_1182_SUD,-21.30111,-47.82847,2023-08-06 00:00:00,316.9,31.7,64.47502782806163,4753.5,2572.7,35.2,8.2,rochoso,urbano,alta,0,vendaval,0,BAIXO,8,inverno,Sudeste_Montanhoso_Litoraneo
Z_1183_SUL,-30.72717,-57.45463,2023-02-09 00:00:00,153.4,24.8,75.6,3594.8,213.3,1.0,11.8,organico,urbano,alta,0,vendaval,0,BAIXO,2,verao,Sul_Campos_Planalto
Z_1184_NOR,0.09836,-51.53342,2023-09-23 00:00:00,389.2,31.0,75.0,4664.8,10.0,15.3,1.1,argiloso,area_umida,baixa,0,nenhum,0,MUITO BAIXO,9,primavera,Norte_Amazonia
Z_1185_NOR,-8.50959,-37.69117,2023-12-20 00:00:00,13.1,20.4,69.9,457.7,894.8,23.8,21.1,argiloso_seco,pastagem,baixa,1,nenhum,0,MUITO BAIXO,12,verao,Nordeste_Sertao
Z_1186_NOR,-8.70893,-67.97828,2023-10-13 00:00:00,159.6,25.7,96.8,2783.2,156.0,5.3,70.5,argiloso,area_umida,media,1,inundação,0,BAIXO,10,primavera,Norte_Amazonia
Z_1187_NOR,-9.90155,-43.3436,2023-08-04 00:00:00,2.7,40.4,29.649728335150034,257.5,276.9,16.6,29.1,arenoso,rural,baixa,0,incêndio,0,MÉDIO,8,inverno,Nordeste_Sertao
Z_1188_NOR,-9.73586,-43.17121,2024-10-07 00:00:00,58.2,29.8,66.5,63.7,970.6,5.9,11.8,argiloso_seco,pastagem,baixa,1,seca,0,BAIXO,10,primavera,Nordeste_Sertao
Z_1189_NOR,3.47444,-63.05039,2024-08-30 00:00:00,179.0,24.8,80.7,3066.3,234.1,4.4,44.1,arenoso,rural,baixa,0,inundação,0,BAIXO,8,inverno,Norte_Amazonia
Z_1190_SUL,-24.8901,-55.47958,2024-09-14 00:00:00,192.7,14.3,41.7,887.4,1751.0,32.2,4.4,argiloso,rural,alta,0,deslizamento,0,MÉDIO,9,primavera,Sul_Campos_Planalto
Z_1191_SUD,-18.57686,-41.91725,2023-04-10 00:00:00,344.9,30.6,51.1,744.5,1410.4,27.3,4.1,argiloso,urbano,alta,0,deslizamento,1,MÉDIO,4,outono,Sudeste_Montanhoso_Litoraneo
Z_1192_NOR,2.43379,-52.55469,2023-06-04 00:00:00,367.8,26.0,79.4,4867.3,468.3,1.1,20.6,arenoso,rural,baixa,0,nenhum,0,MUITO BAIXO,6,inverno,Norte_Amazonia
Z_1193_CEN,-17.32794,-47.58826,2024-07-12 00:00:00,11.2,22.1,58.54240206271963,87.8,289.3,19.9,8.7,latossolo,pastagem,baixa,1,nenhum,0,MUITO BAIXO,7,inverno,CentroOeste_Cerrado_Pantanal
Z_1194_SUL,-33.71748,-50.42632,2023-09-10 00:00:00,159.9,9.8,62.5,164.4,777.7,25.1,28.5,organico,floresta,baixa,0,deslizamento,0,MÉDIO,9,primavera,Sul_Campos_Planalto
Z_1195_SUD,-24.84978,-43.10939,2024-08-15 00:00:00,173.2,29.0,73.59770174869206,3851.1,255.8,47.0,23.2,argiloso,urbano,alta,0,deslizamento,0,BAIXO,8,inverno,Sudeste_Montanhoso_Litoraneo
Z_1196_CEN,-15.44389,-49.30959,2024-09-29 00:00:00,125.4,33.7,76.3,363.9,798.7,19.6,12.0,latossolo,rural,alta,0,seca,0,BAIXO,9,primavera,CentroOeste_Cerrado_Pantanal
Z_1197_CEN,-19.5386,-57.19717,2023-04-21 00:00:00,113.9,18.5,49.0,242.2,495.5,21.8,10.6,argiloso,floresta,media,1,nenhum,0,MUITO BAIXO,4,outono,CentroOeste_Cerrado_Pantanal
Z_1198_SUD,-18.80302,-43.606,2023-06-26 00:00:00,205.2,25.1,47.974387216869175,1474.5,2180.3,13.6,23.0,organico,rural,baixa,1,vendaval,0,BAIXO,6,inverno,Sudeste_Montanhoso_Litoraneo
Z_1199_SUL,-32.7969,-57.06792,2023-04-05 00:00:00,163.5,5.5,79.3,893.9,811.4,16.9,10.6,arenoso_argiloso,pastagem,baixa,0,nenhum,0,MUITO BAIXO,4,outono,Sul_Campos_Planalto
Z_1200_SUD,-18.07305,-40.99403,2024-04-26 00:00:00,137.1,25.8,86.8,4368.6,2435.6,15.7,2.0,argiloso,floresta,baixa,0,vendaval,0,BAIXO,4,outono,Sudeste_Montanhoso_Litoraneo
Z_1201_SUL,-27.35478,-53.85142,2024-05-02 00:00:00,175.3,11.1,43.4,32.3,893.4,10.3,10.5,arenoso_argiloso,rural,alta,0,vendaval,0,BAIXO,5,outono,Sul_Campos_Planalto
Z_1202_NOR,-17.36855,-44.32121,2024-09-12 00:00:00,98.1,28.3,45.3,328.1,871.1,22.8,19.4,argiloso_seco,rural,alta,0,nenhum,0,MUITO BAIXO,9,primavera,Nordeste_Sertao
Z_1203_SUD,-23.11341,-47.95942,2023-10-19 00:00:00,176.4,31.1,94.2,3103.3,1674.8,54.0,26.9,organico,urbano,alta,1,deslizamento,0,MÉDIO,10,primavera,Sudeste_Montanhoso_Litoraneo
Z_1204_SUD,-21.53417,-44.39404,2023-03-03 00:00:00,258.1,17.4,63.6,885.8,1653.3,47.6,9.6,argiloso,rural,media,0,deslizamento,0,BAIXO,3,outono,Sudeste_Montanhoso_Litoraneo
Z_1205_CEN,-23.00231,-47.44663,2024-10-25 00:00:00,92.3,33.5,74.4,497.5,1186.3,23.2,11.4,latossolo,rural,baixa,0,incêndio,0,BAIXO,10,primavera,CentroOeste_Cerrado_Pantanal
Z_1206_SUD,-22.9095,-43.82975,2024-05-17 00:00:00,109.9,31.1,92.0,267.7,710.3,56.9,23.7,organico,pastagem,alta,0,nenhum,0,MUITO BAIXO,5,outono,Sudeste_Montanhoso_Litoraneo
Z_1207_NOR,-1.84997,-56.93782,2024-06-30 00:00:00,433.2,28.4,94.6,2877.2,200.7,5.3,47.1,argiloso,area_umida,media,0,inundação,0,MÉDIO,6,inverno,Norte_Amazonia
Z_1208_NOR,-1.86991,-52.68624,2023-10-05 00:00:00,290.8,23.6,82.2,3874.7,443.3,19.4,33.0,argiloso,floresta,baixa,0,incêndio,0,BAIXO,10,primavera,Norte_Amazonia
Z_1209_NOR,4.78657,-70.57914,2024-08-29 00:00:00,245.9,37.0,76.5,3757.1,423.8,10.6,26.3,organico,floresta,baixa,1,vendaval,0,BAIXO,8,inverno,Norte_Amazonia
Z_1210_NOR,-2.68073,-40.78827,2024-03-05 00:00:00,19.1,40.6,23.9,366.9,140.5,18.2,28.1,rochoso,rural,alta,0,incêndio,1,ALTO,3,outono,Nordeste_Sertao
Z_1211_NOR,-4.05138,-64.51769,2024-05-01 00:00:00,228.6,34.5,92.4,1953.7,340.3,19.8,69.7,organico,urbano,alta,0,inundação,0,BAIXO,5,outono,Norte_Amazonia
Z_1212_SUL,-28.98235,-54.3198,2024-11-16 00:00:00,241.1,15.4,52.1,1419.4,259.0,7.6,0.6,arenoso_argiloso,floresta,baixa,0,inundação,1,MÉDIO,11,primavera,Sul_Campos_Planalto
Z_1213_NOR,-1.72112,-52.78837,2024-05-07 00:00:00,325.8,31.5,73.0,3761.4,212.4,18.5,5.0,arenoso,area_umida,baixa,0,nenhum,0,MUITO BAIXO,5,outono,Norte_Amazonia
Z_1214_SUD,-22.42397,-41.23652,2023-09-11 00:00:00,321.8,31.6,82.4,2184.2,1649.4,38.4,20.6,argiloso,rural,alta,0,deslizamento,0,BAIXO,9,primavera,Sudeste_Montanhoso_Litoraneo
Z_1215_NOR,-6.05261,-42.01674,2024-05-29 00:00:00,35.1,28.0,40.0,401.0,986.7,24.1,14.5,arenoso,rural,media,0,nenhum,0,MUITO BAIXO,5,outono,Nordeste_Sertao
Z_1216_NOR,2.39512,-55.48722,2023-05-05 00:00:00,260.1,35.9,93.9,4934.4,282.0,18.6,12.8,organico,area_umida,media,0,incêndio,0,BAIXO,5,outono,Norte_Amazonia
Z_1217_NOR,-2.79167,-44.6081,2023-12-25 00:00:00,31.8,30.9,59.8,128.9,854.6,24.7,17.1,arenoso,rural,baixa,0,nenhum,0,MUITO BAIXO,12,verao,Nordeste_Sertao
Z_1218_SUD,-18.32176,-47.46539,2023-07-08 00:00:00,121.1,17.9,53.83566638513314,2323.3,889.4,32.9,19.8,rochoso,floresta,baixa,0,nenhum,0,MUITO BAIXO,7,inverno,Sudeste_Montanhoso_Litoraneo
Z_1219_SUL,-27.40076,-50.38656,2024-02-04 00:00:00,85.1,14.5,88.4,1896.3,523.1,6.2,5.4,organico,rural,alta,0,nenhum,0,MUITO BAIXO,2,verao,Sul_Campos_Planalto
Z_1220_SUD,-20.9782,-43.51192,2023-01-07 00:00:00,325.2,16.2,51.6,3581.7,1551.2,23.3,25.2,organico,rural,baixa,0,inundação,0,BAIXO,1,verao,Sudeste_Montanhoso_Litoraneo
Z_1221_NOR,-9.74211,-45.37019,2023-07-03 00:00:00,6.9,39.9,33.76712821008641,66.4,933.6,25.5,8.4,argiloso_seco,rural,baixa,0,incêndio,0,MÉDIO,7,inverno,Nordeste_Sertao
Z_1222_NOR,0.29007,-50.79616,2024-05-04 00:00:00,398.9,25.5,98.2,606.5,193.4,7.0,64.9,arenoso,urbano,alta,0,vendaval,0,BAIXO,5,outono,Norte_Amazonia
Z_1223_NOR,-9.13989,-64.31668,2023-11-17 00:00:00,256.8,36.6,91.9,1335.1,210.9,1.7,44.6,arenoso,rural,baixa,0,vendaval,0,BAIXO,11,primavera,Norte_Amazonia
Z_1224_NOR,-8.77499,-69.67101,2023-08-01 00:00:00,248.7,28.0,80.8,2665.6,361.4,16.7,20.0,organico,area_umida,media,1,nenhum,0,MUITO BAIXO,8,inverno,Norte_Amazonia
Z_1225_NOR,-14.05449,-41.93117,2023-01-26 00:00:00,63.7,22.5,59.8,23.1,222.8,28.2,16.4,rochoso,rural,media,0,seca,0,BAIXO,1,verao,Nordeste_Sertao
Z_1226_CEN,-10.07559,-60.47957,2023-08-01 00:00:00,21.0,21.3,44.56924936457857,146.4,277.4,5.7,25.8,latossolo,area_umida,media,0,nenhum,0,MUITO BAIXO,8,inverno,CentroOeste_Cerrado_Pantanal
Z_1227_SUL,-30.06552,-52.36601,2024-12-05 00:00:00,190.5,12.6,55.4,1614.2,1173.5,29.8,3.4,argiloso,urbano,alta,0,deslizamento,0,MÉDIO,12,verao,Sul_Campos_Planalto
Z_1228_SUD,-21.29454,-42.89889,2023-12-19 00:00:00,289.9,15.9,76.3,4541.8,2305.9,44.5,25.8,argiloso,pastagem,baixa,0,deslizamento,0,BAIXO,12,verao,Sudeste_Montanhoso_Litoraneo
Z_1229_NOR,-4.15681,-38.64435,2023-08-27 00:00:00,1.8,21.1,10.0,98.3,189.9,1.3,29.7,argiloso_seco,rural,baixa,0,incêndio,0,BAIXO,8,inverno,Nordeste_Sertao
Z_1230_SUL,-32.57727,-55.22728,2024-03-04 00:00:00,117.0,15.7,66.2,4240.1,1178.8,3.3,12.8,arenoso_argiloso,pastagem,baixa,1,nenhum,0,MUITO BAIXO,3,outono,Sul_Campos_Planalto
Z_1231_SUD,-22.54925,-44.41812,2023-03-05 00:00:00,201.1,26.4,77.6,4449.8,1683.1,42.1,16.8,argiloso,floresta,baixa,0,deslizamento,1,ALTO,3,outono,Sudeste_Montanhoso_Litoraneo
Z_1232_SUD,-23.93029,-41.90993,2023-01-29 00:00:00,227.0,29.4,72.0,1579.1,1725.0,35.6,13.3,rochoso,floresta,baixa,0,nenhum,0,MUITO BAIXO,1,verao,Sudeste_Montanhoso_Litoraneo
Z_1233_NOR,3.35096,-68.62479,2023-07-28 00:00:00,262.3,26.1,98.1,4865.5,239.8,6.8,27.7,argiloso,floresta,baixa,0,vendaval,0,MÉDIO,7,inverno,Norte_Amazonia
Z_1234_NOR,-2.55514,-57.0354,2023-01-16 00:00:00,399.0,27.4,71.8,134.8,253.9,19.5,71.9,organico,rural,baixa,0,vendaval,0,MÉDIO,1,verao,Norte_Amazonia
Z_1235_SUD,-22.35524,-43.32609,2023-03-15 00:00:00,149.6,33.1,60.5,4096.4,1420.0,23.5,11.6,organico,rural,baixa,0,vendaval,0,BAIXO,3,outono,Sudeste_Montanhoso_Litoraneo
Z_1236_NOR,3.9527,-49.28175,2024-06-10 00:00:00,183.7,26.6,82.8,1718.2,8.9,15.2,41.2,argiloso,rural,baixa,0,vendaval,0,BAIXO,6,inverno,Norte_Amazonia
Z_1237_NOR,1.1993,-69.92229,2023-10-11 00:00:00,318.7,29.0,71.5,133.9,315.0,0.8,11.0,argiloso,urbano,media,0,vendaval,0,BAIXO,10,primavera,Norte_Amazonia
Z_1238_NOR,-8.10019,-37.31127,2023-07-23 00:00:00,4.5,26.8,39.458219587577304,154.0,600.4,24.5,5.5,argiloso_seco,rural,media,0,nenhum,0,MUITO BAIXO,7,inverno,Nordeste_Sertao
Z_1239_CEN,-10.09302,-56.07186,2024-08-31 00:00:00,18.7,32.9,57.40512639819359,203.2,373.0,24.7,1.2,arenoso,pastagem,baixa,0,incêndio,0,BAIXO,8,inverno,CentroOeste_Cerrado_Pantanal
Z_1240_SUD,-20.86116,-45.92355,2024-12-29 00:00:00,201.4,31.4,66.1,1587.5,2623.6,7.2,15.2,rochoso,floresta,baixa,0,nenhum,0,MUITO BAIXO,12,verao,Sudeste_Montanhoso_Litoraneo
Z_1241_NOR,-2.49205,-45.71019,2024-10-11 00:00:00,39.0,27.5,54.7,177.6,497.6,16.2,0.5,arenoso,rural,alta,0,nenhum,0,MUITO BAIXO,10,primavera,Nordeste_Sertao
Z_1242_CEN,-16.19821,-54.43243,2024-11-07 00:00:00,65.3,19.8,61.9,50.4,1137.3,16.2,14.2,argiloso,pastagem,alta,0,seca,0,BAIXO,11,primavera,CentroOeste_Cerrado_Pantanal
Z_1243_SUD,-23.07508,-40.48606,2024-06-17 00:00:00,303.4,24.3,51.685077418361615,4444.9,2745.1,29.4,11.0,argiloso,pastagem,baixa,1,deslizamento,0,MÉDIO,6,inverno,Sudeste_Montanhoso_Litoraneo
Z_1244_CEN,-17.52017,-49.71668,2023-11-03 00:00:00,165.2,24.9,67.8,235.1,745.6,10.8,28.8,argiloso,rural,alta,0,inundação,0,BAIXO,11,primavera,CentroOeste_Cerrado_Pantanal
Z_1245_SUD,-24.41697,-40.66313,2023-03-21 00:00:00,269.9,32.4,90.5,2000.7,1537.5,46.7,29.1,organico,floresta,baixa,0,deslizamento,1,ALTO,3,outono,Sudeste_Montanhoso_Litoraneo
Z_1246_NOR,-5.7772,-37.32233,2024-12-09 00:00:00,13.0,30.4,27.3,126.3,790.9,17.1,5.7,arenoso,pastagem,alta,1,nenhum,0,MUITO BAIXO,12,verao,Nordeste_Sertao
Z_1247_SUD,-23.97843,-39.1034,2023-11-01 00:00:00,194.2,23.0,90.0,1200.9,908.6,37.6,3.0,argiloso,floresta,baixa,1,deslizamento,0,MÉDIO,11,primavera,Sudeste_Montanhoso_Litoraneo
Z_1248_NOR,3.35499,-61.50306,2024-02-01 00:00:00,339.4,23.2,82.8,3706.5,101.2,9.9,18.7,arenoso,rural,baixa,0,nenhum,0,MUITO BAIXO,2,verao,Norte_Amazonia
Z_1249_SUL,-29.17312,-55.19971,2024-07-31 00:00:00,165.9,31.3,53.47093159462561,4099.9,458.2,0.2,24.7,arenoso_argiloso,floresta,baixa,0,nenhum,0,MUITO BAIXO,7,inverno,Sul_Campos_Planalto
Z_1250_SUD,-22.73125,-45.93612,2023-07-14 00:00:00,183.3,34.4,48.89951605592164,948.8,1139.0,42.5,8.5,organico,floresta,baixa,0,deslizamento,0,MÉDIO,7,inverno,Sudeste_Montanhoso_Litoraneo
Z_1251_SUD,-22.2211,-48.98129,2024-11-22 00:00:00,348.3,27.3,91.6,3019.3,1667.1,54.3,23.4,rochoso,rural,media,0,vendaval,0,BAIXO,11,primavera,Sudeste_Montanhoso_Litoraneo
Z_1252_NOR,-6.49167,-54.83196,2023-01-27 00:00:00,303.0,33.5,81.1,1947.6,24.1,13.9,64.1,argiloso,floresta,baixa,0,inundação,1,MÉDIO,1,verao,Norte_Amazonia
Z_1253_CEN,-17.52616,-54.22802,2023-01-05 00:00:00,204.0,21.2,40.7,477.9,334.0,16.4,23.1,arenoso,floresta,baixa,0,nenhum,0,MUITO BAIXO,1,verao,CentroOeste_Cerrado_Pantanal
Z_1254_SUL,-25.82976,-53.92621,2024-12-13 00:00:00,185.0,30.5,67.0,2406.5,672.1,15.0,8.0,organico,floresta,baixa,0,inundação,0,BAIXO,12,verao,Sul_Campos_Planalto
Z_1255_SUD,-20.36224,-43.42388,2024-07-03 00:00:00,104.8,29.0,42.67991572365355,4801.5,2141.7,44.3,2.8,argiloso,floresta,baixa,0,nenhum,0,MUITO BAIXO,7,inverno,Sudeste_Montanhoso_Litoraneo
Z_1256_SUL,-32.70889,-51.50051,2024-03-08 00:00:00,175.3,9.9,46.4,1786.7,634.3,17.8,8.1,organico,floresta,baixa,0,inundação,0,BAIXO,3,outono,Sul_Campos_Planalto
Z_1257_SUD,-24.95465,-48.65376,2024-12-19 00:00:00,341.3,18.4,68.3,4637.3,833.3,13.0,18.6,argiloso,pastagem,media,0,deslizamento,0,BAIXO,12,verao,Sudeste_Montanhoso_Litoraneo
Z_1258_NOR,-7.70885,-39.67573,2023-04-30 00:00:00,43.5,34.2,25.4,408.1,886.9,26.6,9.3,argiloso_seco,pastagem,alta,0,incêndio,0,BAIXO,4,outono,Nordeste_Sertao
Z_1259_NOR,3.7987,-71.58164,2023-11-21 00:00:00,337.2,23.0,79.1,4255.8,419.7,3.2,9.3,organico,rural,media,0,inundação,0,BAIXO,11,primavera,Norte_Amazonia
Z_1260_NOR,-12.44683,-37.03598,2024-06-01 00:00:00,7.0,32.2,13.482508983998574,486.8,753.4,16.4,23.0,argiloso_seco,pastagem,baixa,0,incêndio,0,BAIXO,6,inverno,Nordeste_Sertao
Z_1261_NOR,-8.96027,-68.42607,2023-07-19 00:00:00,232.3,29.5,88.2,10.2,369.4,0.8,14.1,arenoso,rural,baixa,0,vendaval,0,BAIXO,7,inverno,Norte_Amazonia
Z_1262_NOR,-12.45103,-38.58875,2023-04-06 00:00:00,75.6,25.7,54.9,436.8,450.8,9.2,4.2,arenoso,rural,alta,0,seca,0,BAIXO,4,outono,Nordeste_Sertao
Z_1263_SUL,-22.5774,-55.05971,2024-05-29 00:00:00,147.4,16.6,84.4,795.9,243.9,34.6,7.1,organico,rural,baixa,0,inundação,0,BAIXO,5,outono,Sul_Campos_Planalto
Z_1264_NOR,-2.88995,-40.57923,2023-09-27 00:00:00,58.5,40.5,34.5,458.9,968.5,15.5,29.6,arenoso,rural,media,0,nenhum,0,MUITO BAIXO,9,primavera,Nordeste_Sertao
Z_1265_SUD,-20.03135,-48.68156,2024-04-11 00:00:00,145.0,28.2,78.0,4759.7,355.6,16.1,7.6,argiloso,urbano,media,0,nenhum,0,MUITO BAIXO,4,outono,Sudeste_Montanhoso_Litoraneo
Z_1266_NOR,-3.20268,-50.46178,2024-12-30 00:00:00,370.7,25.5,88.4,371.9,284.0,17.0,14.3,argiloso,floresta,baixa,0,nenhum,0,MUITO BAIXO,12,verao,Norte_Amazonia
Z_1267_NOR,-17.70395,-38.38374,2023-07-20 00:00:00,6.2,41.2,28.217346836885646,23.9,846.8,19.1,23.5,arenoso,pastagem,alta,0,incêndio,1,MÉDIO,7,inverno,Nordeste_Sertao
Z_1268_CEN,-16.91913,-52.75755,2023-03-29 00:00:00,185.6,36.6,33.0,218.2,460.9,20.1,23.0,argiloso,pastagem,baixa,0,incêndio,0,BAIXO,3,outono,CentroOeste_Cerrado_Pantanal
Z_1269_NOR,-3.42967,-44.66267,2024-02-15 00:00:00,38.0,29.2,39.1,178.7,522.7,10.1,19.8,rochoso,pastagem,media,0,seca,0,BAIXO,2,verao,Nordeste_Sertao
Z_1270_NOR,-8.16343,-44.04663,2023-03-31 00:00:00,83.9,21.6,30.7,274.9,426.6,23.3,17.4,rochoso,pastagem,baixa,0,seca,0,BAIXO,3,outono,Nordeste_Sertao
Z_1271_NOR,-15.08662,-44.60255,2023-10-14 00:00:00,97.9,28.3,57.3,250.4,139.4,18.1,10.8,rochoso,pastagem,alta,0,nenhum,0,MUITO BAIXO,10,primavera,Nordeste_Sertao
Z_1272_SUD,-20.51565,-40.72095,2023-12-18 00:00:00,348.1,17.4,81.8,1377.0,815.4,27.2,28.2,rochoso,urbano,alta,0,nenhum,0,MUITO BAIXO,12,verao,Sudeste_Montanhoso_Litoraneo
Z_1273_NOR,-6.57919,-57.52067,2024-09-11 00:00:00,424.6,23.9,73.9,4596.3,462.1,10.6,44.7,arenoso,floresta,baixa,0,nenhum,0,MUITO BAIXO,9,primavera,Norte_Amazonia
Z_1274_SUL,-29.69181,-49.75619,2023-02-02 00:00:00,163.7,30.6,86.8,161.0,534.9,2.1,24.7,arenoso_argiloso,floresta,baixa,0,vendaval,0,BAIXO,2,verao,Sul_Campos_Planalto
Z_1275_NOR,-7.00968,-49.34507,2024-01-23 00:00:00,309.0,34.5,85.7,4601.1,384.5,17.0,14.4,arenoso,floresta,media,0,vendaval,0,MÉDIO,1,verao,Norte_Amazonia
Z_1276_SUD,-24.4673,-47.51975,2024-12-27 00:00:00,300.6,32.0,66.2,582.3,2442.0,33.5,0.5,rochoso,floresta,media,0,vendaval,0,MÉDIO,12,verao,Sudeste_Montanhoso_Litoraneo
Z_1277_SUL,-28.65603,-49.29452,2024-06-30 00:00:00,221.9,30.2,43.872996025372,2200.3,152.3,2.6,23.2,arenoso_argiloso,rural,baixa,0,vendaval,0,BAIXO,6,inverno,Sul_Campos_Planalto
Z_1278_NOR,-12.99159,-38.79078,2024-11-22 00:00:00,72.5,27.2,43.8,455.9,243.3,0.1,16.4,argiloso_seco,pastagem,baixa,0,seca,0,BAIXO,11,primavera,Nordeste_Sertao
Z_1279_NOR,-9.58275,-45.54929,2023-04-08 00:00:00,38.4,41.7,36.2,178.4,398.6,9.1,4.0,rochoso,pastagem,alta,0,nenhum,0,MUITO BAIXO,4,outono,Nordeste_Sertao
Z_1280_NOR,-4.60926,-52.05254,2023-07-27 00:00:00,282.4,34.1,73.2,522.4,47.3,6.5,46.8,organico,floresta,baixa,0,inundação,1,MÉDIO,7,inverno,Norte_Amazonia
Z_1281_NOR,-16.23281,-43.95191,2024-06-21 00:00:00,10.2,25.8,28.802072332486784,260.1,362.0,26.7,6.4,argiloso_seco,pastagem,media,1,nenhum,0,MUITO BAIXO,6,inverno,Nordeste_Sertao
Z_1282_NOR,-6.87589,-54.65131,2023-11-07 00:00:00,359.4,32.6,84.2,3937.6,366.6,8.5,54.7,arenoso,rural,baixa,0,nenhum,0,MUITO BAIXO,11,primavera,Norte_Amazonia
Z_1283_CEN,-13.1988,-51.14077,2024-05-24 00:00:00,174.8,36.5,32.8,415.2,984.4,17.7,8.8,latossolo,rural,alta,0,nenhum,0,MUITO BAIXO,5,outono,CentroOeste_Cerrado_Pantanal
Z_1284_SUD,-20.94226,-41.80501,2023-09-29 00:00:00,112.1,28.3,93.5,2480.9,913.0,14.9,18.4,rochoso,urbano,alta,0,inundação,0,BAIXO,9,primavera,Sudeste_Montanhoso_Litoraneo
Z_1285_SUD,-22.27582,-43.93577,2023-03-02 00:00:00,190.9,31.8,78.4,3673.3,1732.9,29.6,16.6,rochoso,urbano,alta,0,vendaval,0,MÉDIO,3,outono,Sudeste_Montanhoso_Litoraneo
Z_1286_NOR,2.25912,-60.71566,2023-04-17 00:00:00,448.3,32.4,78.6,4621.3,117.9,8.9,29.5,argiloso,floresta,baixa,0,inundação,0,BAIXO,4,outono,Norte_Amazonia
Z_1287_NOR,-8.65114,-54.31138,2024-07-24 00:00:00,218.4,22.6,75.4,4446.4,58.2,17.2,72.5,organico,rural,media,0,inundação,0,BAIXO,7,inverno,Norte_Amazonia
Z_1288_NOR,-10.01891,-39.80711,2024-01-18 00:00:00,76.3,22.6,49.5,386.2,731.5,1.0,2.5,arenoso,rural,baixa,0,seca,0,BAIXO,1,verao,Nordeste_Sertao
Z_1289_NOR,-2.86046,-39.84524,2023-07-29 00:00:00,5.8,23.8,50.929822006367004,480.1,552.6,4.2,18.6,arenoso,rural,alta,1,incêndio,0,BAIXO,7,inverno,Nordeste_Sertao
Z_1290_CEN,-19.99456,-60.37874,2023-03-21 00:00:00,168.6,36.2,39.2,102.5,693.9,13.2,7.7,arenoso,rural,media,0,nenhum,0,MUITO BAIXO,3,outono,CentroOeste_Cerrado_Pantanal
Z_1291_NOR,2.4893,-73.21748,2023-01-26 00:00:00,332.8,24.0,98.7,542.6,276.6,6.3,68.7,argiloso,rural,media,0,nenhum,0,MUITO BAIXO,1,verao,Norte_Amazonia
Z_1292_NOR,3.23089,-51.01851,2024-08-06 00:00:00,208.9,28.2,95.6,3082.1,411.8,14.0,61.1,arenoso,rural,baixa,1,nenhum,0,MUITO BAIXO,8,inverno,Norte_Amazonia
Z_1293_NOR,-1.33535,-57.33491,2023-04-30 00:00:00,162.8,27.3,77.7,4725.4,138.2,7.9,59.3,arenoso,rural,baixa,0,inundação,0,BAIXO,4,outono,Norte_Amazonia
Z_1294_CEN,-16.83067,-54.0707,2024-12-19 00:00:00,122.4,24.2,32.4,394.0,1079.3,20.9,26.4,argiloso,pastagem,alta,0,seca,0,BAIXO,12,verao,CentroOeste_Cerrado_Pantanal
Z_1295_SUD,-18.65025,-46.76102,2023-10-10 00:00:00,135.9,32.4,53.6,357.0,167.3,24.9,18.0,argiloso,pastagem,alta,0,vendaval,0,BAIXO,10,primavera,Sudeste_Montanhoso_Litoraneo
Z_1296_SUD,-22.47834,-42.86944,2024-06-13 00:00:00,311.0,22.8,37.11924554536023,3970.2,898.3,13.2,11.1,rochoso,urbano,media,0,inundação,0,BAIXO,6,inverno,Sudeste_Montanhoso_Litoraneo
Z_1297_NOR,-0.25505,-51.74366,2023-06-19 00:00:00,267.4,23.8,75.6,2868.4,495.9,13.3,36.1,arenoso,rural,media,1,incêndio,0,BAIXO,6,inverno,Norte_Amazonia
Z_1298_SUD,-21.00319,-45.4913,2023-04-10 00:00:00,310.2,30.0,94.6,4327.7,2371.6,54.4,5.4,rochoso,rural,baixa,0,nenhum,0,MUITO BAIXO,4,outono,Sudeste_Montanhoso_Litoraneo
Z_1299_SUL,-32.15318,-57.12357,2023-08-05 00:00:00,95.1,16.2,39.852332159294015,2267.3,1631.2,34.0,26.5,organico,floresta,baixa,0,nenhum,0,MUITO BAIXO,8,inverno,Sul_Campos_Planalto
Z_1300_NOR,4.17306,-71.31979,2023-07-23 00:00:00,236.3,30.5,81.9,4629.1,433.9,13.4,36.7,arenoso,floresta,baixa,0,incêndio,0,BAIXO,7,inverno,Norte_Amazonia
Z_1301_CEN,-23.97156,-59.13056,2023-03-16 00:00:00,191.1,19.8,36.8,71.4,870.2,22.0,9.0,latossolo,area_umida,alta,0,inundação,0,BAIXO,3,outono,CentroOeste_Cerrado_Pantanal
Z_1302_NOR,-6.89079,-66.27403,2024-06-02 00:00:00,260.4,36.6,95.1,1620.9,36.1,5.0,28.6,organico,rural,baixa,1,inundação,1,MÉDIO,6,inverno,Norte_Amazonia
Z_1303_SUD,-23.10403,-46.7054,2024-08-11 00:00:00,285.9,21.2,78.47103561408775,2261.8,1688.6,53.8,20.5,organico,rural,media,0,nenhum,0,MUITO BAIXO,8,inverno,Sudeste_Montanhoso_Litoraneo
Z_1304_NOR,-10.81784,-37.18446,2023-12-21 00:00:00,41.5,40.4,49.7,300.0,129.3,2.8,24.0,arenoso,pastagem,alta,0,seca,0,BAIXO,12,verao,Nordeste_Sertao
Z_1305_CEN,-15.05736,-55.91938,2024-06-01 00:00:00,10.7,33.9,45.39597737698967,331.4,922.6,20.0,14.2,latossolo,floresta,media,0,nenhum,0,MUITO BAIXO,6,inverno,CentroOeste_Cerrado_Pantanal
Z_1306_NOR,2.27528,-51.32803,2024-06-03 00:00:00,244.8,23.6,77.2,1870.5,182.2,3.8,24.3,arenoso,urbano,alta,0,nenhum,0,MUITO BAIXO,6,inverno,Norte_Amazonia
Z_1307_SUL,-24.30644,-52.09294,2023-01-05 00:00:00,131.7,31.8,42.8,3019.4,398.5,4.3,0.8,argiloso,floresta,baixa,0,nenhum,0,MUITO BAIXO,1,verao,Sul_Campos_Planalto
Z_1308_SUD,-19.04725,-44.80251,2024-01-11 00:00:00,304.4,34.9,65.0,632.8,1385.9,54.0,2.5,argiloso,floresta,media,0,deslizamento,0,BAIXO,1,verao,Sudeste_Montanhoso_Litoraneo
Z_1309_SUD,-24.49066,-44.92161,2023-02-12 00:00:00,82.7,25.9,53.3,2153.0,2335.8,17.4,10.6,rochoso,rural,baixa,0,inundação,0,BAIXO,2,verao,Sudeste_Montanhoso_Litoraneo
Z_1310_SUD,-18.27977,-41.09153,2023-03-31 00:00:00,110.7,16.2,78.9,4983.9,2727.2,28.7,10.0,rochoso,floresta,baixa,0,nenhum,0,MUITO BAIXO,3,outono,Sudeste_Montanhoso_Litoraneo
Z_1311_SUD,-24.82324,-40.18282,2024-08-23 00:00:00,97.8,19.2,66.68973168154731,1042.6,2069.4,18.2,13.2,argiloso,urbano,alta,0,vendaval,0,BAIXO,8,inverno,Sudeste_Montanhoso_Litoraneo
Z_1312_SUD,-23.28421,-41.70231,2023-10-09 00:00:00,189.5,33.4,63.0,3027.4,728.2,36.6,25.5,rochoso,rural,media,0,inundação,0,BAIXO,10,primavera,Sudeste_Montanhoso_Litoraneo
Z_1313_NOR,-1.15309,-62.77375,2023-07-26 00:00:00,394.3,27.3,72.4,4773.9,441.7,5.9,76.3,argiloso,urbano,alta,0,inundação,0,BAIXO,7,inverno,Norte_Amazonia
Z_1314_CEN,-18.88893,-48.79129,2023-06-24 00:00:00,9.4,28.9,49.02997409474597,330.0,464.9,16.2,15.5,arenoso,rural,alta,0,incêndio,0,BAIXO,6,inverno,CentroOeste_Cerrado_Pantanal
Z_1315_NOR,-17.27331,-44.57403,2023-08-28 00:00:00,16.6,33.2,35.97434728624357,131.3,340.5,23.0,20.4,arenoso,rural,media,0,incêndio,0,MÉDIO,8,inverno,Nordeste_Sertao
Z_1316_SUL,-32.29285,-57.03135,2024-03-25 00:00:00,134.0,6.9,61.6,1035.8,1747.5,10.5,24.2,organico,urbano,alta,0,nenhum,0,MUITO BAIXO,3,outono,Sul_Campos_Planalto
Z_1317_NOR,-11.0489,-40.01281,2024-02-03 00:00:00,6.1,35.2,57.1,491.6,396.9,25.0,10.6,argiloso_seco,rural,alta,0,incêndio,0,BAIXO,2,verao,Nordeste_Sertao
Z_1318_NOR,-5.98606,-54.8572,2023-03-29 00:00:00,316.0,35.2,86.9,3462.3,493.4,1.7,51.7,organico,rural,baixa,1,vendaval,1,BAIXO,3,outono,Norte_Amazonia
Z_1319_NOR,-12.6532,-45.75252,2024-02-22 00:00:00,108.8,25.4,31.1,388.8,402.6,26.9,10.1,argiloso_seco,pastagem,alta,0,seca,0,BAIXO,2,verao,Nordeste_Sertao
Z_1320_NOR,-3.67131,-38.60756,2023-08-08 00:00:00,6.0,41.4,50.29649910865957,495.2,478.7,20.7,3.2,rochoso,pastagem,baixa,0,nenhum,0,MUITO BAIXO,8,inverno,Nordeste_Sertao
Z_1321_SUD,-18.12699,-46.15683,2023-01-11 00:00:00,159.8,25.1,78.9,939.1,1934.0,58.9,6.0,argiloso,rural,media,0,deslizamento,0,MÉDIO,1,verao,Sudeste_Montanhoso_Litoraneo
Z_1322_NOR,-1.84693,-63.93289,2023-03-10 00:00:00,273.8,37.4,73.2,1561.0,312.5,5.7,31.3,organico,urbano,media,0,nenhum,0,MUITO BAIXO,3,outono,Norte_Amazonia
Z_1323_SUD,-22.96195,-39.63811,2024-02-14 00:00:00,315.8,21.4,86.1,2997.8,1342.2,23.1,2.0,rochoso,floresta,baixa,0,vendaval,0,BAIXO,2,verao,Sudeste_Montanhoso_Litoraneo
Z_1324_NOR,-2.91245,-53.63177,2023-10-18 00:00:00,220.2,36.8,84.2,1138.7,93.4,9.0,34.1,argiloso,rural,baixa,0,inundação,1,MÉDIO,10,primavera,Norte_Amazonia
Z_1325_NOR,-10.95483,-41.11751,2023-05-16 00:00:00,41.5,38.8,62.6,461.6,703.7,11.7,11.0,arenoso,rural,media,0,seca,0,BAIXO,5,outono,Nordeste_Sertao
Z_1326_NOR,-7.82704,-64.54865,2024-09-07 00:00:00,267.7,29.2,79.0,3674.8,102.8,9.7,23.0,arenoso,area_umida,baixa,0,inundação,0,MÉDIO,9,primavera,Norte_Amazonia
Z_1327_NOR,-0.96216,-53.6259,2024-12-06 00:00:00,252.8,30.6,91.3,1853.8,280.6,16.2,63.6,argiloso,rural,baixa,0,vendaval,0,BAIXO,12,verao,Norte_Amazonia
Z_1328_NOR,-16.58752,-38.54207,2023-09-26 00:00:00,56.8,26.5,35.8,147.9,609.1,2.4,12.1,argiloso_seco,pastagem,media,0,nenhum,0,MUITO BAIXO,9,primavera,Nordeste_Sertao
Z_1329_NOR,-2.92291,-59.99958,2023-12-22 00:00:00,372.4,22.4,98.5,1985.1,403.9,8.1,65.2,organico,area_umida,media,1,inundação,1,MÉDIO,12,verao,Norte_Amazonia
Z_1330_SUL,-30.32123,-55.90784,2024-10-15 00:00:00,154.9,6.9,88.0,2931.5,1793.9,13.1,2.5,organico,rural,media,0,vendaval,0,BAIXO,10,primavera,Sul_Campos_Planalto
Z_1331_NOR,-5.251,-37.8612,2024-04-27 00:00:00,74.8,35.3,48.6,152.4,578.2,7.1,24.7,arenoso,rural,baixa,0,seca,0,BAIXO,4,outono,Nordeste_Sertao
Z_1332_SUL,-30.52729,-48.88483,2023-08-26 00:00:00,132.4,15.3,53.25943804330491,753.8,784.4,35.9,24.6,arenoso_argiloso,pastagem,alta,0,nenhum,0,MUITO BAIXO,8,inverno,Sul_Campos_Planalto
Z_1333_CEN,-5.86977,-52.93971,2023-10-13 00:00:00,177.8,31.6,74.1,406.2,357.6,7.8,5.4,latossolo,floresta,baixa,0,nenhum,0,MUITO BAIXO,10,primavera,CentroOeste_Cerrado_Pantanal
Z_1334_CEN,-17.58747,-48.97033,2023-12-24 00:00:00,106.8,30.4,52.8,42.7,860.7,10.3,10.8,latossolo,pastagem,baixa,0,seca,0,BAIXO,12,verao,CentroOeste_Cerrado_Pantanal
Z_1335_SUD,-24.11185,-47.4899,2023-08-03 00:00:00,137.3,17.0,31.441614648352772,195.6,2022.4,31.7,1.9,argiloso,rural,baixa,0,deslizamento,0,BAIXO,8,inverno,Sudeste_Montanhoso_Litoraneo
Z_1336_NOR,0.8778,-53.47041,2024-12-14 00:00:00,156.9,28.0,87.7,3604.2,420.3,4.7,59.3,organico,area_umida,baixa,1,incêndio,0,BAIXO,12,verao,Norte_Amazonia
Z_1337_SUL,-23.98011,-57.47261,2024-11-18 00:00:00,94.1,27.7,60.8,4174.5,1125.6,36.9,8.8,arenoso_argiloso,urbano,alta,0,nenhum,0,MUITO BAIXO,11,primavera,Sul_Campos_Planalto
Z_1338_NOR,-4.60404,-68.53855,2023-12-24 00:00:00,318.5,37.7,86.1,4267.4,299.6,8.5,12.8,organico,area_umida,baixa,0,inundação,0,MÉDIO,12,verao,Norte_Amazonia
Z_1339_SUL,-27.34807,-50.09112,2024-03-08 00:00:00,70.6,15.5,42.3,992.2,321.6,4.0,22.2,organico,urbano,alta,0,nenhum,0,MUITO BAIXO,3,outono,Sul_Campos_Planalto
Z_1340_NOR,-5.18482,-71.92318,2023-05-01 00:00:00,319.1,34.6,89.3,3816.8,265.0,18.8,54.8,organico,urbano,alta,0,nenhum,0,MUITO BAIXO,5,outono,Norte_Amazonia
Z_1341_NOR,1.98417,-51.24934,2023-05-21 00:00:00,290.5,34.9,80.4,2014.2,198.1,7.4,37.5,argiloso,rural,media,0,vendaval,0,MÉDIO,5,outono,Norte_Amazonia
Z_1342_SUL,-32.23335,-50.21199,2024-03-22 00:00:00,136.6,10.0,51.8,3889.1,1534.6,32.8,5.5,argiloso,rural,baixa,1,nenhum,0,MUITO BAIXO,3,outono,Sul_Campos_Planalto
Z_1343_CEN,-22.86621,-59.05496,2023-03-13 00:00:00,119.0,36.7,53.1,217.9,107.6,4.5,21.9,arenoso,area_umida,alta,0,nenhum,0,MUITO BAIXO,3,outono,CentroOeste_Cerrado_Pantanal
Z_1344_SUD,-23.73263,-46.99976,2023-11-11 00:00:00,163.2,28.3,54.8,220.0,414.6,8.1,5.2,rochoso,floresta,media,0,vendaval,0,BAIXO,11,primavera,Sudeste_Montanhoso_Litoraneo
Z_1345_SUD,-24.80043,-44.27708,2023-01-12 00:00:00,313.9,33.6,61.1,1126.6,670.6,28.7,6.2,argiloso,floresta,media,0,deslizamento,0,MÉDIO,1,verao,Sudeste_Montanhoso_Litoraneo
Z_1346_CEN,-6.40732,-60.54449,2023-11-24 00:00:00,176.0,26.3,73.7,294.8,1053.1,2.5,28.4,latossolo,rural,alta,0,nenhum,0,MUITO BAIXO,11,primavera,CentroOeste_Cerrado_Pantanal
Z_1347_CEN,-10.82938,-57.11128,2023-05-20 00:00:00,184.3,21.0,62.1,96.4,116.4,24.2,11.9,latossolo,area_umida,baixa,0,incêndio,0,BAIXO,5,outono,CentroOeste_Cerrado_Pantanal
Z_1348_NOR,-17.27889,-45.6379,2023-10-31 00:00:00,85.3,27.7,50.3,205.9,762.6,1.9,16.5,argiloso_seco,pastagem,alta,0,nenhum,0,MUITO BAIXO,10,primavera,Nordeste_Sertao
Z_1349_NOR,-2.65727,-39.61635,2024-06-30 00:00:00,2.9,31.4,13.1,244.9,591.2,18.4,18.2,argiloso_seco,pastagem,baixa,0,seca,1,MÉDIO,6,inverno,Nordeste_Sertao
Z_1350_SUD,-19.15714,-39.97602,2023-11-16 00:00:00,140.9,30.7,87.4,4857.3,1840.1,16.5,5.2,organico,floresta,media,0,vendaval,0,BAIXO,11,primavera,Sudeste_Montanhoso_Litoraneo
Z_1351_SUL,-29.71004,-51.95725,2023-11-04 00:00:00,154.9,30.2,45.7,3090.0,1106.8,31.2,28.2,argiloso,pastagem,alta,0,deslizamento,1,MÉDIO,11,primavera,Sul_Campos_Planalto
Z_1352_SUL,-31.22991,-54.74451,2023-06-24 00:00:00,243.6,22.2,57.01798020486173,578.0,481.2,33.8,8.7,organico,urbano,alta,0,deslizamento,0,MÉDIO,6,inverno,Sul_Campos_Planalto
Z_1353_SUL,-25.0242,-54.15457,2023-02-21 00:00:00,147.9,9.2,42.4,2191.5,1174.9,35.4,13.5,argiloso,urbano,alta,0,nenhum,0,MUITO BAIXO,2,verao,Sul_Campos_Planalto
Z_1354_NOR,-3.54931,-37.48788,2024-05-07 00:00:00,74.2,38.1,42.5,78.1,935.5,16.3,19.7,arenoso,pastagem,media,0,incêndio,0,BAIXO,5,outono,Nordeste_Sertao
Z_1355_NOR,-5.25709,-49.82733,2024-01-10 00:00:00,381.3,22.6,77.0,3481.5,145.1,10.3,10.3,argiloso,urbano,media,0,nenhum,0,MUITO BAIXO,1,verao,Norte_Amazonia
Z_1356_NOR,4.82314,-70.34761,2023-02-20 00:00:00,310.4,27.0,96.8,4861.8,304.6,19.2,26.7,organico,rural,media,0,nenhum,0,MUITO BAIXO,2,verao,Norte_Amazonia
Z_1357_NOR,3.5092,-54.02011,2024-06-13 00:00:00,349.2,29.8,99.5,4104.0,251.3,15.2,48.8,argiloso,urbano,media,1,inundação,0,BAIXO,6,inverno,Norte_Amazonia
Z_1358_SUL,-23.3528,-57.1366,2023-11-16 00:00:00,246.7,15.6,87.1,2583.0,766.0,0.5,14.0,organico,urbano,alta,0,nenhum,0,MUITO BAIXO,11,primavera,Sul_Campos_Planalto
Z_1359_NOR,-4.8018,-38.26384,2023-05-02 00:00:00,82.1,27.9,25.7,295.6,597.1,24.1,29.4,arenoso,pastagem,media,0,nenhum,0,MUITO BAIXO,5,outono,Nordeste_Sertao
Z_1360_SUD,-24.20482,-42.81979,2024-07-22 00:00:00,149.0,31.2,67.7482316112394,1479.3,1987.4,49.4,2.1,rochoso,rural,alta,0,vendaval,0,MÉDIO,7,inverno,Sudeste_Montanhoso_Litoraneo
Z_1361_SUD,-20.83615,-45.73063,2024-09-19 00:00:00,110.1,22.1,88.9,1271.8,36.8,18.2,20.9,argiloso,floresta,media,0,nenhum,0,MUITO BAIXO,9,primavera,Sudeste_Montanhoso_Litoraneo
Z_1362_SUL,-24.40409,-55.7246,2023-09-04 00:00:00,181.7,14.6,72.9,2653.5,1598.0,37.8,0.7,organico,urbano,alta,0,deslizamento,0,MÉDIO,9,primavera,Sul_Campos_Planalto
Z_1363_SUL,-31.49484,-53.83645,2024-09-03 00:00:00,241.2,19.9,73.8,733.9,845.6,9.7,18.3,organico,urbano,media,0,nenhum,0,MUITO BAIXO,9,primavera,Sul_Campos_Planalto
Z_1364_SUD,-22.49118,-46.60351,2024-05-27 00:00:00,121.8,29.7,87.2,1017.0,367.5,54.0,9.5,rochoso,urbano,alta,1,nenhum,0,MUITO BAIXO,5,outono,Sudeste_Montanhoso_Litoraneo
Z_1365_NOR,-17.13504,-41.21265,2024-09-20 00:00:00,22.4,24.5,31.8,43.7,158.9,18.7,11.4,rochoso,rural,media,0,nenhum,0,MUITO BAIXO,9,primavera,Nordeste_Sertao
Z_1366_NOR,-4.69286,-55.15872,2023-09-29 00:00:00,411.4,28.4,87.6,1949.3,86.6,17.2,35.7,argiloso,floresta,baixa,0,nenhum,0,MUITO BAIXO,9,primavera,Norte_Amazonia
Z_1367_CEN,-9.21931,-47.32758,2023-01-06 00:00:00,123.0,25.3,44.1,430.5,82.1,0.3,19.9,arenoso,rural,media,0,incêndio,0,BAIXO,1,verao,CentroOeste_Cerrado_Pantanal
Z_1368_NOR,-11.58901,-44.19575,2024-01-24 00:00:00,89.2,29.8,28.2,263.4,859.1,22.8,6.6,rochoso,rural,alta,0,nenhum,0,MUITO BAIXO,1,verao,Nordeste_Sertao
Z_1369_SUD,-22.77433,-46.07985,2023-03-11 00:00:00,224.7,32.0,81.3,1852.8,1188.2,19.5,13.7,organico,pastagem,media,0,inundação,0,BAIXO,3,outono,Sudeste_Montanhoso_Litoraneo
Z_1370_NOR,-6.86677,-69.23791,2024-05-12 00:00:00,182.6,26.6,90.8,2500.7,270.2,17.4,15.5,organico,area_umida,baixa,0,vendaval,0,BAIXO,5,outono,Norte_Amazonia
Z_1371_NOR,-9.94354,-43.86453,2023-04-13 00:00:00,72.0,39.3,64.8,350.9,803.1,11.1,18.3,arenoso,rural,baixa,0,nenhum,0,MUITO BAIXO,4,outono,Nordeste_Sertao
Z_1372_CEN,-9.51262,-54.58118,2023-08-16 00:00:00,23.5,21.5,43.129333174774004,161.0,234.7,23.3,21.1,argiloso,pastagem,alta,0,nenhum,0,MUITO BAIXO,8,inverno,CentroOeste_Cerrado_Pantanal
Z_1373_SUD,-19.14122,-46.11246,2024-09-17 00:00:00,132.9,29.0,86.5,1870.5,2092.5,22.6,4.8,argiloso,floresta,baixa,0,deslizamento,0,BAIXO,9,primavera,Sudeste_Montanhoso_Litoraneo
Z_1374_NOR,-11.38064,-37.43191,2023-06-20 00:00:00,17.4,27.6,25.12590058371072,72.4,664.5,24.1,2.8,argiloso_seco,rural,media,0,seca,0,BAIXO,6,inverno,Nordeste_Sertao
Z_1375_NOR,-8.03025,-64.40134,2024-07-15 00:00:00,271.9,27.7,94.5,504.9,451.0,18.3,57.0,arenoso,area_umida,baixa,0,nenhum,0,MUITO BAIXO,7,inverno,Norte_Amazonia
Z_1376_NOR,-10.9181,-44.92688,2023-05-08 00:00:00,37.6,25.0,20.1,55.8,979.0,11.8,2.8,rochoso,pastagem,alta,0,incêndio,0,BAIXO,5,outono,Nordeste_Sertao
Z_1377_SUD,-22.59617,-47.38054,2023-04-01 00:00:00,145.4,28.1,72.9,3625.4,280.7,45.6,28.3,argiloso,pastagem,alta,0,vendaval,0,BAIXO,4,outono,Sudeste_Montanhoso_Litoraneo
Z_1378_NOR,-1.50315,-71.27632,2023-10-24 00:00:00,288.7,32.6,85.8,2951.1,19.2,17.9,16.4,arenoso,area_umida,baixa,0,inundação,0,BAIXO,10,primavera,Norte_Amazonia
Z_1379_CEN,-22.57125,-46.17545,2024-05-17 00:00:00,130.1,20.4,50.4,262.5,665.3,24.5,26.7,argiloso,pastagem,media,0,nenhum,0,MUITO BAIXO,5,outono,CentroOeste_Cerrado_Pantanal
Z_1380_NOR,2.31869,-58.71888,2024-05-06 00:00:00,352.7,28.2,88.6,3120.6,442.4,2.5,60.9,arenoso,floresta,media,1,vendaval,0,BAIXO,5,outono,Norte_Amazonia
Z_1381_SUL,-30.46557,-48.39113,2024-04-21 00:00:00,105.1,17.6,64.9,2804.6,1605.7,2.8,15.0,argiloso,floresta,baixa,0,seca,0,BAIXO,4,outono,Sul_Campos_Planalto
Z_1382_NOR,-13.74823,-43.93515,2023-12-18 00:00:00,7.8,21.5,52.6,192.3,471.3,23.6,7.2,arenoso,pastagem,alta,0,seca,0,BAIXO,12,verao,Nordeste_Sertao
Z_1383_SUD,-21.93896,-39.37906,2024-05-31 00:00:00,289.6,23.7,88.3,3070.8,171.9,17.1,18.4,organico,rural,baixa,0,nenhum,0,MUITO BAIXO,5,outono,Sudeste_Montanhoso_Litoraneo
Z_1384_NOR,-7.69576,-40.55195,2024-04-02 00:00:00,20.3,24.2,69.7,205.4,599.7,28.6,16.9,rochoso,pastagem,alta,0,seca,0,BAIXO,4,outono,Nordeste_Sertao
Z_1385_CEN,-5.30337,-54.52361,2024-02-17 00:00:00,124.1,30.9,77.9,131.6,624.0,23.3,28.7,latossolo,area_umida,media,0,seca,0,BAIXO,2,verao,CentroOeste_Cerrado_Pantanal
Z_1386_SUD,-19.18287,-46.84646,2024-08-06 00:00:00,164.6,26.0,45.89386570302648,1623.5,2300.6,43.6,21.3,rochoso,urbano,alta,0,deslizamento,0,BAIXO,8,inverno,Sudeste_Montanhoso_Litoraneo
Z_1387_NOR,-11.28611,-42.23419,2024-01-22 00:00:00,46.1,36.2,31.8,408.4,399.5,21.1,9.1,arenoso,rural,baixa,0,incêndio,0,BAIXO,1,verao,Nordeste_Sertao
Z_1388_NOR,1.68218,-68.87565,2024-11-03 00:00:00,279.9,23.7,81.2,2785.2,463.6,1.6,44.5,organico,area_umida,media,0,inundação,0,MÉDIO,11,primavera,Norte_Amazonia
Z_1389_SUL,-31.43352,-53.74905,2024-06-08 00:00:00,176.8,6.4,62.31383273669182,3490.6,135.2,36.3,25.9,argiloso,rural,alta,0,deslizamento,0,MÉDIO,6,inverno,Sul_Campos_Planalto
Z_1390_SUD,-24.12965,-43.83912,2024-07-26 00:00:00,88.7,31.5,63.279951565545325,2862.7,1858.8,57.0,0.4,argiloso,pastagem,media,0,vendaval,0,BAIXO,7,inverno,Sudeste_Montanhoso_Litoraneo
Z_1391_CEN,-7.49662,-45.45419,2024-12-13 00:00:00,116.6,34.6,53.1,183.9,329.4,8.1,7.0,argiloso,pastagem,alta,0,incêndio,0,BAIXO,12,verao,CentroOeste_Cerrado_Pantanal
Z_1392_SUD,-21.09437,-48.60837,2024-07-28 00:00:00,346.7,27.5,46.3922299908742,3963.9,1679.7,53.7,13.1,argiloso,pastagem,media,1,deslizamento,1,ALTO,7,inverno,Sudeste_Montanhoso_Litoraneo
Z_1393_CEN,-11.19264,-56.52876,2024-06-02 00:00:00,19.6,33.4,44.539542048203586,302.9,1131.7,5.0,14.8,latossolo,pastagem,alta,0,nenhum,0,MUITO BAIXO,6,inverno,CentroOeste_Cerrado_Pantanal
Z_1394_NOR,-8.1659,-44.33137,2023-12-29 00:00:00,47.3,32.8,50.2,172.1,713.8,6.4,2.1,rochoso,rural,media,0,nenhum,0,MUITO BAIXO,12,verao,Nordeste_Sertao
Z_1395_SUD,-20.04567,-43.49995,2023-10-20 00:00:00,292.8,30.4,77.7,4196.6,1015.3,5.9,23.0,rochoso,rural,media,0,nenhum,0,MUITO BAIXO,10,primavera,Sudeste_Montanhoso_Litoraneo
Z_1396_SUD,-22.41886,-48.5035,2023-08-27 00:00:00,343.0,26.9,33.81679791227433,190.4,1145.0,8.8,28.7,argiloso,urbano,alta,0,nenhum,0,MUITO BAIXO,8,inverno,Sudeste_Montanhoso_Litoraneo
Z_1397_SUL,-26.25047,-56.50406,2024-04-07 00:00:00,232.1,8.6,62.7,1196.3,883.0,24.6,22.1,argiloso,rural,media,0,vendaval,0,BAIXO,4,outono,Sul_Campos_Planalto
Z_1398_SUL,-24.5373,-53.98993,2024-06-26 00:00:00,133.4,16.9,41.59691566093004,2087.8,1009.6,0.9,15.5,organico,rural,alta,0,nenhum,0,MUITO BAIXO,6,inverno,Sul_Campos_Planalto
Z_1399_CEN,-9.1977,-54.52919,2023-08-30 00:00:00,15.3,23.6,10.0,408.2,69.4,16.7,28.8,latossolo,area_umida,alta,1,nenhum,0,MUITO BAIXO,8,inverno,CentroOeste_Cerrado_Pantanal
Z_1400_SUD,-22.57826,-41.59827,2023-12-05 00:00:00,144.7,32.5,91.3,3192.7,2528.3,15.5,19.1,argiloso,urbano,alta,0,vendaval,0,BAIXO,12,verao,Sudeste_Montanhoso_Litoraneo
Z_1401_NOR,-8.00152,-66.45008,2024-10-10 00:00:00,359.5,24.9,84.0,2745.9,133.2,3.8,27.6,argiloso,floresta,media,0,inundação,0,BAIXO,10,primavera,Norte_Amazonia
Z_1402_SUD,-22.14654,-39.18816,2024-07-10 00:00:00,324.0,34.6,37.01138289566306,164.4,1595.1,52.7,5.4,argiloso,pastagem,media,0,deslizamento,0,BAIXO,7,inverno,Sudeste_Montanhoso_Litoraneo
Z_1403_NOR,-13.51904,-42.59871,2024-07-07 00:00:00,15.1,29.9,36.10719628015401,188.0,380.1,13.9,6.4,argiloso_seco,rural,media,2,incêndio,0,BAIXO,7,inverno,Nordeste_Sertao
Z_1404_CEN,-8.86131,-56.21957,2024-10-14 00:00:00,81.9,23.2,51.7,40.3,1030.6,8.1,11.0,latossolo,rural,alta,0,nenhum,0,MUITO BAIXO,10,primavera,CentroOeste_Cerrado_Pantanal
Z_1405_NOR,-13.1432,-41.14313,2023-09-14 00:00:00,54.0,35.3,47.2,245.9,849.4,3.2,21.3,argiloso_seco,rural,baixa,0,seca,0,BAIXO,9,primavera,Nordeste_Sertao
Z_1406_NOR,-6.78911,-39.01095,2024-09-08 00:00:00,37.6,36.6,30.3,236.0,383.3,15.9,1.2,argiloso_seco,rural,alta,0,nenhum,0,MUITO BAIXO,9,primavera,Nordeste_Sertao
Z_1407_SUD,-22.06834,-49.05884,2024-04-23 00:00:00,192.9,28.2,90.4,3464.4,990.5,59.3,29.8,organico,rural,media,0,deslizamento,0,MÉDIO,4,outono,Sudeste_Montanhoso_Litoraneo
Z_1408_NOR,-0.21818,-59.80733,2024-09-13 00:00:00,245.9,28.9,77.1,3272.8,78.7,3.2,34.8,argiloso,area_umida,baixa,0,inundação,0,MÉDIO,9,primavera,Norte_Amazonia
Z_1409_NOR,-13.68103,-43.37517,2024-03-11 00:00:00,52.5,21.1,23.7,116.1,279.1,14.9,24.5,rochoso,pastagem,baixa,0,incêndio,0,BAIXO,3,outono,Nordeste_Sertao
Z_1410_NOR,-16.63807,-38.29156,2024-09-15 00:00:00,64.9,30.4,68.9,210.4,909.8,29.9,4.2,rochoso,rural,media,0,seca,0,BAIXO,9,primavera,Nordeste_Sertao
Z_1411_SUD,-20.28215,-43.989,2024-08-29 00:00:00,335.5,26.2,49.12178946345753,1826.3,2385.2,52.0,9.8,organico,floresta,baixa,1,nenhum,0,MUITO BAIXO,8,inverno,Sudeste_Montanhoso_Litoraneo
Z_1412_SUL,-32.42547,-50.31831,2023-06-10 00:00:00,155.9,30.6,62.358418947305395,249.4,827.7,35.7,13.3,organico,floresta,media,0,deslizamento,0,MÉDIO,6,inverno,Sul_Campos_Planalto
Z_1413_NOR,-9.47947,-66.36504,2024-04-19 00:00:00,405.3,25.8,82.5,1055.7,443.7,4.5,73.8,arenoso,floresta,baixa,0,inundação,0,BAIXO,4,outono,Norte_Amazonia
Z_1414_SUL,-29.52999,-53.68255,2024-02-27 00:00:00,208.0,17.3,42.0,2008.5,1690.1,13.1,13.9,organico,urbano,alta,0,nenhum,0,MUITO BAIXO,2,verao,Sul_Campos_Planalto
Z_1415_SUL,-22.37584,-53.86045,2023-10-29 00:00:00,177.3,11.8,79.5,1874.7,606.6,2.8,17.3,argiloso,pastagem,alta,0,vendaval,0,BAIXO,10,primavera,Sul_Campos_Planalto
Z_1416_NOR,-10.89192,-43.80161,2024-04-11 00:00:00,48.7,40.5,37.5,330.9,754.6,14.1,13.6,rochoso,rural,alta,0,seca,0,BAIXO,4,outono,Nordeste_Sertao
Z_1417_NOR,-17.38671,-37.52731,2023-04-09 00:00:00,99.4,31.9,29.3,168.2,174.5,14.2,8.5,argiloso_seco,pastagem,alta,0,seca,0,BAIXO,4,outono,Nordeste_Sertao
Z_1418_CEN,-14.97904,-47.59577,2023-11-25 00:00:00,173.6,30.9,63.7,29.4,1178.6,14.9,19.5,arenoso,floresta,baixa,0,seca,0,BAIXO,11,primavera,CentroOeste_Cerrado_Pantanal
Z_1419_NOR,-12.69813,-40.68207,2023-02-13 00:00:00,111.1,41.6,40.8,42.5,264.9,13.8,4.3,argiloso_seco,rural,media,0,seca,0,BAIXO,2,verao,Nordeste_Sertao
Z_1420_SUD,-22.14821,-41.79554,2024-09-13 00:00:00,249.6,26.4,61.5,1472.6,946.1,32.4,19.7,rochoso,pastagem,alta,0,inundação,0,BAIXO,9,primavera,Sudeste_Montanhoso_Litoraneo
Z_1421_NOR,-15.95954,-38.62547,2023-02-11 00:00:00,48.6,23.9,23.0,158.3,313.7,25.2,18.3,arenoso,pastagem,media,0,nenhum,0,MUITO BAIXO,2,verao,Nordeste_Sertao
Z_1422_NOR,2.86847,-66.45128,2023-02-03 00:00:00,429.9,31.6,85.3,2065.9,1.5,8.4,47.4,organico,area_umida,baixa,0,inundação,0,MÉDIO,2,verao,Norte_Amazonia
Z_1423_SUL,-29.44789,-50.02716,2023-01-30 00:00:00,111.3,11.6,78.7,346.6,1070.6,11.2,17.1,argiloso,urbano,alta,0,nenhum,0,MUITO BAIXO,1,verao,Sul_Campos_Planalto
Z_1424_NOR,-7.51244,-39.57198,2023-04-03 00:00:00,20.2,28.7,44.0,368.0,762.4,16.6,11.1,arenoso,rural,media,0,seca,0,BAIXO,4,outono,Nordeste_Sertao
Z_1425_NOR,-7.46487,-67.25619,2023-04-25 00:00:00,351.5,37.3,98.4,4977.4,202.1,11.0,36.8,organico,floresta,media,1,nenhum,0,MUITO BAIXO,4,outono,Norte_Amazonia
Z_1426_SUD,-19.03226,-42.15086,2023-08-20 00:00:00,106.4,27.3,50.02154984249486,4687.4,2675.8,47.0,29.8,argiloso,floresta,baixa,0,nenhum,0,MUITO BAIXO,8,inverno,Sudeste_Montanhoso_Litoraneo
Z_1427_SUD,-23.64704,-47.92971,2024-04-05 00:00:00,277.5,30.2,93.8,2707.2,1183.8,7.1,26.6,organico,urbano,media,0,nenhum,0,MUITO BAIXO,4,outono,Sudeste_Montanhoso_Litoraneo
Z_1428_SUD,-23.59198,-43.20042,2024-04-21 00:00:00,334.5,30.2,56.5,4964.9,1589.5,24.1,19.9,rochoso,urbano,alta,0,inundação,0,BAIXO,4,outono,Sudeste_Montanhoso_Litoraneo
Z_1429_NOR,-3.86217,-52.05082,2024-07-29 00:00:00,433.3,32.9,86.0,3869.4,250.2,16.0,35.5,argiloso,urbano,alta,0,vendaval,0,BAIXO,7,inverno,Norte_Amazonia
Z_1430_NOR,-6.41757,-44.23854,2023-10-12 00:00:00,20.2,37.6,47.2,254.7,859.3,28.9,20.6,rochoso,rural,baixa,0,nenhum,0,MUITO BAIXO,10,primavera,Nordeste_Sertao
Z_1431_SUL,-24.82928,-56.86944,2023-06-27 00:00:00,244.2,30.1,42.11468626773153,1774.5,1475.9,3.5,7.9,organico,pastagem,alta,0,seca,0,BAIXO,6,inverno,Sul_Campos_Planalto
Z_1432_NOR,-4.896,-61.18091,2023-11-10 00:00:00,152.9,37.4,94.9,3609.7,83.4,3.3,57.0,arenoso,floresta,media,0,incêndio,0,BAIXO,11,primavera,Norte_Amazonia
Z_1433_CEN,-7.29902,-58.18028,2024-10-10 00:00:00,161.9,29.7,68.3,341.4,244.0,14.9,27.0,arenoso,rural,baixa,0,seca,0,BAIXO,10,primavera,CentroOeste_Cerrado_Pantanal
Z_1434_NOR,1.62282,-50.28388,2024-07-14 00:00:00,152.0,28.5,92.2,629.1,247.7,7.3,59.5,arenoso,floresta,baixa,0,nenhum,0,MUITO BAIXO,7,inverno,Norte_Amazonia
Z_1435_CEN,-12.72247,-47.49294,2023-01-07 00:00:00,129.5,36.5,67.7,38.4,218.5,13.2,24.0,argiloso,pastagem,media,0,seca,0,BAIXO,1,verao,CentroOeste_Cerrado_Pantanal
Z_1436_NOR,-3.83354,-52.50392,2024-04-29 00:00:00,444.7,25.4,75.7,3697.5,225.7,12.4,26.0,organico,urbano,alta,1,vendaval,0,BAIXO,4,outono,Norte_Amazonia
Z_1437_NOR,-13.05877,-45.29039,2024-03-02 00:00:00,55.4,36.7,66.4,224.0,800.1,10.1,19.9,rochoso,rural,alta,0,incêndio,0,BAIXO,3,outono,Nordeste_Sertao
Z_1438_CEN,-15.83283,-45.36972,2024-09-08 00:00:00,74.1,18.6,78.4,140.9,630.1,1.0,7.3,latossolo,pastagem,baixa,0,nenhum,0,MUITO BAIXO,9,primavera,CentroOeste_Cerrado_Pantanal
Z_1439_SUD,-18.03793,-42.3774,2024-01-27 00:00:00,330.8,25.1,57.0,1339.0,1732.7,12.6,18.9,organico,pastagem,baixa,1,nenhum,0,MUITO BAIXO,1,verao,Sudeste_Montanhoso_Litoraneo
Z_1440_CEN,-20.33713,-52.38623,2024-10-16 00:00:00,169.1,21.1,33.4,453.7,909.9,22.3,16.3,latossolo,pastagem,baixa,0,seca,0,BAIXO,10,primavera,CentroOeste_Cerrado_Pantanal
Z_1441_NOR,-4.02939,-61.65713,2024-01-04 00:00:00,401.2,22.2,82.3,4667.6,417.1,14.9,12.2,argiloso,urbano,alta,0,nenhum,0,MUITO BAIXO,1,verao,Norte_Amazonia
Z_1442_NOR,-5.86276,-56.79402,2023-01-08 00:00:00,261.3,25.3,83.6,166.9,231.9,13.9,40.5,organico,area_umida,baixa,0,inundação,1,MÉDIO,1,verao,Norte_Amazonia
Z_1443_NOR,-2.58743,-42.70784,2024-04-10 00:00:00,94.5,41.4,23.7,205.7,766.8,1.6,14.9,argiloso_seco,pastagem,media,0,seca,0,BAIXO,4,outono,Nordeste_Sertao
Z_1444_SUL,-26.97935,-48.55354,2024-09-09 00:00:00,121.1,30.2,67.6,2696.2,1335.6,37.3,13.5,argiloso,urbano,alta,0,nenhum,0,MUITO BAIXO,9,primavera,Sul_Campos_Planalto
Z_1445_NOR,-9.90653,-63.06033,2024-02-11 00:00:00,417.5,25.1,97.8,2043.2,159.0,0.4,3.6,argiloso,urbano,alta,0,inundação,0,MÉDIO,2,verao,Norte_Amazonia
Z_1446_SUD,-19.82292,-44.11702,2023-10-22 00:00:00,287.4,21.0,94.7,300.0,1676.7,54.9,16.0,argiloso,rural,media,0,deslizamento,1,ALTO,10,primavera,Sudeste_Montanhoso_Litoraneo
Z_1447_SUD,-18.24966,-49.81615,2024-08-10 00:00:00,246.8,32.9,45.538812989165564,468.0,1716.0,40.2,26.1,argiloso,rural,media,0,deslizamento,1,ALTO,8,inverno,Sudeste_Montanhoso_Litoraneo
Z_1448_CEN,-16.65394,-58.04743,2023-11-28 00:00:00,79.2,33.9,31.4,338.9,680.4,5.9,15.9,argiloso,floresta,baixa,0,inundação,0,BAIXO,11,primavera,CentroOeste_Cerrado_Pantanal
Z_1449_NOR,-12.80747,-41.30819,2024-12-15 00:00:00,9.7,25.8,29.7,465.5,452.0,11.5,26.1,arenoso,rural,alta,0,seca,0,BAIXO,12,verao,Nordeste_Sertao
Z_1450_NOR,-15.17329,-39.27317,2023-09-12 00:00:00,88.7,38.4,35.8,482.2,656.2,0.5,12.0,argiloso_seco,pastagem,baixa,0,incêndio,0,BAIXO,9,primavera,Nordeste_Sertao
Z_1451_CEN,-12.42187,-55.76506,2024-11-30 00:00:00,171.0,27.3,63.5,402.1,512.3,5.1,15.2,arenoso,area_umida,baixa,0,nenhum,0,MUITO BAIXO,11,primavera,CentroOeste_Cerrado_Pantanal
Z_1452_NOR,-3.77012,-48.47561,2023-10-16 00:00:00,349.1,26.5,82.4,3088.5,287.9,11.7,35.2,arenoso,rural,baixa,0,vendaval,0,BAIXO,10,primavera,Norte_Amazonia
Z_1453_SUL,-31.55422,-52.96349,2023-12-07 00:00:00,232.8,21.0,50.7,1511.2,476.5,2.5,22.6,argiloso,pastagem,alta,0,nenhum,0,MUITO BAIXO,12,verao,Sul_Campos_Planalto
Z_1454_SUD,-19.67715,-49.37999,2024-05-01 00:00:00,289.4,26.5,59.2,163.8,2173.5,59.2,26.2,argiloso,rural,media,0,deslizamento,1,ALTO,5,outono,Sudeste_Montanhoso_Litoraneo
Z_1455_NOR,-3.60742,-39.90839,2023-12-08 00:00:00,37.3,26.1,46.5,460.0,383.0,7.1,28.2,arenoso,pastagem,alta,0,nenhum,0,MUITO BAIXO,12,verao,Nordeste_Sertao
Z_1456_CEN,-21.56781,-45.65454,2023-06-23 00:00:00,25.9,18.9,35.35617613194441,241.2,723.5,11.9,0.5,arenoso,rural,media,0,nenhum,0,MUITO BAIXO,6,inverno,CentroOeste_Cerrado_Pantanal
Z_1457_SUD,-20.36422,-44.98982,2023-03-21 00:00:00,331.6,29.6,93.3,4152.9,229.0,39.9,18.9,organico,rural,media,0,deslizamento,0,BAIXO,3,outono,Sudeste_Montanhoso_Litoraneo
Z_1458_SUL,-27.92943,-55.83289,2024-10-21 00:00:00,167.0,19.5,48.3,4655.0,261.9,22.6,16.3,organico,rural,alta,0,vendaval,0,BAIXO,10,primavera,Sul_Campos_Planalto
Z_1459_SUD,-24.61707,-45.97114,2023-10-18 00:00:00,205.3,25.1,84.1,4393.5,1088.0,25.7,3.5,argiloso,floresta,media,0,deslizamento,0,MÉDIO,10,primavera,Sudeste_Montanhoso_Litoraneo
Z_1460_CEN,-12.42554,-47.807,2023-09-09 00:00:00,182.5,24.1,59.4,265.2,221.7,24.6,23.5,arenoso,floresta,baixa,0,nenhum,0,MUITO BAIXO,9,primavera,CentroOeste_Cerrado_Pantanal
Z_1461_NOR,-3.46535,-56.08084,2023-01-20 00:00:00,296.7,37.2,77.7,233.0,170.3,19.4,57.3,argiloso,floresta,baixa,0,incêndio,0,BAIXO,1,verao,Norte_Amazonia
Z_1462_NOR,-1.421,-48.27211,2024-06-26 00:00:00,280.9,34.8,97.8,2420.9,156.2,13.6,78.8,argiloso,rural,media,0,nenhum,0,MUITO BAIXO,6,inverno,Norte_Amazonia
Z_1463_SUD,-23.76734,-39.2389,2023-07-27 00:00:00,216.3,21.4,36.82654239034811,4694.5,1286.3,5.7,20.5,rochoso,floresta,media,0,nenhum,0,MUITO BAIXO,7,inverno,Sudeste_Montanhoso_Litoraneo
Z_1464_CEN,-13.1754,-52.15826,2023-10-05 00:00:00,89.8,31.8,38.4,283.3,325.2,14.1,28.6,latossolo,area_umida,media,0,inundação,0,BAIXO,10,primavera,CentroOeste_Cerrado_Pantanal
Z_1465_NOR,-5.82988,-62.234,2024-10-23 00:00:00,227.1,30.3,76.5,2194.9,476.5,6.1,1.9,arenoso,area_umida,baixa,0,inundação,1,MÉDIO,10,primavera,Norte_Amazonia
Z_1466_SUD,-21.16353,-39.03579,2023-08-26 00:00:00,250.2,15.8,55.43861973053017,2939.0,2465.7,43.4,16.5,organico,urbano,alta,0,deslizamento,0,BAIXO,8,inverno,Sudeste_Montanhoso_Litoraneo
Z_1467_NOR,4.34908,-50.67768,2023-01-09 00:00:00,412.9,25.6,99.1,2262.0,282.8,16.9,71.4,argiloso,urbano,media,0,inundação,0,BAIXO,1,verao,Norte_Amazonia
Z_1468_SUD,-22.08413,-39.39446,2024-09-29 00:00:00,327.0,30.5,83.2,2869.2,345.2,46.0,27.9,organico,urbano,alta,0,nenhum,0,MUITO BAIXO,9,primavera,Sudeste_Montanhoso_Litoraneo
Z_1469_SUL,-31.75292,-48.54324,2024-10-19 00:00:00,230.5,15.2,51.5,471.5,23.7,7.8,14.9,argiloso,rural,baixa,1,inundação,1,MÉDIO,10,primavera,Sul_Campos_Planalto
Z_1470_SUL,-30.57962,-49.51236,2023-02-08 00:00:00,74.2,15.7,49.9,2134.2,1794.1,30.8,11.6,argiloso,rural,alta,0,vendaval,0,BAIXO,2,verao,Sul_Campos_Planalto
Z_1471_SUD,-24.62197,-46.70871,2023-07-16 00:00:00,337.3,19.3,60.978077292550644,3611.3,888.8,59.1,12.8,rochoso,pastagem,baixa,0,vendaval,0,BAIXO,7,inverno,Sudeste_Montanhoso_Litoraneo
Z_1472_SUL,-31.60297,-52.58686,2023-06-18 00:00:00,102.8,20.6,38.44787006628647,3958.5,1516.9,1.7,10.4,arenoso_argiloso,floresta,baixa,0,nenhum,0,MUITO BAIXO,6,inverno,Sul_Campos_Planalto
Z_1473_CEN,-10.36887,-59.11628,2023-12-09 00:00:00,119.3,33.3,31.7,351.0,211.0,22.9,28.0,latossolo,floresta,baixa,0,nenhum,0,MUITO BAIXO,12,verao,CentroOeste_Cerrado_Pantanal
Z_1474_CEN,-6.82424,-56.90277,2024-01-22 00:00:00,172.2,28.4,53.0,348.3,1182.2,13.1,26.2,argiloso,pastagem,baixa,0,incêndio,1,BAIXO,1,verao,CentroOeste_Cerrado_Pantanal
Z_1475_NOR,-4.6087,-44.87775,2023-06-25 00:00:00,10.1,32.1,10.0,248.0,743.7,8.6,1.5,arenoso,pastagem,alta,0,incêndio,1,MÉDIO,6,inverno,Nordeste_Sertao
Z_1476_SUD,-18.19309,-39.77947,2023-10-26 00:00:00,189.4,28.0,65.5,2284.3,633.7,55.6,3.2,argiloso,pastagem,baixa,0,deslizamento,0,MÉDIO,10,primavera,Sudeste_Montanhoso_Litoraneo
Z_1477_NOR,0.76844,-49.05301,2024-04-27 00:00:00,352.7,25.9,90.0,4016.9,222.0,18.5,14.3,organico,floresta,baixa,0,incêndio,0,BAIXO,4,outono,Norte_Amazonia
Z_1478_SUL,-25.90268,-50.75899,2024-10-14 00:00:00,109.8,20.0,64.8,4693.7,593.8,6.4,17.2,organico,pastagem,media,0,vendaval,0,BAIXO,10,primavera,Sul_Campos_Planalto
Z_1479_SUL,-25.89215,-49.24964,2024-11-12 00:00:00,151.8,10.9,79.5,3195.3,1618.1,28.1,6.5,arenoso_argiloso,rural,alta,0,inundação,0,BAIXO,11,primavera,Sul_Campos_Planalto
Z_1480_NOR,-10.55296,-44.22954,2024-04-10 00:00:00,62.8,41.4,38.8,51.6,815.0,24.1,24.5,rochoso,rural,baixa,0,incêndio,0,BAIXO,4,outono,Nordeste_Sertao
Z_1481_NOR,-2.03533,-40.77518,2023-03-29 00:00:00,72.2,32.4,46.0,200.9,580.4,21.7,24.6,arenoso,rural,alta,0,nenhum,0,MUITO BAIXO,3,outono,Nordeste_Sertao
Z_1482_SUL,-30.6704,-52.66529,2024-07-29 00:00:00,203.7,18.7,41.77923004387383,4525.3,480.0,18.9,12.4,arenoso_argiloso,rural,baixa,0,vendaval,0,BAIXO,7,inverno,Sul_Campos_Planalto
Z_1483_SUL,-23.09274,-50.99773,2024-02-28 00:00:00,127.3,12.2,48.4,4469.3,48.2,15.7,12.6,organico,urbano,media,0,nenhum,0,MUITO BAIXO,2,verao,Sul_Campos_Planalto
Z_1484_SUL,-22.51626,-57.87552,2024-07-02 00:00:00,172.9,18.1,34.79777837252624,3390.6,111.8,35.8,3.8,arenoso_argiloso,rural,alta,0,inundação,0,BAIXO,7,inverno,Sul_Campos_Planalto
Z_1485_CEN,-23.60331,-57.48192,2024-01-08 00:00:00,104.9,35.9,56.5,237.5,362.8,24.3,24.4,latossolo,floresta,media,0,seca,0,BAIXO,1,verao,CentroOeste_Cerrado_Pantanal
Z_1486_NOR,-3.36023,-61.11245,2023-10-19 00:00:00,228.5,33.7,96.0,4721.9,230.3,2.1,70.6,organico,rural,media,0,incêndio,0,BAIXO,10,primavera,Norte_Amazonia
Z_1487_CEN,-6.02603,-54.55541,2024-10-17 00:00:00,194.1,20.9,56.7,32.2,604.1,23.2,8.3,argiloso,rural,baixa,0,inundação,0,BAIXO,10,primavera,CentroOeste_Cerrado_Pantanal
Z_1488_NOR,4.70678,-52.96077,2024-07-25 00:00:00,437.8,28.1,87.6,4177.5,358.6,7.4,50.8,organico,area_umida,media,1,inundação,0,MÉDIO,7,inverno,Norte_Amazonia
Z_1489_NOR,-9.39498,-67.54654,2024-12-15 00:00:00,332.5,26.3,84.5,3029.3,154.8,4.6,13.5,arenoso,floresta,baixa,0,nenhum,0,MUITO BAIXO,12,verao,Norte_Amazonia
Z_1490_SUL,-25.70047,-49.86046,2024-07-01 00:00:00,159.1,5.8,35.327043464706406,193.3,383.0,20.6,5.4,argiloso,rural,media,0,nenhum,0,MUITO BAIXO,7,inverno,Sul_Campos_Planalto
Z_1491_NOR,-4.31441,-66.58097,2024-03-02 00:00:00,212.3,37.9,81.8,3042.9,5.7,2.3,36.3,arenoso,rural,baixa,0,inundação,0,MÉDIO,3,outono,Norte_Amazonia
Z_1492_NOR,-9.35765,-39.62686,2024-03-08 00:00:00,99.3,39.6,58.7,134.5,957.2,24.1,6.0,rochoso,pastagem,baixa,0,incêndio,0,BAIXO,3,outono,Nordeste_Sertao
Z_1493_NOR,-6.32499,-58.89297,2023-08-19 00:00:00,166.9,30.6,98.4,316.4,498.5,17.4,56.6,organico,rural,media,0,incêndio,0,BAIXO,8,inverno,Norte_Amazonia
Z_1494_NOR,-4.96405,-40.90701,2023-11-13 00:00:00,51.1,35.4,24.2,357.9,411.5,10.6,28.2,argiloso_seco,rural,media,0,seca,0,BAIXO,11,primavera,Nordeste_Sertao
Z_1495_CEN,-14.97103,-50.95881,2024-07-09 00:00:00,12.6,27.8,12.527671888118988,365.9,1102.1,1.3,14.7,arenoso,rural,baixa,1,inundação,0,BAIXO,7,inverno,CentroOeste_Cerrado_Pantanal
Z_1496_NOR,1.14405,-72.83743,2023-08-21 00:00:00,171.7,28.7,80.7,2223.0,295.3,4.1,62.8,arenoso,area_umida,baixa,0,vendaval,0,BAIXO,8,inverno,Norte_Amazonia
Z_1497_NOR,-17.1547,-38.26497,2023-08-27 00:00:00,8.4,32.5,10.0,488.2,723.6,9.8,19.6,rochoso,rural,baixa,2,incêndio,0,MÉDIO,8,inverno,Nordeste_Sertao
Z_1498_NOR,-15.48195,-41.20635,2024-03-18 00:00:00,31.2,39.0,69.0,200.0,693.4,7.6,20.5,argiloso_seco,pastagem,alta,0,incêndio,0,BAIXO,3,outono,Nordeste_Sertao
Z_1499_CEN,-17.36486,-49.59277,2024-12-28 00:00:00,137.8,23.1,45.5,248.2,569.8,16.2,5.9,arenoso,area_umida,alta,0,nenhum,0,MUITO BAIXO,12,verao,CentroOeste_Cerrado_Pantanal
Z_1500_CEN,-20.69608,-56.88796,2024-05-12 00:00:00,74.5,35.4,82.8,279.4,339.5,21.8,14.4,arenoso,pastagem,media,0,nenhum,0,MUITO BAIXO,5,outono,CentroOeste_Cerrado_Pantanal
Z_1501_CEN,-8.8938,-50.7914,2024-05-12 00:00:00,169.5,35.4,81.3,388.1,478.6,21.4,7.9,arenoso,pastagem,media,0,nenhum,0,MUITO BAIXO,5,outono,CentroOeste_Cerrado_Pantanal
Z_1502_SUL,-31.14038,-52.80695,2024-10-05 00:00:00,166.7,9.7,59.2,2145.3,1757.6,32.8,14.8,arenoso_argiloso,floresta,media,0,seca,0,BAIXO,10,primavera,Sul_Campos_Planalto
Z_1503_SUD,-21.60591,-40.9016,2024-05-23 00:00:00,329.9,24.9,65.0,4871.3,1522.9,54.9,3.9,rochoso,pastagem,baixa,0,inundação,0,BAIXO,5,outono,Sudeste_Montanhoso_Litoraneo
Z_1504_CEN,-11.23845,-56.7018,2024-07-01 00:00:00,16.4,19.8,25.98175763037225,399.3,250.9,5.1,29.3,argiloso,floresta,baixa,1,seca,0,BAIXO,7,inverno,CentroOeste_Cerrado_Pantanal
Z_1505_SUD,-20.72165,-44.62355,2024-05-07 00:00:00,216.1,24.8,59.0,4898.6,1335.8,43.8,21.8,rochoso,floresta,media,0,deslizamento,0,BAIXO,5,outono,Sudeste_Montanhoso_Litoraneo
Z_1506_NOR,-9.40245,-59.58472,2024-02-14 00:00:00,430.0,31.6,78.6,4008.6,281.7,6.7,18.2,organico,floresta,baixa,0,nenhum,0,MUITO BAIXO,2,verao,Norte_Amazonia
Z_1507_SUD,-24.40735,-46.40759,2024-01-05 00:00:00,86.7,27.5,50.9,2235.4,484.4,12.4,9.7,argiloso,urbano,alta,0,vendaval,0,BAIXO,1,verao,Sudeste_Montanhoso_Litoraneo
Z_1508_SUD,-20.13565,-42.79408,2023-03-07 00:00:00,239.1,27.7,66.9,795.6,2236.2,12.4,15.8,rochoso,urbano,media,0,vendaval,0,BAIXO,3,outono,Sudeste_Montanhoso_Litoraneo
Z_1509_NOR,-2.90024,-44.35406,2023-06-28 00:00:00,6.9,35.9,36.41532152475634,202.3,476.1,12.5,22.2,argiloso_seco,pastagem,baixa,0,incêndio,0,MÉDIO,6,inverno,Nordeste_Sertao
Z_1510_NOR,3.98906,-51.13936,2024-01-29 00:00:00,421.9,22.8,89.5,903.2,384.6,8.1,13.9,argiloso,urbano,media,1,inundação,0,BAIXO,1,verao,Norte_Amazonia
Z_1511_SUD,-23.18115,-41.26969,2024-05-17 00:00:00,190.9,27.5,64.6,640.5,861.9,58.6,1.0,argiloso,rural,baixa,1,deslizamento,0,MÉDIO,5,outono,Sudeste_Montanhoso_Litoraneo
Z_1512_SUL,-22.67598,-48.21996,2024-09-26 00:00:00,178.8,9.9,87.5,2255.3,1347.7,26.5,16.1,arenoso_argiloso,floresta,baixa,0,nenhum,0,MUITO BAIXO,9,primavera,Sul_Campos_Planalto
Z_1513_SUD,-22.53736,-44.50451,2023-09-26 00:00:00,105.9,23.8,81.1,3234.1,687.7,28.8,15.4,organico,floresta,media,0,inundação,0,BAIXO,9,primavera,Sudeste_Montanhoso_Litoraneo
Z_1514_NOR,-3.45549,-62.28104,2024-04-25 00:00:00,380.0,24.7,76.0,2452.0,308.7,13.3,51.4,arenoso,floresta,baixa,0,vendaval,0,BAIXO,4,outono,Norte_Amazonia
Z_1515_NOR,3.04591,-52.08792,2024-12-02 00:00:00,328.8,30.3,80.9,4971.8,262.3,9.5,61.3,organico,urbano,alta,0,nenhum,0,MUITO BAIXO,12,verao,Norte_Amazonia
Z_1516_SUL,-32.92714,-52.65737,2024-09-03 00:00:00,232.0,19.2,60.1,2355.8,1798.5,36.5,9.7,argiloso,floresta,baixa,0,deslizamento,1,ALTO,9,primavera,Sul_Campos_Planalto
Z_1517_SUL,-30.59665,-52.88912,2023-12-27 00:00:00,84.7,29.6,77.9,4198.3,1276.4,24.7,1.8,arenoso_argiloso,rural,alta,0,vendaval,1,MÉDIO,12,verao,Sul_Campos_Planalto
Z_1518_SUL,-26.8672,-54.56938,2023-08-14 00:00:00,183.8,26.0,38.466600503317466,1991.4,1420.3,2.2,9.9,argiloso,pastagem,media,0,seca,0,BAIXO,8,inverno,Sul_Campos_Planalto
Z_1519_SUD,-22.50123,-46.16727,2024-07-28 00:00:00,166.6,18.1,33.75620089501359,400.0,2419.9,16.6,29.6,argiloso,pastagem,alta,0,nenhum,0,MUITO BAIXO,7,inverno,Sudeste_Montanhoso_Litoraneo
Z_1520_SUD,-24.27839,-49.49991,2023-08-21 00:00:00,228.4,34.7,80.9413356053293,739.4,940.1,38.9,2.8,argiloso,rural,media,1,deslizamento,0,BAIXO,8,inverno,Sudeste_Montanhoso_Litoraneo
Z_1521_SUD,-21.28104,-46.54825,2024-01-20 00:00:00,246.6,30.0,80.5,10.6,1322.1,53.7,26.6,rochoso,floresta,media,1,deslizamento,0,BAIXO,1,verao,Sudeste_Montanhoso_Litoraneo
Z_1522_SUD,-23.66578,-48.59385,2024-06-08 00:00:00,132.2,20.9,60.43084829732055,1819.2,2091.9,18.1,24.3,organico,rural,baixa,0,vendaval,0,BAIXO,6,inverno,Sudeste_Montanhoso_Litoraneo
Z_1523_SUL,-24.21523,-48.5364,2023-11-03 00:00:00,219.9,27.1,55.7,2927.7,1079.1,35.3,14.9,organico,rural,alta,0,deslizamento,1,ALTO,11,primavera,Sul_Campos_Planalto
Z_1524_NOR,-5.39675,-71.99301,2023-08-06 00:00:00,191.2,37.6,95.1,1582.6,141.4,7.5,28.3,arenoso,rural,media,0,nenhum,0,MUITO BAIXO,8,inverno,Norte_Amazonia
Z_1525_CEN,-6.30695,-56.63418,2024-11-24 00:00:00,145.5,20.1,48.9,156.6,106.0,16.6,0.8,argiloso,rural,baixa,1,incêndio,0,BAIXO,11,primavera,CentroOeste_Cerrado_Pantanal
Z_1526_NOR,2.30276,-68.75922,2024-07-04 00:00:00,356.0,29.1,72.7,3785.0,200.8,2.4,59.3,organico,area_umida,baixa,0,inundação,1,MÉDIO,7,inverno,Norte_Amazonia
Z_1527_NOR,0.08759,-54.87333,2024-12-23 00:00:00,252.8,36.2,96.6,73.2,331.8,0.8,70.0,argiloso,area_umida,media,0,inundação,0,MÉDIO,12,verao,Norte_Amazonia
Z_1528_CEN,-23.94386,-57.6013,2024-03-22 00:00:00,76.7,25.4,67.8,319.3,886.8,10.2,6.4,argiloso,area_umida,alta,0,incêndio,0,BAIXO,3,outono,CentroOeste_Cerrado_Pantanal
Z_1529_NOR,-2.94853,-62.15357,2024-04-09 00:00:00,288.3,24.1,76.3,4100.1,246.1,7.9,55.0,organico,floresta,baixa,0,vendaval,0,BAIXO,4,outono,Norte_Amazonia
Z_1530_NOR,-13.09427,-41.08947,2023-03-14 00:00:00,48.8,32.1,22.4,495.8,938.9,13.3,12.6,rochoso,pastagem,alta,0,nenhum,0,MUITO BAIXO,3,outono,Nordeste_Sertao
Z_1531_SUD,-19.46147,-49.09424,2024-10-19 00:00:00,295.3,21.8,61.8,1601.9,2122.6,57.4,21.6,rochoso,pastagem,baixa,0,deslizamento,0,BAIXO,10,primavera,Sudeste_Montanhoso_Litoraneo
Z_1532_NOR,2.37726,-48.32545,2024-09-04 00:00:00,325.5,33.3,90.0,1240.2,13.1,17.3,35.3,arenoso,floresta,baixa,0,nenhum,0,MUITO BAIXO,9,primavera,Norte_Amazonia
Z_1533_SUL,-26.46959,-50.41094,2024-01-29 00:00:00,111.9,6.5,84.0,37.3,1117.2,12.1,9.4,organico,rural,media,0,nenhum,0,MUITO BAIXO,1,verao,Sul_Campos_Planalto
Z_1534_NOR,-13.21193,-44.64504,2024-07-10 00:00:00,2.8,24.6,44.715050281168175,429.4,532.8,20.7,10.6,rochoso,pastagem,alta,0,nenhum,0,MUITO BAIXO,7,inverno,Nordeste_Sertao
Z_1535_NOR,-7.94685,-50.32658,2024-12-07 00:00:00,174.6,32.8,89.5,1847.5,371.9,3.7,23.9,organico,area_umida,baixa,0,vendaval,0,BAIXO,12,verao,Norte_Amazonia
Z_1536_NOR,-2.6238,-39.82045,2023-01-19 00:00:00,17.5,33.9,61.7,240.0,781.4,27.6,21.8,rochoso,rural,alta,0,nenhum,0,MUITO BAIXO,1,verao,Nordeste_Sertao
Z_1537_NOR,-15.72167,-43.97345,2024-11-07 00:00:00,13.7,33.3,54.9,145.8,297.0,15.5,18.6,argiloso_seco,pastagem,media,0,nenhum,0,MUITO BAIXO,11,primavera,Nordeste_Sertao
Z_1538_SUL,-27.46667,-55.57807,2023-09-10 00:00:00,142.5,12.3,47.0,4276.6,112.5,27.7,29.4,arenoso_argiloso,urbano,alta,0,seca,0,BAIXO,9,primavera,Sul_Campos_Planalto
Z_1539_NOR,4.98979,-48.58342,2023-05-18 00:00:00,407.4,27.5,91.3,2021.5,52.7,7.9,57.2,argiloso,floresta,media,0,inundação,0,MÉDIO,5,outono,Norte_Amazonia
Z_1540_NOR,-8.33231,-57.30264,2023-03-18 00:00:00,172.9,26.0,81.5,1883.5,210.4,4.6,79.4,arenoso,urbano,alta,0,nenhum,0,MUITO BAIXO,3,outono,Norte_Amazonia
Z_1541_NOR,-10.67983,-41.9827,2023-08-22 00:00:00,0.3,27.5,45.15211693149131,375.0,406.4,29.5,27.7,rochoso,rural,alta,0,nenhum,0,MUITO BAIXO,8,inverno,Nordeste_Sertao
Z_1542_NOR,-7.65362,-48.12983,2023-06-19 00:00:00,404.8,29.8,95.3,1648.1,134.6,7.0,59.9,organico,urbano,media,0,incêndio,0,BAIXO,6,inverno,Norte_Amazonia
Z_1543_NOR,3.04427,-59.80831,2024-04-05 00:00:00,310.7,31.6,77.9,4376.9,240.3,9.6,72.1,arenoso,floresta,baixa,0,vendaval,0,BAIXO,4,outono,Norte_Amazonia
Z_1544_NOR,-7.32782,-38.15041,2023-08-18 00:00:00,9.8,21.4,41.06802710652832,338.0,296.9,11.0,25.3,arenoso,pastagem,baixa,0,nenhum,0,MUITO BAIXO,8,inverno,Nordeste_Sertao
Z_1545_SUD,-21.18369,-41.74143,2023-01-25 00:00:00,107.0,27.7,57.2,2852.4,2458.2,25.6,13.3,organico,rural,alta,0,nenhum,0,MUITO BAIXO,1,verao,Sudeste_Montanhoso_Litoraneo
Z_1546_NOR,-1.27077,-55.98716,2023-03-06 00:00:00,447.7,25.0,83.0,2291.8,409.6,8.9,57.1,organico,rural,media,0,nenhum,0,MUITO BAIXO,3,outono,Norte_Amazonia
Z_1547_CEN,-18.88086,-49.28319,2023-06-11 00:00:00,17.9,36.7,55.187922987889515,460.9,973.7,3.7,26.1,arenoso,floresta,baixa,0,nenhum,0,MUITO BAIXO,6,inverno,CentroOeste_Cerrado_Pantanal
Z_1548_SUD,-23.57816,-41.95589,2023-03-03 00:00:00,84.3,19.9,63.3,945.3,531.2,19.5,23.6,argiloso,pastagem,baixa,0,deslizamento,0,BAIXO,3,outono,Sudeste_Montanhoso_Litoraneo
Z_1549_NOR,-12.70438,-41.93137,2023-03-10 00:00:00,48.2,39.5,20.0,429.4,785.4,18.5,2.9,argiloso_seco,rural,media,0,incêndio,0,BAIXO,3,outono,Nordeste_Sertao
Z_1550_NOR,-4.29792,-71.14285,2024-06-12 00:00:00,422.2,28.3,80.7,3130.5,208.3,13.4,29.9,argiloso,urbano,alta,0,inundação,0,BAIXO,6,inverno,Norte_Amazonia
Z_1551_NOR,-12.34412,-45.31611,2023-03-30 00:00:00,36.8,27.1,63.8,216.7,928.6,2.9,22.5,argiloso_seco,pastagem,media,0,nenhum,0,MUITO BAIXO,3,outono,Nordeste_Sertao
Z_1552_NOR,-16.04786,-45.23677,2023-09-13 00:00:00,7.0,29.4,50.5,294.3,156.7,18.8,16.8,rochoso,rural,baixa,0,seca,0,BAIXO,9,primavera,Nordeste_Sertao
Z_1553_SUD,-23.28073,-47.45982,2024-04-04 00:00:00,277.9,22.2,82.6,2475.4,669.9,36.6,11.1,argiloso,urbano,alta,0,deslizamento,1,ALTO,4,outono,Sudeste_Montanhoso_Litoraneo
Z_1554_NOR,-6.45122,-41.54456,2024-06-22 00:00:00,9.6,29.0,44.482959228592996,119.9,363.9,5.4,23.4,rochoso,rural,alta,0,incêndio,0,BAIXO,6,inverno,Nordeste_Sertao
Z_1555_SUD,-23.19047,-45.55003,2024-01-11 00:00:00,335.0,33.7,63.1,1009.3,1657.8,46.1,2.1,rochoso,floresta,media,0,nenhum,0,MUITO BAIXO,1,verao,Sudeste_Montanhoso_Litoraneo
Z_1556_SUL,-25.16458,-51.5559,2024-10-26 00:00:00,131.1,18.2,40.2,2369.3,305.9,9.3,5.6,organico,urbano,alta,0,inundação,0,BAIXO,10,primavera,Sul_Campos_Planalto
Z_1557_CEN,-13.96504,-59.18942,2023-03-10 00:00:00,65.0,36.8,40.6,327.9,225.9,21.7,26.6,arenoso,area_umida,alta,0,nenhum,0,MUITO BAIXO,3,outono,CentroOeste_Cerrado_Pantanal
Z_1558_SUD,-20.4419,-39.15292,2024-04-12 00:00:00,342.9,28.0,52.9,3441.3,2563.1,28.2,22.7,organico,urbano,alta,0,deslizamento,1,MÉDIO,4,outono,Sudeste_Montanhoso_Litoraneo
Z_1559_SUD,-20.70724,-49.19861,2024-03-05 00:00:00,166.6,18.7,75.6,3877.7,116.2,12.4,17.9,rochoso,pastagem,alta,0,vendaval,0,BAIXO,3,outono,Sudeste_Montanhoso_Litoraneo
Z_1560_NOR,-4.86655,-64.17197,2024-09-04 00:00:00,258.7,23.0,77.0,4484.1,404.8,1.4,5.1,organico,rural,media,0,inundação,0,BAIXO,9,primavera,Norte_Amazonia
Z_1561_CEN,-12.64082,-49.50324,2023-06-12 00:00:00,45.8,37.3,53.59139513267794,125.5,1128.6,6.4,14.3,arenoso,floresta,baixa,0,incêndio,0,BAIXO,6,inverno,CentroOeste_Cerrado_Pantanal
Z_1562_CEN,-9.34707,-54.1832,2024-05-21 00:00:00,67.4,31.6,54.3,259.3,1050.7,20.5,12.0,latossolo,area_umida,baixa,0,inundação,0,BAIXO,5,outono,CentroOeste_Cerrado_Pantanal
Z_1563_NOR,-7.71367,-73.04655,2024-11-13 00:00:00,344.9,32.6,97.1,1068.9,480.0,16.6,19.0,argiloso,urbano,media,0,incêndio,0,BAIXO,11,primavera,Norte_Amazonia
Z_1564_SUL,-26.89624,-50.23665,2023-11-06 00:00:00,176.9,23.8,46.3,1663.6,921.5,37.7,12.8,organico,pastagem,alta,0,deslizamento,0,MÉDIO,11,primavera,Sul_Campos_Planalto
Z_1565_NOR,-15.64245,-39.3143,2024-04-25 00:00:00,76.1,41.7,30.8,81.6,182.6,21.4,2.9,arenoso,pastagem,media,0,seca,0,BAIXO,4,outono,Nordeste_Sertao
Z_1566_NOR,1.86105,-65.29771,2023-12-03 00:00:00,325.0,31.5,82.2,4934.1,499.2,14.7,43.7,arenoso,area_umida,baixa,0,inundação,0,MÉDIO,12,verao,Norte_Amazonia
Z_1567_SUL,-25.9857,-49.81455,2023-06-29 00:00:00,146.7,6.6,60.43120120210617,4288.0,910.7,24.9,18.7,argiloso,floresta,media,0,inundação,0,BAIXO,6,inverno,Sul_Campos_Planalto
Z_1568_NOR,3.31519,-66.23534,2024-11-23 00:00:00,429.9,24.4,97.5,4511.8,244.7,15.9,52.2,organico,urbano,alta,0,inundação,0,BAIXO,11,primavera,Norte_Amazonia
Z_1569_NOR,2.34017,-49.51487,2023-09-24 00:00:00,232.7,27.4,93.7,4125.8,374.1,13.9,71.8,argiloso,urbano,media,0,nenhum,0,MUITO BAIXO,9,primavera,Norte_Amazonia
Z_1570_SUD,-21.77408,-47.3779,2024-10-06 00:00:00,110.3,27.6,76.1,3500.9,707.5,58.2,13.8,argiloso,floresta,baixa,0,nenhum,0,MUITO BAIXO,10,primavera,Sudeste_Montanhoso_Litoraneo
Z_1571_NOR,-13.69734,-41.98035,2023-05-19 00:00:00,89.8,24.6,24.4,123.6,603.4,6.7,4.4,arenoso,rural,alta,0,incêndio,0,BAIXO,5,outono,Nordeste_Sertao
Z_1572_CEN,-23.25317,-57.48192,2023-03-19 00:00:00,121.6,19.4,73.8,260.5,1121.6,14.0,24.6,argiloso,rural,baixa,0,nenhum,0,MUITO BAIXO,3,outono,CentroOeste_Cerrado_Pantanal
Z_1573_NOR,3.19211,-59.25252,2023-12-17 00:00:00,218.2,31.0,78.0,4591.7,168.4,16.5,50.6,organico,urbano,alta,0,incêndio,0,BAIXO,12,verao,Norte_Amazonia
Z_1574_NOR,-14.41374,-43.60422,2024-06-20 00:00:00,1.2,21.7,51.72692377308446,342.8,872.2,2.8,3.6,arenoso,rural,baixa,1,incêndio,0,BAIXO,6,inverno,Nordeste_Sertao
Z_1575_NOR,-3.95021,-38.62051,2023-09-27 00:00:00,39.9,23.0,61.0,410.6,622.4,23.1,2.2,rochoso,rural,media,0,incêndio,0,BAIXO,9,primavera,Nordeste_Sertao
Z_1576_SUL,-32.54915,-49.0573,2023-04-30 00:00:00,109.7,5.8,42.7,1221.4,1362.2,21.6,18.1,organico,floresta,baixa,0,inundação,0,BAIXO,4,outono,Sul_Campos_Planalto
Z_1577_SUD,-18.2967,-45.0852,2023-11-01 00:00:00,273.5,21.0,71.5,4219.3,578.8,7.2,11.7,rochoso,pastagem,alta,1,nenhum,0,MUITO BAIXO,11,primavera,Sudeste_Montanhoso_Litoraneo
Z_1578_SUD,-22.79205,-39.79815,2023-10-12 00:00:00,248.2,24.9,91.3,3404.1,185.8,42.7,7.6,rochoso,floresta,media,0,nenhum,0,MUITO BAIXO,10,primavera,Sudeste_Montanhoso_Litoraneo
Z_1579_NOR,-8.28568,-57.49128,2024-07-30 00:00:00,394.7,37.5,78.3,4255.3,302.0,18.9,56.4,argiloso,floresta,media,1,vendaval,0,BAIXO,7,inverno,Norte_Amazonia
Z_1580_SUD,-20.56185,-47.49162,2024-10-04 00:00:00,248.9,22.2,89.3,72.7,1964.5,45.3,10.5,organico,pastagem,alta,1,deslizamento,1,ALTO,10,primavera,Sudeste_Montanhoso_Litoraneo
Z_1581_NOR,-5.81834,-53.18098,2023-02-26 00:00:00,339.2,28.1,99.6,3061.7,437.7,12.1,45.8,organico,area_umida,media,0,inundação,1,MÉDIO,2,verao,Norte_Amazonia
Z_1582_NOR,4.52029,-57.85063,2023-06-03 00:00:00,381.9,37.9,85.8,3107.9,8.4,6.6,47.2,organico,floresta,baixa,1,inundação,1,MÉDIO,6,inverno,Norte_Amazonia
Z_1583_NOR,2.71302,-52.29648,2024-05-11 00:00:00,336.7,25.3,79.9,4097.8,98.7,1.6,12.2,arenoso,floresta,media,0,inundação,0,MÉDIO,5,outono,Norte_Amazonia
Z_1584_SUD,-21.31907,-45.4037,2024-04-05 00:00:00,195.6,18.7,73.7,3316.7,2036.1,35.8,10.1,argiloso,urbano,alta,0,deslizamento,0,MÉDIO,4,outono,Sudeste_Montanhoso_Litoraneo
Z_1585_NOR,-7.46914,-44.1438,2023-02-15 00:00:00,48.3,29.4,40.4,216.8,878.0,3.5,22.6,arenoso,rural,baixa,1,nenhum,0,MUITO BAIXO,2,verao,Nordeste_Sertao
Z_1586_CEN,-13.11246,-45.47682,2023-09-04 00:00:00,77.1,25.5,35.8,379.1,547.0,16.0,14.6,latossolo,rural,alta,0,incêndio,0,BAIXO,9,primavera,CentroOeste_Cerrado_Pantanal
Z_1587_SUL,-31.99045,-55.37594,2024-05-01 00:00:00,131.3,22.0,54.2,752.7,461.8,19.8,25.6,organico,pastagem,alta,0,nenhum,0,MUITO BAIXO,5,outono,Sul_Campos_Planalto
Z_1588_NOR,4.08401,-72.4809,2023-05-15 00:00:00,339.6,35.7,87.6,2675.6,341.4,9.5,60.0,organico,urbano,alta,0,incêndio,0,BAIXO,5,outono,Norte_Amazonia
Z_1589_CEN,-23.10241,-49.83404,2023-03-04 00:00:00,118.1,32.2,46.9,476.5,818.0,4.5,10.3,argiloso,area_umida,alta,0,seca,0,BAIXO,3,outono,CentroOeste_Cerrado_Pantanal
Z_1590_NOR,-6.07938,-51.28145,2024-12-01 00:00:00,348.6,29.5,92.6,1626.4,185.5,7.7,17.3,arenoso,rural,baixa,0,vendaval,0,BAIXO,12,verao,Norte_Amazonia
Z_1591_SUL,-32.61325,-50.58005,2024-02-16 00:00:00,108.2,20.3,67.1,4346.1,489.0,5.2,14.4,organico,floresta,baixa,0,nenhum,0,MUITO BAIXO,2,verao,Sul_Campos_Planalto
Z_1592_NOR,1.3328,-64.8577,2024-03-11 00:00:00,372.8,28.0,85.5,1297.1,372.8,15.1,15.1,argiloso,area_umida,baixa,0,inundação,0,BAIXO,3,outono,Norte_Amazonia
Z_1593_CEN,-6.42248,-55.03147,2024-07-16 00:00:00,26.9,27.2,44.20162797870698,165.7,1154.6,8.6,11.9,latossolo,rural,media,0,nenhum,0,MUITO BAIXO,7,inverno,CentroOeste_Cerrado_Pantanal
Z_1594_SUD,-24.21384,-41.04039,2023-10-02 00:00:00,345.6,25.7,94.2,2007.1,2012.6,14.8,15.4,rochoso,pastagem,baixa,0,inundação,0,BAIXO,10,primavera,Sudeste_Montanhoso_Litoraneo
Z_1595_CEN,-17.40313,-54.72612,2024-12-08 00:00:00,144.8,37.1,52.3,97.3,51.1,16.7,29.2,argiloso,area_umida,alta,0,nenhum,0,MUITO BAIXO,12,verao,CentroOeste_Cerrado_Pantanal
Z_1596_NOR,-12.84437,-43.27282,2023-05-18 00:00:00,12.1,31.7,19.8,159.1,852.1,12.1,20.8,arenoso,pastagem,media,0,seca,1,MÉDIO,5,outono,Nordeste_Sertao
Z_1597_SUL,-28.16114,-55.24735,2024-10-01 00:00:00,91.3,27.5,68.1,4977.3,1183.2,17.0,18.2,organico,urbano,alta,0,nenhum,0,MUITO BAIXO,10,primavera,Sul_Campos_Planalto
Z_1598_SUD,-20.82271,-49.07876,2024-04-18 00:00:00,91.9,25.1,71.9,4546.5,1742.5,33.1,13.3,organico,urbano,alta,0,inundação,0,BAIXO,4,outono,Sudeste_Montanhoso_Litoraneo
Z_1599_NOR,-0.58858,-55.3053,2024-12-27 00:00:00,273.4,28.1,86.6,3363.0,319.7,7.3,44.1,argiloso,rural,baixa,0,nenhum,0,MUITO BAIXO,12,verao,Norte_Amazonia
Z_1600_NOR,3.02456,-73.62641,2024-03-31 00:00:00,316.3,29.4,78.1,3996.2,47.1,6.8,63.9,organico,rural,baixa,0,inundação,0,MÉDIO,3,outono,Norte_Amazonia
Z_1601_CEN,-23.46479,-58.69123,2024-07-07 00:00:00,12.9,33.5,60.8405564567842,291.2,861.0,18.8,15.3,latossolo,area_umida,baixa,0,inundação,0,BAIXO,7,inverno,CentroOeste_Cerrado_Pantanal
Z_1602_NOR,-15.23357,-45.6212,2024-01-19 00:00:00,36.3,28.1,45.3,440.8,550.0,3.0,18.4,argiloso_seco,rural,alta,0,incêndio,0,BAIXO,1,verao,Nordeste_Sertao
Z_1603_NOR,-7.93952,-39.93857,2023-06-13 00:00:00,2.3,25.1,10.0,398.8,262.9,1.7,10.7,arenoso,pastagem,baixa,1,nenhum,0,MUITO BAIXO,6,inverno,Nordeste_Sertao
Z_1604_CEN,-15.52107,-45.99579,2023-04-27 00:00:00,68.6,25.7,78.0,285.1,109.6,22.9,15.9,argiloso,area_umida,alta,0,inundação,0,BAIXO,4,outono,CentroOeste_Cerrado_Pantanal
Z_1605_SUD,-23.7404,-46.81414,2024-11-10 00:00:00,87.9,18.2,73.2,1880.5,943.6,27.4,22.0,organico,urbano,alta,1,nenhum,0,MUITO BAIXO,11,primavera,Sudeste_Montanhoso_Litoraneo
Z_1606_SUD,-21.07367,-48.57656,2023-05-19 00:00:00,123.9,18.1,67.7,4278.4,1642.3,48.2,3.1,argiloso,rural,baixa,0,vendaval,0,BAIXO,5,outono,Sudeste_Montanhoso_Litoraneo
Z_1607_CEN,-8.6961,-50.03512,2024-10-18 00:00:00,138.1,23.8,51.5,485.2,1098.4,8.5,0.9,argiloso,area_umida,alta,0,seca,0,BAIXO,10,primavera,CentroOeste_Cerrado_Pantanal
Z_1608_NOR,-1.60811,-61.92261,2024-07-12 00:00:00,186.5,27.1,92.3,4395.6,66.7,0.1,46.7,arenoso,floresta,media,0,inundação,0,MÉDIO,7,inverno,Norte_Amazonia
Z_1609_SUD,-21.09707,-47.78448,2023-11-15 00:00:00,309.1,22.1,94.0,2315.7,1866.6,54.0,8.8,argiloso,floresta,baixa,0,deslizamento,1,ALTO,11,primavera,Sudeste_Montanhoso_Litoraneo
Z_1610_CEN,-22.32658,-49.23613,2023-05-05 00:00:00,132.7,29.3,55.3,28.7,163.2,11.9,5.7,arenoso,area_umida,media,0,inundação,0,BAIXO,5,outono,CentroOeste_Cerrado_Pantanal
Z_1611_CEN,-12.13137,-45.65989,2024-02-26 00:00:00,159.2,31.7,83.9,345.9,123.8,2.1,12.1,argiloso,pastagem,baixa,0,seca,0,BAIXO,2,verao,CentroOeste_Cerrado_Pantanal
Z_1612_SUD,-22.18359,-43.01032,2023-04-30 00:00:00,92.1,32.4,93.9,970.5,1.5,9.7,26.0,organico,rural,baixa,0,deslizamento,0,BAIXO,4,outono,Sudeste_Montanhoso_Litoraneo
Z_1613_CEN,-16.65965,-48.72165,2023-11-07 00:00:00,163.5,20.2,55.6,195.1,1092.6,23.9,22.1,argiloso,pastagem,alta,1,seca,0,BAIXO,11,primavera,CentroOeste_Cerrado_Pantanal
Z_1614_NOR,2.51639,-59.74027,2024-05-23 00:00:00,257.8,30.1,87.3,802.0,168.0,10.3,16.3,organico,urbano,alta,0,nenhum,0,MUITO BAIXO,5,outono,Norte_Amazonia
Z_1615_NOR,-10.61237,-41.22253,2024-08-03 00:00:00,2.7,40.1,10.0,86.7,392.6,12.3,13.3,argiloso_seco,rural,media,0,incêndio,0,BAIXO,8,inverno,Nordeste_Sertao
Z_1616_NOR,-3.74469,-67.49103,2023-09-24 00:00:00,348.5,26.7,71.3,4615.2,125.5,5.1,66.6,organico,area_umida,baixa,0,inundação,1,MÉDIO,9,primavera,Norte_Amazonia
Z_1617_NOR,-0.61229,-66.80987,2024-03-27 00:00:00,399.7,31.2,79.2,4435.9,291.0,0.9,71.9,argiloso,rural,baixa,0,nenhum,0,MUITO BAIXO,3,outono,Norte_Amazonia
Z_1618_SUD,-22.55274,-45.66648,2023-10-08 00:00:00,266.6,17.3,83.9,3757.9,1174.7,50.5,14.4,argiloso,urbano,media,0,deslizamento,0,BAIXO,10,primavera,Sudeste_Montanhoso_Litoraneo
Z_1619_NOR,-5.40636,-49.37886,2024-07-30 00:00:00,208.0,24.2,87.8,4039.8,408.9,6.3,17.2,organico,area_umida,media,0,inundação,1,MÉDIO,7,inverno,Norte_Amazonia
Z_1620_SUL,-32.84775,-55.1321,2023-02-10 00:00:00,203.0,13.6,89.8,337.0,1107.6,28.7,1.5,organico,pastagem,media,0,deslizamento,0,BAIXO,2,verao,Sul_Campos_Planalto
Z_1621_CEN,-15.04487,-53.8567,2023-09-24 00:00:00,192.4,20.8,42.6,177.4,1146.9,21.7,21.8,latossolo,rural,baixa,0,inundação,0,BAIXO,9,primavera,CentroOeste_Cerrado_Pantanal
Z_1622_NOR,-8.74003,-54.21952,2023-01-12 00:00:00,184.9,24.1,91.3,2405.8,63.5,1.9,75.3,argiloso,rural,baixa,0,inundação,0,MÉDIO,1,verao,Norte_Amazonia
Z_1623_NOR,-11.71242,-39.4375,2023-03-01 00:00:00,30.0,37.2,41.2,407.9,960.0,25.2,27.8,argiloso_seco,pastagem,media,1,incêndio,0,BAIXO,3,outono,Nordeste_Sertao
Z_1624_SUD,-22.45134,-39.48948,2023-09-01 00:00:00,196.1,29.2,85.8,810.4,654.5,33.2,23.5,argiloso,urbano,alta,0,deslizamento,1,MÉDIO,9,primavera,Sudeste_Montanhoso_Litoraneo
Z_1625_SUL,-25.24896,-54.96098,2023-03-30 00:00:00,236.9,9.9,44.3,4441.7,287.5,6.5,3.3,arenoso_argiloso,pastagem,alta,0,inundação,1,MÉDIO,3,outono,Sul_Campos_Planalto
Z_1626_NOR,-9.04924,-71.60822,2024-07-31 00:00:00,398.3,33.6,87.8,2910.6,477.1,1.9,45.4,organico,floresta,media,0,incêndio,0,BAIXO,7,inverno,Norte_Amazonia
Z_1627_SUD,-23.80386,-45.86119,2024-02-27 00:00:00,299.4,30.1,81.1,387.6,1570.3,35.5,14.1,rochoso,urbano,alta,0,deslizamento,0,BAIXO,2,verao,Sudeste_Montanhoso_Litoraneo
Z_1628_NOR,-4.47424,-61.52879,2024-06-10 00:00:00,211.8,27.9,89.4,3539.6,488.7,13.8,18.0,argiloso,urbano,alta,0,nenhum,0,MUITO BAIXO,6,inverno,Norte_Amazonia
Z_1629_NOR,1.77769,-48.98894,2024-04-01 00:00:00,262.8,31.7,73.9,327.0,281.5,13.6,55.8,argiloso,area_umida,media,0,inundação,1,MÉDIO,4,outono,Norte_Amazonia
Z_1630_CEN,-6.26994,-51.35121,2024-03-19 00:00:00,175.7,35.6,66.5,147.3,305.4,15.2,28.9,argiloso,rural,baixa,0,seca,0,BAIXO,3,outono,CentroOeste_Cerrado_Pantanal
Z_1631_NOR,0.84884,-65.42903,2024-08-17 00:00:00,275.6,26.2,77.3,1706.8,258.4,8.2,65.1,arenoso,rural,baixa,0,nenhum,0,MUITO BAIXO,8,inverno,Norte_Amazonia
Z_1632_SUL,-22.91598,-49.31853,2024-09-03 00:00:00,124.0,5.1,64.9,2065.9,34.4,29.9,5.3,arenoso_argiloso,rural,baixa,0,vendaval,0,BAIXO,9,primavera,Sul_Campos_Planalto
Z_1633_NOR,-12.71171,-41.29427,2023-10-10 00:00:00,37.5,25.5,65.0,294.6,286.4,9.6,20.2,argiloso_seco,rural,baixa,0,incêndio,0,BAIXO,10,primavera,Nordeste_Sertao
Z_1634_NOR,-3.00668,-50.09128,2024-07-27 00:00:00,154.4,34.2,76.8,3068.4,308.0,10.0,11.5,organico,urbano,alta,0,nenhum,0,MUITO BAIXO,7,inverno,Norte_Amazonia
Z_1635_NOR,-14.22886,-43.63388,2024-11-02 00:00:00,58.9,21.9,67.9,464.2,745.0,25.1,2.7,argiloso_seco,pastagem,baixa,0,seca,0,BAIXO,11,primavera,Nordeste_Sertao
Z_1636_SUL,-22.13597,-57.46065,2024-11-14 00:00:00,80.2,22.4,54.6,3839.4,721.1,5.8,21.0,organico,floresta,baixa,0,vendaval,0,BAIXO,11,primavera,Sul_Campos_Planalto
Z_1637_CEN,-15.58161,-55.70936,2023-09-30 00:00:00,119.9,18.9,53.4,495.8,1160.9,15.3,3.5,arenoso,area_umida,alta,0,nenhum,0,MUITO BAIXO,9,primavera,CentroOeste_Cerrado_Pantanal
Z_1638_NOR,-7.92107,-40.65955,2024-08-19 00:00:00,0.5,24.5,48.06943946628145,138.8,528.6,10.9,12.9,argiloso_seco,rural,media,0,nenhum,0,MUITO BAIXO,8,inverno,Nordeste_Sertao
Z_1639_SUD,-21.54096,-47.42605,2023-08-18 00:00:00,165.4,27.6,32.86379410875471,3060.4,2316.6,11.8,1.4,argiloso,pastagem,media,0,deslizamento,0,BAIXO,8,inverno,Sudeste_Montanhoso_Litoraneo
Z_1640_CEN,-13.49232,-58.58239,2023-11-29 00:00:00,188.2,37.0,68.4,288.9,966.0,7.8,17.0,arenoso,pastagem,media,0,nenhum,0,MUITO BAIXO,11,primavera,CentroOeste_Cerrado_Pantanal
Z_1641_SUD,-23.28455,-44.23418,2023-12-22 00:00:00,175.1,23.1,56.4,1773.8,2294.9,25.9,27.6,rochoso,urbano,alta,0,inundação,0,BAIXO,12,verao,Sudeste_Montanhoso_Litoraneo
Z_1642_NOR,-10.80097,-42.68847,2023-12-08 00:00:00,8.0,37.5,52.2,88.1,728.4,6.7,21.6,rochoso,rural,baixa,0,seca,0,BAIXO,12,verao,Nordeste_Sertao
Z_1643_NOR,-8.36824,-60.36367,2023-02-11 00:00:00,412.6,33.4,78.3,4000.4,204.8,13.5,29.3,organico,floresta,baixa,0,nenhum,0,MUITO BAIXO,2,verao,Norte_Amazonia
Z_1644_NOR,-6.16683,-44.87226,2024-04-11 00:00:00,41.9,23.6,65.4,86.5,297.7,28.7,11.2,arenoso,rural,baixa,0,nenhum,0,MUITO BAIXO,4,outono,Nordeste_Sertao
Z_1645_NOR,-15.35899,-41.51472,2024-11-02 00:00:00,50.5,27.1,46.7,20.6,268.6,6.3,21.5,rochoso,rural,baixa,0,seca,0,BAIXO,11,primavera,Nordeste_Sertao
Z_1646_SUD,-21.6776,-44.04384,2023-02-01 00:00:00,172.4,23.9,68.7,2482.8,875.2,48.0,12.8,argiloso,urbano,alta,0,deslizamento,0,MÉDIO,2,verao,Sudeste_Montanhoso_Litoraneo
Z_1647_CEN,-8.30687,-52.43549,2023-09-03 00:00:00,75.8,22.2,62.6,87.7,360.1,11.1,7.8,argiloso,rural,baixa,0,seca,0,BAIXO,9,primavera,CentroOeste_Cerrado_Pantanal
Z_1648_SUL,-30.76221,-57.56265,2023-10-11 00:00:00,240.1,25.8,67.6,4948.9,420.9,10.4,26.6,organico,rural,baixa,0,vendaval,0,BAIXO,10,primavera,Sul_Campos_Planalto
Z_1649_SUD,-23.72828,-42.25128,2023-11-14 00:00:00,272.2,15.6,91.1,4946.6,538.0,10.7,3.1,argiloso,urbano,alta,0,inundação,0,MÉDIO,11,primavera,Sudeste_Montanhoso_Litoraneo
Z_1650_NOR,-4.1333,-52.07943,2023-09-06 00:00:00,417.8,27.9,84.0,2030.4,209.4,2.8,31.7,arenoso,floresta,baixa,0,incêndio,0,BAIXO,9,primavera,Norte_Amazonia
Z_1651_CEN,-8.60188,-49.93097,2024-03-31 00:00:00,108.8,22.4,69.8,229.9,269.0,14.3,12.5,latossolo,pastagem,media,0,nenhum,0,MUITO BAIXO,3,outono,CentroOeste_Cerrado_Pantanal
Z_1652_SUD,-21.63706,-45.08765,2024-11-12 00:00:00,213.2,16.3,76.4,394.8,1864.7,18.0,29.4,organico,pastagem,media,0,deslizamento,0,BAIXO,11,primavera,Sudeste_Montanhoso_Litoraneo
Z_1653_SUL,-33.44015,-48.08724,2024-04-02 00:00:00,226.7,17.3,72.1,1433.0,514.0,13.5,25.4,argiloso,urbano,alta,0,seca,0,BAIXO,4,outono,Sul_Campos_Planalto
Z_1654_SUL,-29.05372,-50.48459,2024-10-23 00:00:00,222.6,15.9,77.3,3777.7,1419.1,29.2,24.2,argiloso,rural,alta,0,deslizamento,0,MÉDIO,10,primavera,Sul_Campos_Planalto
Z_1655_NOR,-15.81102,-41.36203,2024-09-09 00:00:00,43.6,24.3,53.8,397.9,609.6,23.5,1.5,arenoso,pastagem,alta,0,incêndio,0,BAIXO,9,primavera,Nordeste_Sertao
Z_1656_CEN,-11.49093,-49.62782,2024-09-05 00:00:00,199.1,20.0,73.9,359.9,1152.3,9.9,28.3,latossolo,rural,baixa,0,nenhum,0,MUITO BAIXO,9,primavera,CentroOeste_Cerrado_Pantanal
Z_1657_NOR,-2.80544,-41.0395,2023-07-20 00:00:00,9.8,25.4,33.82628143200851,32.3,861.7,6.3,5.2,arenoso,rural,baixa,0,nenhum,0,MUITO BAIXO,7,inverno,Nordeste_Sertao
Z_1658_SUL,-29.31403,-50.64974,2024-03-19 00:00:00,137.8,20.8,44.1,3679.9,543.5,39.5,20.8,organico,rural,baixa,1,nenhum,0,MUITO BAIXO,3,outono,Sul_Campos_Planalto
Z_1659_CEN,-11.76306,-51.709,2024-08-29 00:00:00,11.2,30.6,40.826064579833506,77.5,364.1,18.0,19.3,argiloso,rural,baixa,0,incêndio,0,BAIXO,8,inverno,CentroOeste_Cerrado_Pantanal
Z_1660_CEN,-13.65488,-55.2029,2023-10-15 00:00:00,110.6,20.0,60.1,199.5,243.2,8.5,5.9,argiloso,floresta,baixa,0,incêndio,0,BAIXO,10,primavera,CentroOeste_Cerrado_Pantanal
Z_1661_CEN,-12.523,-52.53623,2024-10-19 00:00:00,182.8,28.9,84.2,479.9,1065.3,5.6,25.0,arenoso,floresta,baixa,0,inundação,0,BAIXO,10,primavera,CentroOeste_Cerrado_Pantanal
Z_1662_SUL,-31.01627,-54.65892,2024-07-24 00:00:00,85.6,6.5,65.7423605961149,981.5,1158.7,24.7,26.4,arenoso_argiloso,rural,baixa,0,vendaval,0,BAIXO,7,inverno,Sul_Campos_Planalto
Z_1663_NOR,-0.24142,-62.01339,2023-02-15 00:00:00,204.9,27.1,89.1,650.4,212.9,15.0,41.4,organico,floresta,baixa,0,nenhum,0,MUITO BAIXO,2,verao,Norte_Amazonia
Z_1664_SUD,-24.86187,-45.40479,2023-11-23 00:00:00,331.3,20.0,66.2,3143.9,150.1,11.9,5.7,rochoso,urbano,alta,0,nenhum,0,MUITO BAIXO,11,primavera,Sudeste_Montanhoso_Litoraneo
Z_1665_NOR,-9.03375,-59.16771,2023-03-09 00:00:00,372.9,36.4,88.1,900.1,347.8,4.5,61.3,organico,floresta,baixa,0,incêndio,0,BAIXO,3,outono,Norte_Amazonia
Z_1666_NOR,-4.47686,-56.33162,2024-11-06 00:00:00,233.3,29.2,71.9,2174.7,219.6,14.4,79.8,organico,urbano,alta,0,nenhum,0,MUITO BAIXO,11,primavera,Norte_Amazonia
Z_1667_SUL,-28.87989,-52.78834,2023-03-09 00:00:00,105.1,20.4,65.8,3048.1,46.0,21.2,24.6,arenoso_argiloso,floresta,media,0,nenhum,0,MUITO BAIXO,3,outono,Sul_Campos_Planalto
Z_1668_NOR,-9.07576,-61.03357,2024-01-04 00:00:00,368.9,34.6,83.6,3792.3,73.3,11.0,31.5,organico,floresta,media,0,inundação,0,MÉDIO,1,verao,Norte_Amazonia
Z_1669_SUD,-23.35805,-47.96361,2023-01-06 00:00:00,274.2,27.3,58.7,2516.4,439.9,53.7,7.9,organico,floresta,baixa,0,nenhum,0,MUITO BAIXO,1,verao,Sudeste_Montanhoso_Litoraneo
Z_1670_SUL,-25.05708,-57.37889,2024-02-08 00:00:00,224.9,6.1,66.0,960.2,1767.8,17.9,3.5,arenoso_argiloso,rural,baixa,0,inundação,0,BAIXO,2,verao,Sul_Campos_Planalto
Z_1671_CEN,-10.37341,-51.76796,2024-10-10 00:00:00,99.6,32.9,37.7,116.1,112.8,19.0,25.0,arenoso,rural,alta,0,seca,0,BAIXO,10,primavera,CentroOeste_Cerrado_Pantanal
Z_1672_SUL,-27.44384,-55.2105,2023-01-26 00:00:00,242.5,6.7,75.1,2169.1,854.8,12.4,8.5,organico,rural,baixa,0,nenhum,0,MUITO BAIXO,1,verao,Sul_Campos_Planalto
Z_1673_CEN,-15.62582,-54.08129,2023-12-08 00:00:00,183.6,18.8,40.7,379.8,894.9,13.8,5.1,latossolo,pastagem,media,0,nenhum,0,MUITO BAIXO,12,verao,CentroOeste_Cerrado_Pantanal
Z_1674_NOR,1.85402,-65.98913,2023-08-03 00:00:00,193.1,36.6,97.5,4911.9,149.7,13.7,57.5,arenoso,urbano,alta,0,vendaval,0,BAIXO,8,inverno,Norte_Amazonia
Z_1675_NOR,-3.70895,-62.0969,2024-05-09 00:00:00,229.3,24.2,92.6,2186.5,434.9,4.2,2.4,organico,area_umida,baixa,0,inundação,1,MÉDIO,5,outono,Norte_Amazonia
Z_1676_SUD,-20.89946,-42.4654,2023-04-16 00:00:00,294.3,19.5,89.1,4272.1,838.6,21.7,2.8,organico,floresta,baixa,0,nenhum,0,MUITO BAIXO,4,outono,Sudeste_Montanhoso_Litoraneo
Z_1677_SUD,-19.13003,-43.24089,2023-03-07 00:00:00,212.1,18.1,76.8,3150.2,1370.8,18.8,8.3,rochoso,floresta,baixa,0,nenhum,0,MUITO BAIXO,3,outono,Sudeste_Montanhoso_Litoraneo
Z_1678_NOR,-2.253,-40.81774,2023-12-03 00:00:00,38.0,36.5,60.9,111.9,101.4,18.5,4.3,arenoso,rural,alta,0,nenhum,0,MUITO BAIXO,12,verao,Nordeste_Sertao
Z_1679_NOR,4.35631,-67.70628,2023-09-12 00:00:00,340.0,31.6,98.8,1852.9,451.3,3.1,38.4,arenoso,urbano,media,0,inundação,0,BAIXO,9,primavera,Norte_Amazonia
Z_1680_NOR,4.54409,-61.97171,2023-12-06 00:00:00,246.4,31.4,77.1,285.6,289.5,1.9,20.2,organico,rural,baixa,0,inundação,0,BAIXO,12,verao,Norte_Amazonia
Z_1681_SUD,-24.49121,-40.23359,2023-02-09 00:00:00,202.0,29.2,87.5,4784.8,409.3,16.1,24.3,rochoso,urbano,alta,0,inundação,0,BAIXO,2,verao,Sudeste_Montanhoso_Litoraneo
Z_1682_SUD,-22.17726,-48.40702,2023-08-09 00:00:00,197.9,34.2,36.76892007697079,4939.7,1837.7,56.7,3.0,argiloso,pastagem,baixa,0,deslizamento,0,MÉDIO,8,inverno,Sudeste_Montanhoso_Litoraneo
Z_1683_NOR,2.33953,-51.89961,2024-11-28 00:00:00,440.4,28.9,80.4,2881.3,350.6,8.7,52.3,arenoso,rural,baixa,0,nenhum,0,MUITO BAIXO,11,primavera,Norte_Amazonia
Z_1684_CEN,-21.91664,-60.97693,2023-04-30 00:00:00,76.4,22.3,31.2,271.4,620.8,10.1,19.5,arenoso,rural,alta,0,nenhum,0,MUITO BAIXO,4,outono,CentroOeste_Cerrado_Pantanal
Z_1685_NOR,-8.41157,-62.03576,2023-07-13 00:00:00,365.0,32.9,75.7,3631.1,472.7,11.6,54.5,organico,area_umida,baixa,0,inundação,0,MÉDIO,7,inverno,Norte_Amazonia
Z_1686_CEN,-10.31317,-53.78038,2024-11-12 00:00:00,70.4,36.2,82.7,491.5,202.3,11.1,3.1,argiloso,pastagem,media,0,seca,0,BAIXO,11,primavera,CentroOeste_Cerrado_Pantanal
Z_1687_SUD,-19.7322,-41.7129,2024-04-18 00:00:00,81.2,28.2,60.8,4525.0,1071.2,39.1,22.1,rochoso,rural,media,0,nenhum,0,MUITO BAIXO,4,outono,Sudeste_Montanhoso_Litoraneo
Z_1688_NOR,-1.18663,-50.02239,2023-01-13 00:00:00,364.3,34.3,93.5,3818.4,49.6,13.3,74.1,argiloso,urbano,alta,0,inundação,0,BAIXO,1,verao,Norte_Amazonia
Z_1689_SUD,-20.81404,-45.93606,2023-10-07 00:00:00,295.0,32.6,72.4,660.0,394.4,47.2,15.2,rochoso,pastagem,baixa,1,vendaval,1,MÉDIO,10,primavera,Sudeste_Montanhoso_Litoraneo
Z_1690_NOR,0.02024,-62.39656,2023-12-29 00:00:00,343.9,31.5,89.4,334.1,56.8,8.5,56.2,argiloso,area_umida,baixa,0,inundação,0,MÉDIO,12,verao,Norte_Amazonia
Z_1691_NOR,-13.90573,-38.53468,2023-05-07 00:00:00,5.7,24.9,55.1,457.0,596.2,23.3,25.5,rochoso,rural,alta,0,nenhum,0,MUITO BAIXO,5,outono,Nordeste_Sertao
Z_1692_SUD,-23.47579,-44.73252,2023-12-30 00:00:00,161.3,22.4,69.4,590.3,1519.1,44.9,0.9,organico,pastagem,alta,1,deslizamento,1,MÉDIO,12,verao,Sudeste_Montanhoso_Litoraneo
Z_1693_NOR,4.84261,-67.24815,2024-07-23 00:00:00,348.7,30.0,87.6,1317.4,191.3,7.3,35.1,arenoso,rural,media,0,vendaval,0,BAIXO,7,inverno,Norte_Amazonia
Z_1694_NOR,-2.65211,-60.79282,2024-05-01 00:00:00,159.6,23.3,96.4,4623.9,145.3,13.8,68.7,argiloso,rural,baixa,0,incêndio,0,BAIXO,5,outono,Norte_Amazonia
Z_1695_NOR,4.27684,-55.91583,2024-09-02 00:00:00,194.2,27.8,72.3,3308.8,83.0,0.1,17.8,argiloso,floresta,baixa,0,inundação,0,MÉDIO,9,primavera,Norte_Amazonia
Z_1696_CEN,-10.77662,-51.15504,2024-12-15 00:00:00,126.3,38.0,82.0,433.2,368.4,14.6,1.9,latossolo,floresta,baixa,1,incêndio,0,BAIXO,12,verao,CentroOeste_Cerrado_Pantanal
Z_1697_SUD,-22.6659,-44.78731,2023-10-02 00:00:00,202.7,28.6,60.3,4268.4,1533.9,19.0,9.9,argiloso,floresta,baixa,0,inundação,0,BAIXO,10,primavera,Sudeste_Montanhoso_Litoraneo
Z_1698_NOR,-15.37622,-41.14152,2024-01-28 00:00:00,89.6,32.7,53.7,326.8,343.4,11.5,15.9,rochoso,rural,alta,0,nenhum,0,MUITO BAIXO,1,verao,Nordeste_Sertao
Z_1699_NOR,-12.82558,-45.84913,2023-10-17 00:00:00,59.2,31.4,40.0,422.3,320.3,23.9,21.2,rochoso,pastagem,media,0,incêndio,0,BAIXO,10,primavera,Nordeste_Sertao
Z_1700_SUD,-19.08632,-40.64511,2023-05-03 00:00:00,99.9,26.3,61.5,4185.6,769.1,48.3,4.3,organico,rural,baixa,0,nenhum,0,MUITO BAIXO,5,outono,Sudeste_Montanhoso_Litoraneo
Z_1701_SUD,-19.77698,-49.08824,2024-12-01 00:00:00,173.9,22.5,70.5,3828.7,2471.4,26.4,2.2,argiloso,floresta,baixa,0,deslizamento,0,MÉDIO,12,verao,Sudeste_Montanhoso_Litoraneo
Z_1702_NOR,-15.85833,-40.84725,2023-03-13 00:00:00,66.6,35.2,68.5,422.5,617.4,14.1,18.8,rochoso,pastagem,media,0,incêndio,0,BAIXO,3,outono,Nordeste_Sertao
Z_1703_SUL,-31.69556,-49.9378,2023-02-09 00:00:00,186.2,18.2,86.6,4920.1,760.7,1.1,9.1,argiloso,urbano,media,0,vendaval,0,BAIXO,2,verao,Sul_Campos_Planalto
Z_1704_SUL,-24.65126,-50.40996,2024-12-19 00:00:00,200.5,20.4,52.0,2889.7,1375.9,36.3,16.4,argiloso,rural,media,0,nenhum,0,MUITO BAIXO,12,verao,Sul_Campos_Planalto
Z_1705_SUD,-20.98095,-39.06057,2023-10-21 00:00:00,98.8,34.8,54.3,3473.6,1913.7,34.2,22.0,argiloso,pastagem,baixa,0,deslizamento,0,BAIXO,10,primavera,Sudeste_Montanhoso_Litoraneo
Z_1706_SUL,-25.35357,-52.65979,2023-01-08 00:00:00,190.1,10.7,71.6,2222.0,539.9,17.6,29.4,organico,urbano,alta,0,vendaval,0,BAIXO,1,verao,Sul_Campos_Planalto
Z_1707_NOR,-11.55306,-37.62853,2024-08-04 00:00:00,0.7,32.3,10.0,402.8,199.5,28.5,28.4,arenoso,rural,media,0,incêndio,1,MÉDIO,8,inverno,Nordeste_Sertao
Z_1708_NOR,-14.40764,-40.1022,2023-07-20 00:00:00,7.7,38.3,38.01996873454982,125.3,782.2,13.8,29.3,argiloso_seco,rural,media,0,incêndio,1,MÉDIO,7,inverno,Nordeste_Sertao
Z_1709_SUD,-23.19482,-43.46683,2023-07-17 00:00:00,141.2,18.3,36.84780692836651,2909.6,952.4,44.6,24.9,rochoso,rural,alta,0,inundação,0,BAIXO,7,inverno,Sudeste_Montanhoso_Litoraneo
Z_1710_SUL,-27.75021,-49.42108,2024-01-29 00:00:00,96.9,13.8,85.6,4913.0,357.0,26.0,14.7,organico,urbano,alta,0,inundação,0,BAIXO,1,verao,Sul_Campos_Planalto
Z_1711_NOR,-2.91955,-58.04723,2024-05-30 00:00:00,424.2,24.6,70.7,2490.1,437.9,12.9,41.9,organico,urbano,alta,0,vendaval,0,BAIXO,5,outono,Norte_Amazonia
Z_1712_CEN,-18.06038,-55.47888,2023-02-13 00:00:00,51.7,24.7,38.3,360.2,744.2,10.8,25.0,argiloso,pastagem,alta,0,inundação,0,BAIXO,2,verao,CentroOeste_Cerrado_Pantanal
Z_1713_NOR,-9.30222,-43.98441,2023-10-07 00:00:00,38.6,28.6,37.3,119.9,291.8,15.5,13.9,arenoso,rural,baixa,0,nenhum,0,MUITO BAIXO,10,primavera,Nordeste_Sertao
Z_1714_NOR,3.75252,-61.50505,2023-03-14 00:00:00,165.9,33.7,71.4,1232.6,253.6,11.5,75.3,organico,rural,baixa,0,nenhum,0,MUITO BAIXO,3,outono,Norte_Amazonia
Z_1715_SUL,-30.68505,-57.0052,2023-09-09 00:00:00,135.1,6.4,56.8,1551.4,762.4,13.5,4.2,argiloso,floresta,baixa,0,seca,0,BAIXO,9,primavera,Sul_Campos_Planalto
Z_1716_CEN,-16.00239,-53.57624,2024-07-12 00:00:00,51.4,25.9,25.254195795929267,282.5,738.6,6.2,8.8,argiloso,area_umida,alta,0,seca,0,BAIXO,7,inverno,CentroOeste_Cerrado_Pantanal
Z_1717_SUD,-22.16894,-41.3297,2023-02-03 00:00:00,322.2,33.2,51.2,4961.2,701.2,57.0,22.3,organico,urbano,alta,0,nenhum,0,MUITO BAIXO,2,verao,Sudeste_Montanhoso_Litoraneo
Z_1718_CEN,-21.97327,-51.5864,2023-05-21 00:00:00,63.4,25.1,39.2,41.9,214.2,5.5,30.0,argiloso,area_umida,media,0,nenhum,0,MUITO BAIXO,5,outono,CentroOeste_Cerrado_Pantanal
Z_1719_SUD,-20.2747,-48.12854,2023-03-09 00:00:00,261.4,25.8,75.9,2462.6,599.4,43.3,26.6,argiloso,pastagem,alta,0,nenhum,0,MUITO BAIXO,3,outono,Sudeste_Montanhoso_Litoraneo
Z_1720_NOR,-2.0914,-48.58934,2023-05-16 00:00:00,241.8,30.6,82.6,2333.3,302.4,5.5,57.6,argiloso,rural,baixa,0,vendaval,0,BAIXO,5,outono,Norte_Amazonia
Z_1721_SUL,-30.88144,-53.89573,2024-10-08 00:00:00,91.8,29.7,61.8,4900.9,492.1,15.1,5.5,arenoso_argiloso,pastagem,baixa,0,vendaval,0,BAIXO,10,primavera,Sul_Campos_Planalto
Z_1722_CEN,-20.03348,-52.03523,2024-01-14 00:00:00,167.0,21.7,75.4,23.8,901.8,8.4,11.5,latossolo,area_umida,media,0,nenhum,0,MUITO BAIXO,1,verao,CentroOeste_Cerrado_Pantanal
Z_1723_SUL,-28.18757,-49.93785,2024-03-30 00:00:00,94.4,22.4,64.1,4157.6,1030.1,22.0,7.3,argiloso,floresta,media,0,seca,0,BAIXO,3,outono,Sul_Campos_Planalto
Z_1724_NOR,-7.08735,-41.29944,2023-04-04 00:00:00,51.1,23.1,35.3,191.1,935.4,13.1,27.1,argiloso_seco,rural,baixa,0,nenhum,0,MUITO BAIXO,4,outono,Nordeste_Sertao
Z_1725_NOR,-9.56736,-41.93178,2024-11-26 00:00:00,65.2,36.9,35.4,214.1,423.4,6.9,27.3,argiloso_seco,pastagem,alta,0,incêndio,0,BAIXO,11,primavera,Nordeste_Sertao
Z_1726_NOR,-8.41225,-59.17355,2024-04-09 00:00:00,302.2,33.4,89.6,4235.0,240.6,19.0,39.0,arenoso,area_umida,baixa,0,vendaval,0,BAIXO,4,outono,Norte_Amazonia
Z_1727_NOR,-2.18422,-51.43365,2023-09-25 00:00:00,226.2,24.1,74.5,3296.6,26.9,7.7,15.5,argiloso,rural,baixa,1,inundação,0,MÉDIO,9,primavera,Norte_Amazonia
Z_1728_NOR,-14.19933,-42.79099,2023-12-16 00:00:00,44.0,27.5,30.6,485.8,358.5,15.4,17.9,argiloso_seco,rural,alta,0,seca,0,BAIXO,12,verao,Nordeste_Sertao
Z_1729_NOR,-4.8111,-65.79505,2024-11-14 00:00:00,360.6,28.6,75.2,4317.6,59.7,7.7,22.8,argiloso,floresta,baixa,0,inundação,1,MÉDIO,11,primavera,Norte_Amazonia
Z_1730_NOR,-3.08651,-45.02912,2024-09-27 00:00:00,19.3,36.1,48.6,238.7,120.8,26.0,7.9,argiloso_seco,pastagem,media,0,seca,0,MÉDIO,9,primavera,Nordeste_Sertao
Z_1731_SUD,-21.50309,-46.08517,2024-12-01 00:00:00,343.0,25.6,79.3,2552.2,1337.8,5.9,5.9,argiloso,rural,alta,1,vendaval,0,BAIXO,12,verao,Sudeste_Montanhoso_Litoraneo
Z_1732_NOR,-6.52416,-40.55696,2024-11-10 00:00:00,89.0,40.0,38.9,60.4,704.5,24.4,10.8,argiloso_seco,pastagem,media,0,nenhum,0,MUITO BAIXO,11,primavera,Nordeste_Sertao
Z_1733_NOR,1.57391,-72.07853,2024-09-07 00:00:00,345.6,36.5,89.1,1279.8,393.7,4.3,45.6,argiloso,area_umida,baixa,0,inundação,1,MÉDIO,9,primavera,Norte_Amazonia
Z_1734_NOR,-11.70623,-38.43496,2024-08-29 00:00:00,1.8,24.9,28.89923609611689,184.6,105.1,12.8,3.4,arenoso,rural,baixa,0,nenhum,0,MUITO BAIXO,8,inverno,Nordeste_Sertao
Z_1735_NOR,-4.31662,-38.78415,2023-01-27 00:00:00,87.6,30.7,41.7,499.0,365.1,18.2,10.9,rochoso,pastagem,baixa,0,seca,0,BAIXO,1,verao,Nordeste_Sertao
Z_1736_CEN,-19.2031,-56.67814,2023-07-22 00:00:00,19.0,36.8,10.0,91.9,1050.8,7.4,6.8,arenoso,rural,alta,0,incêndio,1,ALTO,7,inverno,CentroOeste_Cerrado_Pantanal
Z_1737_NOR,-1.24859,-63.80892,2023-04-24 00:00:00,333.2,31.3,87.8,919.1,388.8,9.4,10.4,argiloso,urbano,alta,0,vendaval,0,MÉDIO,4,outono,Norte_Amazonia
Z_1738_NOR,-9.23323,-49.00432,2024-12-21 00:00:00,444.4,28.3,76.3,2350.8,417.9,15.3,46.6,arenoso,urbano,alta,0,nenhum,0,MUITO BAIXO,12,verao,Norte_Amazonia
Z_1739_SUL,-27.6192,-53.84451,2024-03-13 00:00:00,113.7,29.5,84.4,2117.6,147.5,33.5,4.8,organico,pastagem,baixa,0,inundação,0,BAIXO,3,outono,Sul_Campos_Planalto
Z_1740_NOR,-9.34036,-72.78233,2023-07-27 00:00:00,417.9,22.8,94.1,4592.9,8.1,19.9,43.6,organico,floresta,media,1,vendaval,0,BAIXO,7,inverno,Norte_Amazonia
Z_1741_NOR,-8.56957,-68.86838,2024-07-22 00:00:00,233.2,22.8,81.7,2190.1,108.1,6.1,1.9,organico,area_umida,baixa,0,inundação,0,MÉDIO,7,inverno,Norte_Amazonia
Z_1742_SUD,-20.72905,-44.39707,2024-03-14 00:00:00,82.7,15.6,88.9,243.3,809.8,51.3,23.4,rochoso,floresta,baixa,0,inundação,0,BAIXO,3,outono,Sudeste_Montanhoso_Litoraneo
Z_1743_NOR,2.03379,-65.50793,2023-08-06 00:00:00,274.6,33.0,98.8,2518.3,493.9,4.9,3.9,organico,rural,baixa,0,inundação,0,MÉDIO,8,inverno,Norte_Amazonia
Z_1744_NOR,-11.30221,-44.32539,2023-01-24 00:00:00,94.8,36.5,53.1,68.8,277.4,29.3,5.1,argiloso_seco,pastagem,baixa,0,incêndio,0,BAIXO,1,verao,Nordeste_Sertao
Z_1745_NOR,-17.03672,-43.86754,2024-09-02 00:00:00,99.7,26.9,58.7,256.7,888.2,21.4,3.7,arenoso,rural,alta,0,nenhum,0,MUITO BAIXO,9,primavera,Nordeste_Sertao
Z_1746_NOR,-12.72008,-37.4903,2023-12-27 00:00:00,84.9,40.3,40.2,199.2,126.8,1.0,24.1,argiloso_seco,pastagem,alta,0,nenhum,0,MUITO BAIXO,12,verao,Nordeste_Sertao
Z_1747_NOR,-5.72904,-62.6063,2024-08-06 00:00:00,438.2,30.2,98.0,2103.4,33.7,7.8,37.0,argiloso,area_umida,baixa,2,inundação,1,MÉDIO,8,inverno,Norte_Amazonia
Z_1748_CEN,-5.73363,-50.93937,2024-11-26 00:00:00,172.9,35.1,48.3,148.8,838.5,12.8,19.3,arenoso,floresta,baixa,0,nenhum,0,MUITO BAIXO,11,primavera,CentroOeste_Cerrado_Pantanal
Z_1749_CEN,-15.55615,-58.58994,2024-10-03 00:00:00,162.3,27.8,67.9,194.6,488.5,11.5,4.1,argiloso,area_umida,baixa,0,seca,0,BAIXO,10,primavera,CentroOeste_Cerrado_Pantanal
Z_1750_SUD,-20.65833,-40.8705,2023-12-30 00:00:00,196.9,23.9,73.4,3432.7,252.4,18.8,29.8,rochoso,urbano,alta,0,nenhum,0,MUITO BAIXO,12,verao,Sudeste_Montanhoso_Litoraneo
Z_1751_SUL,-27.03342,-48.224,2023-03-08 00:00:00,119.7,10.2,76.3,4116.5,38.5,21.6,19.8,arenoso_argiloso,rural,alta,1,inundação,0,BAIXO,3,outono,Sul_Campos_Planalto
Z_1752_SUD,-20.43637,-43.13612,2024-04-17 00:00:00,102.5,17.7,78.7,3482.7,2435.3,39.1,8.2,argiloso,floresta,baixa,0,nenhum,0,MUITO BAIXO,4,outono,Sudeste_Montanhoso_Litoraneo
Z_1753_SUD,-19.24289,-40.3875,2023-11-11 00:00:00,173.4,31.3,75.2,4210.7,2609.3,30.4,4.3,argiloso,rural,alta,0,deslizamento,0,MÉDIO,11,primavera,Sudeste_Montanhoso_Litoraneo
Z_1754_NOR,-3.92464,-57.59837,2024-12-24 00:00:00,378.1,26.6,97.5,1390.8,454.8,5.7,16.1,arenoso,rural,baixa,0,nenhum,0,MUITO BAIXO,12,verao,Norte_Amazonia
Z_1755_NOR,-5.26105,-39.73291,2024-04-21 00:00:00,57.4,30.3,56.6,83.4,980.6,29.5,28.3,arenoso,rural,baixa,0,nenhum,0,MUITO BAIXO,4,outono,Nordeste_Sertao
Z_1756_SUL,-30.55803,-52.77997,2024-04-11 00:00:00,131.9,31.6,40.8,1647.9,1035.4,24.8,1.4,arenoso_argiloso,urbano,alta,0,nenhum,0,MUITO BAIXO,4,outono,Sul_Campos_Planalto
Z_1757_SUD,-22.23226,-41.98141,2023-08-07 00:00:00,328.9,20.5,63.45120402564447,1720.1,1583.1,5.8,25.2,argiloso,floresta,media,0,inundação,0,BAIXO,8,inverno,Sudeste_Montanhoso_Litoraneo
Z_1758_NOR,3.09216,-51.07795,2023-09-24 00:00:00,335.5,37.2,95.2,1939.5,8.6,10.0,13.4,argiloso,rural,baixa,1,inundação,0,MÉDIO,9,primavera,Norte_Amazonia
Z_1759_SUD,-20.98063,-48.95884,2024-03-04 00:00:00,345.0,34.1,91.4,1347.0,1224.2,30.4,19.9,organico,urbano,alta,0,deslizamento,0,BAIXO,3,outono,Sudeste_Montanhoso_Litoraneo
Z_1760_NOR,-6.50371,-53.22031,2024-04-03 00:00:00,243.7,24.1,79.3,672.4,193.6,5.8,21.3,argiloso,area_umida,baixa,0,inundação,0,MÉDIO,4,outono,Norte_Amazonia
Z_1761_CEN,-22.93936,-53.3707,2024-03-25 00:00:00,165.5,28.6,54.3,493.0,300.3,22.5,1.8,arenoso,floresta,baixa,0,incêndio,0,BAIXO,3,outono,CentroOeste_Cerrado_Pantanal
Z_1762_SUL,-30.5655,-56.78805,2024-09-05 00:00:00,174.6,8.8,46.5,4345.5,1249.9,34.8,6.3,arenoso_argiloso,urbano,media,0,nenhum,0,MUITO BAIXO,9,primavera,Sul_Campos_Planalto
Z_1763_NOR,4.19584,-52.02314,2023-09-01 00:00:00,435.3,22.6,94.9,3088.8,23.1,16.8,15.6,argiloso,area_umida,media,0,nenhum,0,MUITO BAIXO,9,primavera,Norte_Amazonia
Z_1764_NOR,4.70972,-67.28291,2024-08-20 00:00:00,312.8,34.7,86.4,2867.7,429.3,15.6,58.4,arenoso,floresta,media,1,nenhum,0,MUITO BAIXO,8,inverno,Norte_Amazonia
Z_1765_NOR,1.93592,-67.54051,2024-08-13 00:00:00,373.1,37.2,82.8,1192.5,330.5,2.9,65.2,arenoso,floresta,baixa,0,nenhum,0,MUITO BAIXO,8,inverno,Norte_Amazonia
Z_1766_NOR,2.14986,-71.97467,2023-06-01 00:00:00,279.7,25.8,84.1,742.2,269.9,9.7,44.5,arenoso,rural,baixa,0,nenhum,0,MUITO BAIXO,6,inverno,Norte_Amazonia
Z_1767_SUL,-24.28171,-50.5808,2023-11-11 00:00:00,85.5,23.1,63.9,4119.0,45.9,22.5,16.3,arenoso_argiloso,pastagem,baixa,0,nenhum,0,MUITO BAIXO,11,primavera,Sul_Campos_Planalto
Z_1768_NOR,-4.9231,-68.08285,2024-10-15 00:00:00,174.8,26.7,71.6,3845.3,280.5,17.7,56.0,arenoso,floresta,media,0,nenhum,0,MUITO BAIXO,10,primavera,Norte_Amazonia
Z_1769_SUD,-18.25187,-44.5797,2023-04-08 00:00:00,158.5,33.5,81.6,2729.4,1940.1,8.8,13.4,rochoso,pastagem,media,0,vendaval,0,BAIXO,4,outono,Sudeste_Montanhoso_Litoraneo
Z_1770_SUD,-19.20345,-48.58964,2023-01-11 00:00:00,114.4,34.8,66.8,437.9,2567.9,27.6,5.4,argiloso,floresta,media,0,nenhum,0,MUITO BAIXO,1,verao,Sudeste_Montanhoso_Litoraneo
Z_1771_NOR,-17.22549,-39.62997,2023-03-17 00:00:00,16.3,25.1,51.4,481.1,705.1,7.4,11.8,argiloso_seco,pastagem,baixa,0,nenhum,0,MUITO BAIXO,3,outono,Nordeste_Sertao
Z_1772_NOR,2.24683,-57.55436,2023-01-12 00:00:00,376.3,22.7,88.8,2737.0,165.6,9.7,8.7,argiloso,rural,baixa,0,nenhum,0,MUITO BAIXO,1,verao,Norte_Amazonia
Z_1773_SUD,-23.1894,-41.19043,2024-05-17 00:00:00,158.9,16.9,67.1,1274.8,550.8,49.6,25.7,argiloso,floresta,baixa,1,deslizamento,0,MÉDIO,5,outono,Sudeste_Montanhoso_Litoraneo
Z_1774_SUD,-23.29629,-47.49341,2024-10-23 00:00:00,242.6,33.1,72.1,2838.2,2737.6,42.2,1.4,organico,rural,baixa,0,deslizamento,1,ALTO,10,primavera,Sudeste_Montanhoso_Litoraneo
Z_1775_SUD,-18.77997,-40.05661,2024-06-14 00:00:00,137.9,26.6,47.161474288473244,1618.2,957.6,41.1,0.3,argiloso,floresta,baixa,0,inundação,0,BAIXO,6,inverno,Sudeste_Montanhoso_Litoraneo
Z_1776_CEN,-12.03019,-46.51538,2023-06-11 00:00:00,9.9,33.5,69.85097475020015,285.1,639.1,2.0,20.2,argiloso,floresta,baixa,0,inundação,0,BAIXO,6,inverno,CentroOeste_Cerrado_Pantanal
Z_1777_NOR,-7.37623,-54.42974,2023-07-11 00:00:00,176.2,23.8,78.3,4018.9,475.1,12.8,74.0,argiloso,rural,baixa,0,incêndio,0,BAIXO,7,inverno,Norte_Amazonia
Z_1778_SUD,-21.36418,-48.25082,2023-01-02 00:00:00,123.7,25.2,56.9,3302.4,1691.5,16.8,6.5,organico,pastagem,baixa,0,nenhum,0,MUITO BAIXO,1,verao,Sudeste_Montanhoso_Litoraneo
Z_1779_CEN,-9.84082,-60.73454,2024-07-17 00:00:00,22.3,21.4,16.30353399395623,246.3,565.8,13.3,17.8,arenoso,floresta,baixa,0,inundação,0,BAIXO,7,inverno,CentroOeste_Cerrado_Pantanal
Z_1780_SUL,-33.236,-48.17236,2023-06-20 00:00:00,179.7,11.8,22.767867663413146,3296.2,565.9,34.4,7.8,organico,pastagem,baixa,1,deslizamento,1,MÉDIO,6,inverno,Sul_Campos_Planalto
Z_1781_CEN,-17.5356,-50.28666,2023-07-07 00:00:00,33.4,30.1,47.38458668583347,144.9,103.0,9.4,4.3,arenoso,floresta,media,0,nenhum,0,MUITO BAIXO,7,inverno,CentroOeste_Cerrado_Pantanal
Z_1782_NOR,-8.50706,-43.8673,2023-01-29 00:00:00,33.5,30.7,26.9,391.7,739.6,25.4,1.9,arenoso,rural,baixa,1,nenhum,0,MUITO BAIXO,1,verao,Nordeste_Sertao
Z_1783_SUL,-33.52325,-48.44691,2023-09-30 00:00:00,115.1,28.4,68.1,3304.4,507.7,37.3,15.0,argiloso,rural,baixa,0,nenhum,0,MUITO BAIXO,9,primavera,Sul_Campos_Planalto
Z_1784_SUD,-21.41934,-40.99627,2024-09-22 00:00:00,200.5,19.3,78.8,1228.0,2246.7,45.3,25.4,rochoso,pastagem,alta,0,nenhum,0,MUITO BAIXO,9,primavera,Sudeste_Montanhoso_Litoraneo
Z_1785_NOR,-9.60247,-45.55151,2023-02-12 00:00:00,9.9,34.1,64.6,273.7,849.6,27.6,21.9,rochoso,rural,baixa,0,seca,0,BAIXO,2,verao,Nordeste_Sertao
Z_1786_NOR,-15.81849,-40.99258,2024-07-21 00:00:00,13.5,28.5,16.499129031289236,205.3,990.0,17.6,15.9,rochoso,rural,alta,0,incêndio,0,BAIXO,7,inverno,Nordeste_Sertao
Z_1787_NOR,-7.53381,-60.5834,2024-10-10 00:00:00,384.9,24.9,75.4,3901.9,188.5,0.0,67.3,organico,rural,baixa,0,inundação,0,BAIXO,10,primavera,Norte_Amazonia
Z_1788_SUD,-19.54871,-45.18211,2024-11-06 00:00:00,123.7,28.6,64.2,1399.7,2790.7,27.4,17.0,rochoso,urbano,alta,1,nenhum,0,MUITO BAIXO,11,primavera,Sudeste_Montanhoso_Litoraneo
Z_1789_SUD,-24.2483,-41.34728,2024-10-16 00:00:00,129.8,27.4,89.7,3910.4,215.2,19.4,2.4,rochoso,floresta,baixa,0,deslizamento,0,BAIXO,10,primavera,Sudeste_Montanhoso_Litoraneo
Z_1790_CEN,-20.17717,-59.56913,2024-03-23 00:00:00,66.1,24.7,53.8,412.6,326.2,23.3,20.4,latossolo,rural,media,0,inundação,0,BAIXO,3,outono,CentroOeste_Cerrado_Pantanal
Z_1791_SUD,-23.98017,-44.95039,2023-03-04 00:00:00,141.3,20.5,59.7,1238.8,2350.5,29.2,22.1,organico,floresta,baixa,0,deslizamento,0,BAIXO,3,outono,Sudeste_Montanhoso_Litoraneo
Z_1792_CEN,-9.4498,-58.57343,2023-04-27 00:00:00,67.3,36.0,59.7,383.8,702.5,10.1,8.6,argiloso,rural,baixa,0,incêndio,0,BAIXO,4,outono,CentroOeste_Cerrado_Pantanal
Z_1793_NOR,-14.3193,-45.66213,2024-05-16 00:00:00,70.1,29.8,69.0,25.9,921.4,13.5,8.7,rochoso,rural,baixa,0,seca,0,BAIXO,5,outono,Nordeste_Sertao
Z_1794_SUD,-23.82699,-45.11402,2023-12-26 00:00:00,101.1,35.0,60.5,1729.9,1304.9,44.2,25.2,argiloso,pastagem,media,1,nenhum,0,MUITO BAIXO,12,verao,Sudeste_Montanhoso_Litoraneo
Z_1795_NOR,-3.90201,-67.374,2023-09-15 00:00:00,317.8,27.7,99.9,25.1,231.2,1.8,44.2,arenoso,area_umida,media,0,inundação,0,MÉDIO,9,primavera,Norte_Amazonia
Z_1796_SUD,-22.58317,-40.42976,2023-01-06 00:00:00,105.3,26.3,79.7,3213.0,946.0,42.1,29.6,rochoso,urbano,alta,0,inundação,0,BAIXO,1,verao,Sudeste_Montanhoso_Litoraneo
Z_1797_CEN,-21.35744,-49.80303,2023-12-01 00:00:00,68.8,18.5,59.8,116.4,723.5,0.7,7.8,arenoso,floresta,baixa,0,nenhum,0,MUITO BAIXO,12,verao,CentroOeste_Cerrado_Pantanal
Z_1798_SUD,-20.92229,-48.41058,2023-02-08 00:00:00,238.3,21.8,91.2,3069.6,2128.6,25.9,9.6,rochoso,rural,alta,0,nenhum,0,MUITO BAIXO,2,verao,Sudeste_Montanhoso_Litoraneo
Z_1799_SUL,-30.12513,-48.02408,2024-09-23 00:00:00,227.8,14.2,58.3,1983.1,271.9,26.5,14.6,argiloso,floresta,media,0,deslizamento,1,MÉDIO,9,primavera,Sul_Campos_Planalto
Z_1800_SUD,-19.8736,-48.53134,2024-04-28 00:00:00,163.8,34.0,50.8,1754.1,1541.3,30.6,23.0,rochoso,rural,baixa,0,nenhum,0,MUITO BAIXO,4,outono,Sudeste_Montanhoso_Litoraneo
Z_1801_NOR,3.43329,-62.59617,2023-03-11 00:00:00,210.4,27.5,81.3,3111.5,432.0,14.3,10.7,organico,urbano,alta,0,nenhum,0,MUITO BAIXO,3,outono,Norte_Amazonia
Z_1802_SUD,-18.99517,-39.73165,2023-09-07 00:00:00,265.0,24.6,57.0,3106.4,1336.2,43.2,3.4,organico,urbano,alta,0,deslizamento,1,ALTO,9,primavera,Sudeste_Montanhoso_Litoraneo
Z_1803_SUL,-32.06893,-56.59948,2023-12-22 00:00:00,151.7,24.4,85.0,94.7,368.1,33.7,5.9,organico,pastagem,media,0,deslizamento,0,MÉDIO,12,verao,Sul_Campos_Planalto
Z_1804_CEN,-23.11532,-56.65145,2024-06-22 00:00:00,2.8,25.3,31.14282491804233,297.4,641.0,6.1,19.4,argiloso,rural,media,0,inundação,0,BAIXO,6,inverno,CentroOeste_Cerrado_Pantanal
Z_1805_SUD,-21.38248,-48.05878,2023-11-26 00:00:00,140.1,24.2,61.3,2501.8,376.4,13.9,7.2,organico,pastagem,baixa,0,nenhum,0,MUITO BAIXO,11,primavera,Sudeste_Montanhoso_Litoraneo
Z_1806_SUL,-31.29621,-49.23404,2023-06-28 00:00:00,228.2,20.1,35.125324181847944,3374.1,1138.4,6.4,4.4,arenoso_argiloso,urbano,alta,0,inundação,1,MÉDIO,6,inverno,Sul_Campos_Planalto
Z_1807_SUD,-19.44633,-43.73245,2024-01-13 00:00:00,311.4,23.6,84.7,4454.5,1232.9,6.8,19.8,organico,rural,media,0,nenhum,0,MUITO BAIXO,1,verao,Sudeste_Montanhoso_Litoraneo
Z_1808_SUD,-19.89299,-46.98411,2024-07-21 00:00:00,270.9,17.6,64.02124448638904,4417.5,100.9,12.1,7.1,organico,rural,baixa,0,nenhum,0,MUITO BAIXO,7,inverno,Sudeste_Montanhoso_Litoraneo
Z_1809_NOR,-17.12973,-41.43727,2024-01-28 00:00:00,92.7,28.4,33.5,290.5,368.9,23.7,5.5,arenoso,pastagem,alta,0,nenhum,0,MUITO BAIXO,1,verao,Nordeste_Sertao
Z_1810_SUD,-21.74787,-44.83988,2023-02-20 00:00:00,139.6,19.8,85.5,2032.3,214.3,51.4,17.7,argiloso,floresta,baixa,0,nenhum,0,MUITO BAIXO,2,verao,Sudeste_Montanhoso_Litoraneo
Z_1811_NOR,-1.72914,-73.39878,2024-09-28 00:00:00,179.0,32.1,95.0,767.3,436.1,9.4,40.2,argiloso,urbano,media,0,incêndio,0,BAIXO,9,primavera,Norte_Amazonia
Z_1812_SUL,-31.98969,-50.24244,2023-01-02 00:00:00,102.1,29.5,82.5,3640.4,838.8,27.3,11.5,arenoso_argiloso,urbano,alta,0,nenhum,0,MUITO BAIXO,1,verao,Sul_Campos_Planalto
Z_1813_NOR,-7.59931,-67.84428,2024-07-22 00:00:00,254.4,35.6,90.9,1254.9,203.4,2.7,22.8,argiloso,urbano,alta,0,nenhum,0,MUITO BAIXO,7,inverno,Norte_Amazonia
Z_1814_SUD,-18.02182,-45.08518,2024-10-03 00:00:00,157.4,15.1,93.4,367.7,1746.5,44.1,18.2,organico,urbano,alta,0,deslizamento,0,MÉDIO,10,primavera,Sudeste_Montanhoso_Litoraneo
Z_1815_SUD,-18.99872,-46.26819,2023-07-23 00:00:00,189.6,31.8,79.90644901485224,4524.2,2466.4,41.4,23.9,rochoso,urbano,media,0,vendaval,0,BAIXO,7,inverno,Sudeste_Montanhoso_Litoraneo
Z_1816_NOR,-11.56374,-41.9773,2023-12-17 00:00:00,49.9,37.9,52.7,165.9,469.5,15.1,3.1,rochoso,rural,baixa,0,nenhum,0,MUITO BAIXO,12,verao,Nordeste_Sertao
Z_1817_NOR,-3.8296,-60.11704,2023-05-19 00:00:00,262.6,24.4,73.8,3343.5,119.5,1.4,36.1,organico,floresta,media,1,incêndio,0,BAIXO,5,outono,Norte_Amazonia
Z_1818_SUD,-20.57671,-41.71095,2023-09-12 00:00:00,296.7,29.3,62.0,117.9,1187.2,41.9,8.2,organico,urbano,alta,0,deslizamento,0,BAIXO,9,primavera,Sudeste_Montanhoso_Litoraneo
Z_1819_NOR,-9.00977,-66.29626,2023-04-24 00:00:00,184.9,33.7,75.8,3796.2,145.7,6.5,31.8,arenoso,urbano,alta,0,vendaval,0,MÉDIO,4,outono,Norte_Amazonia
Z_1820_SUL,-28.12728,-54.49926,2024-07-01 00:00:00,92.0,30.7,29.641176762454357,1022.5,1504.3,37.6,27.3,arenoso_argiloso,pastagem,baixa,0,inundação,0,BAIXO,7,inverno,Sul_Campos_Planalto
Z_1821_NOR,-0.56395,-73.74007,2024-03-28 00:00:00,163.4,31.2,70.6,1764.3,122.5,0.7,9.2,argiloso,urbano,media,0,vendaval,0,MÉDIO,3,outono,Norte_Amazonia
Z_1822_NOR,-2.672,-69.63083,2024-05-06 00:00:00,270.4,34.6,73.7,160.9,206.9,6.5,21.6,organico,area_umida,media,0,inundação,0,MÉDIO,5,outono,Norte_Amazonia
Z_1823_CEN,-21.48969,-46.16952,2024-08-04 00:00:00,24.3,35.3,15.38658331514453,67.3,495.9,16.1,11.1,latossolo,rural,media,0,incêndio,1,ALTO,8,inverno,CentroOeste_Cerrado_Pantanal
Z_1824_SUD,-24.80937,-44.26,2024-08-16 00:00:00,183.4,19.8,31.135379128206612,4625.3,2696.6,31.3,15.0,organico,rural,media,0,deslizamento,0,MÉDIO,8,inverno,Sudeste_Montanhoso_Litoraneo
Z_1825_CEN,-19.79877,-46.97072,2023-03-02 00:00:00,120.5,20.4,55.8,310.4,221.3,8.1,11.9,argiloso,floresta,media,0,inundação,0,BAIXO,3,outono,CentroOeste_Cerrado_Pantanal
Z_1826_SUD,-24.45612,-39.36022,2023-11-20 00:00:00,329.0,27.8,78.4,2207.7,711.3,39.8,0.5,rochoso,rural,baixa,0,nenhum,0,MUITO BAIXO,11,primavera,Sudeste_Montanhoso_Litoraneo
Z_1827_NOR,-3.38876,-54.36508,2023-02-10 00:00:00,214.6,24.1,71.7,1787.5,115.1,9.3,37.2,organico,floresta,baixa,0,inundação,0,BAIXO,2,verao,Norte_Amazonia
Z_1828_SUD,-19.63516,-39.53442,2024-11-24 00:00:00,225.3,27.1,57.3,3555.5,999.7,8.1,13.7,argiloso,floresta,baixa,0,vendaval,0,BAIXO,11,primavera,Sudeste_Montanhoso_Litoraneo
Z_1829_SUD,-18.05742,-40.21719,2024-09-24 00:00:00,125.5,25.6,94.8,4156.5,651.9,38.5,9.8,argiloso,pastagem,media,0,vendaval,0,BAIXO,9,primavera,Sudeste_Montanhoso_Litoraneo
Z_1830_NOR,-4.29224,-54.63508,2024-06-19 00:00:00,223.0,25.3,89.1,2854.0,384.9,17.8,1.0,argiloso,area_umida,baixa,0,incêndio,0,BAIXO,6,inverno,Norte_Amazonia
Z_1831_NOR,-12.7378,-42.66871,2023-11-03 00:00:00,79.2,40.5,66.0,208.1,297.7,4.3,2.8,rochoso,rural,baixa,0,seca,0,BAIXO,11,primavera,Nordeste_Sertao
Z_1832_NOR,-12.26234,-44.71623,2023-01-10 00:00:00,51.0,34.3,40.3,349.9,988.1,17.1,3.7,rochoso,pastagem,media,0,nenhum,0,MUITO BAIXO,1,verao,Nordeste_Sertao
Z_1833_NOR,-5.72623,-45.61725,2024-11-30 00:00:00,33.4,40.7,51.7,31.3,206.0,20.9,12.3,argiloso_seco,rural,baixa,0,nenhum,0,MUITO BAIXO,11,primavera,Nordeste_Sertao
Z_1834_SUD,-18.82548,-48.8287,2023-09-13 00:00:00,188.6,32.8,58.2,2077.1,196.1,7.2,29.7,argiloso,pastagem,media,0,vendaval,0,BAIXO,9,primavera,Sudeste_Montanhoso_Litoraneo
Z_1835_CEN,-22.70045,-59.34915,2023-06-21 00:00:00,51.2,32.2,57.044697181979465,384.6,109.4,1.2,6.0,argiloso,floresta,media,0,seca,0,BAIXO,6,inverno,CentroOeste_Cerrado_Pantanal
Z_1836_SUD,-23.85068,-39.77574,2024-02-04 00:00:00,92.4,30.1,68.0,3720.8,2391.7,36.7,14.3,rochoso,floresta,baixa,0,nenhum,0,MUITO BAIXO,2,verao,Sudeste_Montanhoso_Litoraneo
Z_1837_NOR,-1.50883,-62.72176,2024-08-22 00:00:00,253.9,27.4,77.6,496.8,95.2,12.5,74.5,organico,area_umida,baixa,0,inundação,0,MÉDIO,8,inverno,Norte_Amazonia
Z_1838_CEN,-7.55447,-48.08314,2024-05-12 00:00:00,65.0,20.9,44.5,239.3,412.5,18.8,2.0,latossolo,area_umida,alta,1,seca,0,BAIXO,5,outono,CentroOeste_Cerrado_Pantanal
Z_1839_CEN,-17.05286,-46.26867,2024-01-03 00:00:00,81.3,21.8,58.9,30.0,1004.1,19.8,25.5,latossolo,pastagem,alta,0,seca,0,BAIXO,1,verao,CentroOeste_Cerrado_Pantanal
Z_1840_CEN,-15.27428,-59.7648,2024-06-26 00:00:00,12.0,35.9,31.30951610056957,368.1,278.3,21.9,15.6,latossolo,area_umida,baixa,0,nenhum,0,MUITO BAIXO,6,inverno,CentroOeste_Cerrado_Pantanal
Z_1841_NOR,-8.06744,-37.99802,2024-06-27 00:00:00,8.9,24.9,27.46563535484198,250.3,395.4,7.1,11.2,arenoso,pastagem,alta,0,seca,0,BAIXO,6,inverno,Nordeste_Sertao
Z_1842_SUL,-33.0401,-54.50623,2023-03-09 00:00:00,203.2,22.0,67.3,3246.5,1669.7,37.2,9.3,argiloso,urbano,alta,1,deslizamento,1,ALTO,3,outono,Sul_Campos_Planalto
Z_1843_NOR,-11.87537,-37.50611,2023-08-27 00:00:00,25.3,37.2,51.859268943127404,72.3,884.8,12.8,17.1,argiloso_seco,rural,alta,0,nenhum,0,MUITO BAIXO,8,inverno,Nordeste_Sertao
Z_1844_SUD,-23.22342,-42.15639,2024-07-08 00:00:00,122.2,18.4,53.18897895427007,1190.7,1399.3,36.8,5.3,organico,rural,alta,0,vendaval,0,BAIXO,7,inverno,Sudeste_Montanhoso_Litoraneo
Z_1845_SUD,-20.59431,-47.91899,2023-01-12 00:00:00,346.8,34.9,60.5,876.4,2277.1,41.1,3.2,rochoso,urbano,media,0,vendaval,0,MÉDIO,1,verao,Sudeste_Montanhoso_Litoraneo
Z_1846_SUD,-20.40187,-44.05011,2023-03-27 00:00:00,283.4,24.0,83.8,1881.1,195.6,16.5,8.2,organico,urbano,alta,0,nenhum,0,MUITO BAIXO,3,outono,Sudeste_Montanhoso_Litoraneo
Z_1847_NOR,-12.31567,-39.53188,2023-02-26 00:00:00,70.8,25.3,35.4,36.5,643.5,12.1,27.4,rochoso,pastagem,media,0,incêndio,0,BAIXO,2,verao,Nordeste_Sertao
Z_1848_SUD,-23.84281,-47.94924,2024-03-31 00:00:00,242.1,17.1,89.7,2868.6,2156.2,25.4,8.1,organico,floresta,media,0,deslizamento,0,MÉDIO,3,outono,Sudeste_Montanhoso_Litoraneo
Z_1849_CEN,-13.20124,-45.07901,2024-06-16 00:00:00,11.8,22.0,25.138806210130863,88.3,200.6,18.1,8.7,arenoso,rural,media,0,nenhum,0,MUITO BAIXO,6,inverno,CentroOeste_Cerrado_Pantanal
Z_1850_CEN,-12.58878,-49.94199,2023-08-19 00:00:00,9.2,30.2,32.44687466660384,246.2,604.6,24.7,4.4,arenoso,rural,media,1,incêndio,0,BAIXO,8,inverno,CentroOeste_Cerrado_Pantanal
Z_1851_NOR,-2.4407,-50.35746,2024-04-08 00:00:00,257.8,28.6,71.5,4765.3,107.7,10.3,62.0,arenoso,floresta,baixa,0,incêndio,0,BAIXO,4,outono,Norte_Amazonia
Z_1852_NOR,-12.0366,-41.17138,2023-10-17 00:00:00,96.2,36.7,34.1,411.0,592.1,7.4,18.8,rochoso,rural,media,0,seca,0,BAIXO,10,primavera,Nordeste_Sertao
Z_1853_NOR,-6.64078,-48.60201,2023-04-22 00:00:00,238.2,23.8,93.3,2443.8,481.7,4.2,16.7,argiloso,rural,media,0,inundação,0,BAIXO,4,outono,Norte_Amazonia
Z_1854_CEN,-5.37251,-54.5646,2024-01-31 00:00:00,130.5,18.8,48.8,217.4,685.0,3.2,5.6,argiloso,pastagem,alta,0,nenhum,0,MUITO BAIXO,1,verao,CentroOeste_Cerrado_Pantanal
Z_1855_NOR,4.6898,-70.53075,2024-02-28 00:00:00,423.7,35.1,88.2,1616.8,179.3,15.5,32.6,organico,area_umida,media,0,nenhum,0,MUITO BAIXO,2,verao,Norte_Amazonia
Z_1856_NOR,-17.83351,-42.43936,2023-06-12 00:00:00,9.8,38.6,39.84418440098674,349.6,881.0,1.0,8.1,rochoso,rural,media,0,incêndio,0,MÉDIO,6,inverno,Nordeste_Sertao
Z_1857_NOR,-3.56093,-67.76703,2023-03-06 00:00:00,332.9,35.5,81.5,968.1,133.8,5.8,30.5,argiloso,floresta,baixa,0,inundação,0,BAIXO,3,outono,Norte_Amazonia
Z_1858_NOR,-4.33776,-43.09845,2024-04-12 00:00:00,65.6,32.7,42.0,321.7,599.3,15.9,21.7,argiloso_seco,rural,baixa,0,incêndio,0,BAIXO,4,outono,Nordeste_Sertao
Z_1859_NOR,-8.44028,-50.73102,2023-04-16 00:00:00,257.6,23.2,71.3,1521.9,354.6,7.6,18.5,arenoso,urbano,alta,0,nenhum,0,MUITO BAIXO,4,outono,Norte_Amazonia
Z_1860_SUD,-22.82852,-40.1356,2024-07-03 00:00:00,103.7,23.4,51.75468194734447,3690.0,1356.5,47.7,6.6,rochoso,rural,baixa,0,nenhum,0,MUITO BAIXO,7,inverno,Sudeste_Montanhoso_Litoraneo
Z_1861_NOR,-5.89915,-48.37773,2023-04-21 00:00:00,154.8,35.5,79.7,1759.8,26.3,19.6,77.5,argiloso,area_umida,media,0,vendaval,0,BAIXO,4,outono,Norte_Amazonia
Z_1862_NOR,-8.20368,-37.04013,2023-11-07 00:00:00,20.5,38.4,38.0,304.5,772.0,23.4,10.3,arenoso,pastagem,alta,0,incêndio,0,MÉDIO,11,primavera,Nordeste_Sertao
Z_1863_SUD,-24.78224,-48.47676,2024-01-30 00:00:00,236.9,17.7,76.9,2355.4,1054.1,47.9,25.1,organico,rural,media,0,deslizamento,1,ALTO,1,verao,Sudeste_Montanhoso_Litoraneo
Z_1864_NOR,-6.52622,-66.14274,2023-10-28 00:00:00,441.6,32.0,81.0,3831.0,52.1,18.1,24.4,arenoso,area_umida,media,0,inundação,0,BAIXO,10,primavera,Norte_Amazonia
Z_1865_NOR,-3.97864,-67.96671,2024-10-17 00:00:00,344.2,31.8,81.9,1076.4,461.9,6.8,18.7,organico,rural,baixa,0,vendaval,0,BAIXO,10,primavera,Norte_Amazonia
Z_1866_NOR,-9.88608,-57.42483,2023-07-15 00:00:00,378.5,29.9,79.4,441.4,397.5,1.6,22.3,organico,area_umida,baixa,0,inundação,0,MÉDIO,7,inverno,Norte_Amazonia
Z_1867_SUL,-26.2148,-51.13628,2024-04-26 00:00:00,181.0,9.6,49.5,4073.1,1175.2,8.4,17.3,argiloso,urbano,alta,1,seca,0,BAIXO,4,outono,Sul_Campos_Planalto
Z_1868_NOR,-1.76637,-66.92858,2023-05-21 00:00:00,417.3,32.1,85.1,4945.9,416.3,7.1,23.8,arenoso,urbano,alta,0,vendaval,0,MÉDIO,5,outono,Norte_Amazonia
Z_1869_NOR,-17.64133,-41.71403,2023-06-05 00:00:00,6.4,27.5,32.74712389982553,15.7,238.5,2.5,19.4,arenoso,rural,alta,0,seca,0,BAIXO,6,inverno,Nordeste_Sertao
Z_1870_NOR,-0.35276,-70.63195,2024-10-31 00:00:00,295.2,24.3,81.7,4462.2,200.5,9.5,27.1,arenoso,floresta,baixa,0,vendaval,0,BAIXO,10,primavera,Norte_Amazonia
Z_1871_NOR,-13.93361,-44.34113,2023-03-11 00:00:00,59.7,25.1,46.9,51.5,176.6,25.3,12.4,rochoso,rural,alta,0,seca,0,BAIXO,3,outono,Nordeste_Sertao
Z_1872_CEN,-17.7612,-46.16442,2023-07-02 00:00:00,1.3,34.4,32.4731376312909,88.9,622.2,6.6,9.9,arenoso,floresta,baixa,1,incêndio,0,MÉDIO,7,inverno,CentroOeste_Cerrado_Pantanal
Z_1873_NOR,4.18614,-53.95094,2023-09-25 00:00:00,431.4,32.7,76.2,3203.2,1.1,14.8,35.7,argiloso,area_umida,baixa,0,inundação,1,MÉDIO,9,primavera,Norte_Amazonia
Z_1874_CEN,-11.1939,-52.43956,2024-03-12 00:00:00,181.3,23.6,39.9,171.6,869.3,4.4,9.0,argiloso,area_umida,media,0,inundação,1,MÉDIO,3,outono,CentroOeste_Cerrado_Pantanal
Z_1875_SUD,-22.12739,-41.5942,2024-04-12 00:00:00,347.7,21.5,79.6,2261.8,1265.8,43.8,5.7,rochoso,floresta,media,0,vendaval,0,BAIXO,4,outono,Sudeste_Montanhoso_Litoraneo
Z_1876_NOR,-14.84135,-44.18481,2024-12-09 00:00:00,94.4,20.4,39.3,353.7,880.4,27.5,1.4,arenoso,rural,baixa,0,nenhum,0,MUITO BAIXO,12,verao,Nordeste_Sertao
Z_1877_SUD,-19.23412,-40.5237,2023-06-30 00:00:00,172.0,31.9,63.95618612731251,2733.2,862.0,52.5,18.8,organico,urbano,media,0,deslizamento,0,MÉDIO,6,inverno,Sudeste_Montanhoso_Litoraneo
Z_1878_SUD,-24.71583,-43.45281,2024-06-06 00:00:00,281.8,33.6,55.7256252083728,1713.7,2786.8,52.6,9.1,organico,urbano,alta,0,deslizamento,1,ALTO,6,inverno,Sudeste_Montanhoso_Litoraneo
Z_1879_NOR,-2.44679,-45.4039,2024-11-19 00:00:00,79.3,39.7,66.8,261.0,635.1,4.3,5.1,argiloso_seco,rural,baixa,1,nenhum,0,MUITO BAIXO,11,primavera,Nordeste_Sertao
Z_1880_NOR,-5.78544,-73.55661,2024-05-13 00:00:00,353.5,35.5,82.0,272.7,102.4,4.2,2.0,arenoso,rural,baixa,0,inundação,1,MÉDIO,5,outono,Norte_Amazonia
Z_1881_SUD,-22.74767,-40.19633,2024-06-03 00:00:00,303.9,15.9,52.44198818522641,961.4,1111.6,11.4,0.3,rochoso,floresta,baixa,1,inundação,1,ALTO,6,inverno,Sudeste_Montanhoso_Litoraneo
Z_1882_SUD,-19.98025,-40.72289,2023-03-31 00:00:00,237.4,21.0,56.3,4190.8,763.0,37.1,2.8,argiloso,pastagem,baixa,0,deslizamento,0,BAIXO,3,outono,Sudeste_Montanhoso_Litoraneo
Z_1883_SUL,-23.09111,-56.55678,2024-03-30 00:00:00,117.7,8.4,82.9,2400.7,725.0,25.7,0.8,argiloso,floresta,baixa,0,inundação,0,BAIXO,3,outono,Sul_Campos_Planalto
Z_1884_NOR,-6.62617,-42.44546,2023-08-28 00:00:00,1.3,41.3,10.0,327.7,421.5,25.8,6.8,argiloso_seco,pastagem,baixa,0,incêndio,0,BAIXO,8,inverno,Nordeste_Sertao
Z_1885_NOR,-7.65111,-44.24893,2023-02-04 00:00:00,51.0,36.5,21.5,293.2,432.2,4.7,19.4,rochoso,rural,alta,0,seca,0,BAIXO,2,verao,Nordeste_Sertao
Z_1886_NOR,4.60336,-59.60996,2023-09-21 00:00:00,396.5,32.1,76.5,1340.4,298.9,19.0,72.7,argiloso,rural,baixa,0,nenhum,0,MUITO BAIXO,9,primavera,Norte_Amazonia
Z_1887_NOR,-4.6376,-57.60894,2023-06-12 00:00:00,395.2,25.0,70.6,2732.0,307.6,13.2,67.0,organico,floresta,baixa,0,nenhum,0,MUITO BAIXO,6,inverno,Norte_Amazonia
Z_1888_CEN,-10.58977,-49.78485,2023-08-15 00:00:00,48.0,27.3,45.78158213149701,75.4,433.9,23.9,19.0,latossolo,pastagem,baixa,0,inundação,0,BAIXO,8,inverno,CentroOeste_Cerrado_Pantanal
Z_1889_NOR,-7.31825,-37.62635,2024-10-30 00:00:00,44.1,25.4,41.0,332.1,475.8,7.0,21.0,arenoso,rural,media,0,incêndio,0,BAIXO,10,primavera,Nordeste_Sertao
Z_1890_NOR,-17.25173,-38.26438,2023-07-14 00:00:00,16.1,40.4,20.90765396082864,446.4,709.9,5.4,28.4,arenoso,rural,media,0,incêndio,1,ALTO,7,inverno,Nordeste_Sertao
Z_1891_CEN,-22.06217,-54.47018,2023-10-14 00:00:00,187.5,23.0,53.9,443.3,1168.0,14.4,15.5,arenoso,rural,alta,0,incêndio,0,BAIXO,10,primavera,CentroOeste_Cerrado_Pantanal
Z_1892_SUD,-23.9513,-43.655,2024-06-30 00:00:00,308.5,28.0,59.05883822751381,731.9,2252.3,55.6,15.1,argiloso,rural,alta,0,deslizamento,1,ALTO,6,inverno,Sudeste_Montanhoso_Litoraneo
Z_1893_SUL,-32.9524,-48.33493,2024-06-17 00:00:00,249.0,31.4,72.98582714436944,2682.6,290.2,7.1,18.9,argiloso,urbano,media,0,nenhum,0,MUITO BAIXO,6,inverno,Sul_Campos_Planalto
Z_1894_NOR,-6.22287,-44.51918,2023-06-27 00:00:00,6.8,23.6,56.81057096724034,395.3,464.1,0.3,21.3,arenoso,pastagem,media,0,incêndio,0,BAIXO,6,inverno,Nordeste_Sertao
Z_1895_SUD,-22.1705,-43.58347,2023-05-24 00:00:00,253.5,25.5,61.5,4344.3,1201.6,37.9,29.3,rochoso,urbano,alta,0,inundação,0,BAIXO,5,outono,Sudeste_Montanhoso_Litoraneo
Z_1896_NOR,-5.77365,-44.79121,2024-04-07 00:00:00,50.6,33.2,46.9,411.7,117.0,25.1,29.2,arenoso,pastagem,alta,0,nenhum,0,MUITO BAIXO,4,outono,Nordeste_Sertao
Z_1897_CEN,-7.06401,-52.9989,2024-03-16 00:00:00,188.6,18.0,81.9,249.4,771.8,20.8,14.8,argiloso,pastagem,baixa,0,nenhum,0,MUITO BAIXO,3,outono,CentroOeste_Cerrado_Pantanal
Z_1898_SUD,-21.9542,-47.43019,2024-06-16 00:00:00,110.4,29.1,21.813359941032655,4253.2,1041.2,42.0,14.5,argiloso,floresta,baixa,1,inundação,0,BAIXO,6,inverno,Sudeste_Montanhoso_Litoraneo
Z_1899_NOR,-6.96248,-64.82187,2023-04-23 00:00:00,373.2,37.2,90.6,1866.0,222.6,1.5,77.5,argiloso,urbano,alta,0,nenhum,0,MUITO BAIXO,4,outono,Norte_Amazonia
Z_1900_NOR,1.48449,-60.28129,2024-05-12 00:00:00,284.7,27.1,94.1,3238.3,105.8,9.6,0.4,argiloso,floresta,baixa,0,inundação,1,ALTO,5,outono,Norte_Amazonia
Z_1901_SUD,-21.63748,-43.20402,2024-05-22 00:00:00,233.1,30.9,71.6,2193.2,846.4,48.5,21.8,organico,floresta,baixa,0,deslizamento,1,ALTO,5,outono,Sudeste_Montanhoso_Litoraneo
Z_1902_SUL,-29.52462,-51.69493,2024-04-25 00:00:00,140.1,24.7,46.9,730.6,534.9,38.5,28.9,arenoso_argiloso,floresta,baixa,0,seca,0,BAIXO,4,outono,Sul_Campos_Planalto
Z_1903_SUD,-19.69666,-49.00345,2023-07-13 00:00:00,297.1,20.2,41.34382633935764,3506.0,2008.5,44.5,13.7,rochoso,rural,media,0,nenhum,0,MUITO BAIXO,7,inverno,Sudeste_Montanhoso_Litoraneo
Z_1904_SUD,-22.57136,-49.9735,2024-11-25 00:00:00,220.2,26.5,79.7,2949.9,913.8,41.2,23.7,rochoso,rural,media,0,nenhum,0,MUITO BAIXO,11,primavera,Sudeste_Montanhoso_Litoraneo
Z_1905_SUD,-21.68693,-48.11235,2023-02-06 00:00:00,161.6,19.0,53.1,1567.7,41.7,38.0,20.6,argiloso,urbano,media,0,deslizamento,0,MÉDIO,2,verao,Sudeste_Montanhoso_Litoraneo
Z_1906_NOR,-13.01665,-44.3203,2023-05-14 00:00:00,27.3,39.7,31.6,217.4,968.2,12.7,8.0,argiloso_seco,rural,alta,0,incêndio,0,MÉDIO,5,outono,Nordeste_Sertao
Z_1907_NOR,0.22218,-55.10564,2023-08-03 00:00:00,391.6,25.1,73.1,4286.2,186.0,6.2,64.2,organico,floresta,baixa,0,inundação,0,BAIXO,8,inverno,Norte_Amazonia
Z_1908_SUD,-18.38579,-41.72647,2023-11-06 00:00:00,234.3,21.6,74.6,4092.7,2597.3,46.9,2.2,argiloso,floresta,baixa,0,nenhum,0,MUITO BAIXO,11,primavera,Sudeste_Montanhoso_Litoraneo
Z_1909_NOR,-6.79799,-61.95057,2023-12-05 00:00:00,353.8,35.7,86.5,3484.8,403.0,0.4,47.5,organico,rural,baixa,0,inundação,0,BAIXO,12,verao,Norte_Amazonia
Z_1910_NOR,-3.52486,-45.38775,2024-02-05 00:00:00,44.4,25.1,61.6,445.4,845.0,7.4,3.9,arenoso,rural,media,0,incêndio,0,BAIXO,2,verao,Nordeste_Sertao
Z_1911_NOR,4.23978,-71.64319,2024-08-31 00:00:00,185.3,31.4,71.7,937.4,335.9,15.3,24.5,arenoso,area_umida,baixa,0,inundação,0,BAIXO,8,inverno,Norte_Amazonia
Z_1912_NOR,-2.09681,-40.8837,2024-01-27 00:00:00,10.3,37.9,50.5,415.5,350.5,8.9,15.6,argiloso_seco,pastagem,alta,0,seca,0,BAIXO,1,verao,Nordeste_Sertao
Z_1913_SUL,-31.91612,-57.86204,2023-08-02 00:00:00,242.5,13.4,29.797787691971966,1303.5,147.3,7.2,9.5,argiloso,pastagem,baixa,0,nenhum,0,MUITO BAIXO,8,inverno,Sul_Campos_Planalto
Z_1914_NOR,2.96116,-69.60705,2024-06-25 00:00:00,363.7,31.4,89.5,4024.7,10.9,9.1,3.3,argiloso,urbano,alta,0,inundação,0,MÉDIO,6,inverno,Norte_Amazonia
Z_1915_NOR,-5.51629,-53.53802,2023-01-15 00:00:00,359.1,26.7,70.1,3555.0,181.1,13.7,16.2,organico,rural,baixa,0,incêndio,0,BAIXO,1,verao,Norte_Amazonia
Z_1916_NOR,-5.54273,-51.96318,2023-09-27 00:00:00,407.3,30.3,74.8,4567.2,31.2,11.5,4.8,argiloso,urbano,media,1,inundação,0,BAIXO,9,primavera,Norte_Amazonia
Z_1917_NOR,-4.25608,-72.7697,2023-04-30 00:00:00,290.5,23.0,90.7,3202.1,63.9,5.9,65.0,arenoso,area_umida,baixa,0,inundação,0,MÉDIO,4,outono,Norte_Amazonia
Z_1918_SUD,-21.62322,-46.39701,2023-06-17 00:00:00,162.1,17.8,60.60324224158312,1782.0,341.6,39.3,5.6,argiloso,pastagem,alta,0,deslizamento,0,MÉDIO,6,inverno,Sudeste_Montanhoso_Litoraneo
Z_1919_SUL,-22.04125,-50.41098,2023-06-15 00:00:00,135.4,14.5,33.72818824164278,1778.7,362.5,8.8,15.5,argiloso,pastagem,alta,0,nenhum,0,MUITO BAIXO,6,inverno,Sul_Campos_Planalto
Z_1920_NOR,-16.8531,-38.41221,2023-01-08 00:00:00,53.0,36.1,63.7,204.8,615.2,24.7,20.0,rochoso,rural,alta,0,nenhum,0,MUITO BAIXO,1,verao,Nordeste_Sertao
Z_1921_SUL,-23.13021,-52.97164,2024-01-26 00:00:00,86.7,7.5,84.9,2606.4,252.1,3.7,26.8,organico,pastagem,baixa,1,seca,0,BAIXO,1,verao,Sul_Campos_Planalto
Z_1922_SUL,-31.72529,-50.71741,2023-03-02 00:00:00,108.2,10.9,41.7,3739.9,799.6,2.5,15.5,organico,pastagem,media,0,nenhum,0,MUITO BAIXO,3,outono,Sul_Campos_Planalto
Z_1923_SUL,-23.89744,-49.51808,2023-05-25 00:00:00,217.7,17.7,76.0,3141.1,595.4,3.4,5.0,argiloso,floresta,baixa,0,nenhum,0,MUITO BAIXO,5,outono,Sul_Campos_Planalto
Z_1924_CEN,-21.5548,-50.64088,2023-04-26 00:00:00,151.7,31.0,32.2,360.1,962.0,18.2,1.9,latossolo,rural,baixa,0,inundação,0,BAIXO,4,outono,CentroOeste_Cerrado_Pantanal
Z_1925_NOR,2.93757,-66.36404,2023-04-05 00:00:00,417.1,27.1,81.2,1609.5,222.0,15.4,47.3,organico,floresta,media,0,incêndio,0,BAIXO,4,outono,Norte_Amazonia
Z_1926_CEN,-17.25014,-59.7136,2023-05-07 00:00:00,65.2,29.0,81.9,332.6,93.3,22.1,4.6,arenoso,pastagem,alta,0,nenhum,0,MUITO BAIXO,5,outono,CentroOeste_Cerrado_Pantanal
Z_1927_SUD,-18.38759,-47.64524,2023-07-10 00:00:00,186.8,30.4,55.619897763918615,4215.4,1563.7,46.3,16.6,argiloso,urbano,alta,0,deslizamento,0,MÉDIO,7,inverno,Sudeste_Montanhoso_Litoraneo
Z_1928_NOR,2.38542,-48.80238,2023-02-07 00:00:00,296.7,26.2,70.7,3154.6,438.9,1.3,15.2,arenoso,floresta,baixa,1,nenhum,0,MUITO BAIXO,2,verao,Norte_Amazonia
Z_1929_SUD,-22.50297,-40.52431,2024-06-08 00:00:00,144.7,15.4,29.585849089304734,1642.6,1473.2,46.1,28.2,rochoso,urbano,alta,0,inundação,0,BAIXO,6,inverno,Sudeste_Montanhoso_Litoraneo
Z_1930_SUL,-22.89945,-48.15032,2023-10-07 00:00:00,170.1,17.6,49.1,4546.9,1325.3,18.2,20.9,organico,urbano,alta,0,nenhum,0,MUITO BAIXO,10,primavera,Sul_Campos_Planalto
Z_1931_NOR,3.33868,-72.50051,2023-06-05 00:00:00,324.4,27.3,78.9,3320.7,114.4,17.6,21.1,argiloso,rural,baixa,0,incêndio,0,BAIXO,6,inverno,Norte_Amazonia
Z_1932_CEN,-20.29227,-52.73071,2023-06-20 00:00:00,27.1,35.0,15.03604820585188,266.9,411.4,2.2,4.6,arenoso,area_umida,media,0,incêndio,1,MÉDIO,6,inverno,CentroOeste_Cerrado_Pantanal
Z_1933_CEN,-14.45721,-58.15642,2023-10-30 00:00:00,177.9,35.2,58.5,311.2,341.9,1.1,15.9,arenoso,area_umida,alta,0,nenhum,0,MUITO BAIXO,10,primavera,CentroOeste_Cerrado_Pantanal
Z_1934_SUD,-21.81938,-44.9515,2023-11-18 00:00:00,310.9,19.5,71.7,3961.0,2383.3,42.6,25.3,organico,urbano,alta,0,nenhum,0,MUITO BAIXO,11,primavera,Sudeste_Montanhoso_Litoraneo
Z_1935_SUD,-18.65987,-40.06995,2023-05-04 00:00:00,278.7,21.8,64.6,231.5,145.6,37.6,26.8,rochoso,urbano,alta,0,deslizamento,0,BAIXO,5,outono,Sudeste_Montanhoso_Litoraneo
Z_1936_NOR,-12.19531,-44.75394,2024-12-13 00:00:00,67.7,37.3,37.7,371.4,492.9,20.1,7.0,argiloso_seco,rural,media,0,nenhum,0,MUITO BAIXO,12,verao,Nordeste_Sertao
Z_1937_SUL,-23.72981,-48.54439,2023-02-05 00:00:00,187.5,15.3,70.2,4961.9,817.9,25.1,21.4,argiloso,urbano,alta,0,deslizamento,0,MÉDIO,2,verao,Sul_Campos_Planalto
Z_1938_SUD,-23.08363,-40.13309,2024-06-28 00:00:00,295.6,31.4,39.4911355509161,634.4,2269.2,32.2,7.8,rochoso,floresta,media,1,vendaval,0,BAIXO,6,inverno,Sudeste_Montanhoso_Litoraneo
Z_1939_SUL,-25.16445,-51.72256,2024-06-15 00:00:00,102.1,23.0,55.76660313940167,3334.2,1099.8,13.3,23.0,argiloso,urbano,alta,0,inundação,0,BAIXO,6,inverno,Sul_Campos_Planalto
Z_1940_SUL,-33.67866,-49.22271,2024-04-18 00:00:00,87.7,14.0,78.8,1399.6,997.7,13.0,1.9,arenoso_argiloso,urbano,media,0,seca,0,BAIXO,4,outono,Sul_Campos_Planalto
Z_1941_SUL,-30.00064,-55.00617,2023-02-26 00:00:00,84.5,12.2,82.1,3204.4,1702.7,37.1,11.5,argiloso,pastagem,alta,0,nenhum,0,MUITO BAIXO,2,verao,Sul_Campos_Planalto
Z_1942_NOR,-4.5403,-41.47492,2024-08-22 00:00:00,3.4,21.4,10.0,338.3,941.0,7.5,20.3,arenoso,rural,alta,0,incêndio,0,BAIXO,8,inverno,Nordeste_Sertao
Z_1943_NOR,-5.87162,-42.5,2024-06-20 00:00:00,1.1,41.9,10.0,364.1,642.6,27.7,6.2,rochoso,pastagem,baixa,0,incêndio,1,ALTO,6,inverno,Nordeste_Sertao
Z_1944_NOR,1.56611,-71.18901,2024-05-16 00:00:00,241.8,25.4,86.1,2312.1,430.4,15.2,39.3,organico,area_umida,baixa,0,vendaval,0,BAIXO,5,outono,Norte_Amazonia
Z_1945_SUD,-19.2861,-39.56429,2024-01-04 00:00:00,171.8,31.4,51.4,2172.9,1305.6,38.2,17.1,argiloso,floresta,baixa,0,deslizamento,0,MÉDIO,1,verao,Sudeste_Montanhoso_Litoraneo
Z_1946_NOR,-5.60077,-71.78704,2024-01-13 00:00:00,366.7,23.8,88.9,4209.9,20.3,8.3,0.9,argiloso,area_umida,baixa,0,inundação,1,ALTO,1,verao,Norte_Amazonia
Z_1947_CEN,-23.94971,-60.176,2024-11-19 00:00:00,117.5,22.7,36.5,458.8,408.9,4.6,2.2,argiloso,pastagem,media,0,incêndio,0,BAIXO,11,primavera,CentroOeste_Cerrado_Pantanal
Z_1948_NOR,-2.56986,-38.19606,2024-07-24 00:00:00,12.4,36.2,10.0,74.5,226.6,5.8,9.7,arenoso,pastagem,media,0,incêndio,1,ALTO,7,inverno,Nordeste_Sertao
Z_1949_NOR,-3.15084,-39.58002,2024-02-13 00:00:00,84.0,30.5,41.4,312.2,694.7,6.3,18.9,argiloso_seco,pastagem,alta,0,incêndio,0,BAIXO,2,verao,Nordeste_Sertao
Z_1950_SUL,-27.70761,-48.21178,2023-10-06 00:00:00,94.7,5.8,49.2,4917.3,352.6,16.7,24.9,argiloso,floresta,media,0,inundação,0,BAIXO,10,primavera,Sul_Campos_Planalto
Z_1951_NOR,2.77644,-62.04895,2024-01-01 00:00:00,375.6,35.5,77.9,1203.6,482.6,0.0,45.4,argiloso,rural,baixa,1,inundação,0,BAIXO,1,verao,Norte_Amazonia
Z_1952_SUD,-20.54772,-48.64482,2023-05-27 00:00:00,197.1,21.9,75.3,2286.4,2124.0,25.3,5.2,argiloso,rural,media,0,deslizamento,0,MÉDIO,5,outono,Sudeste_Montanhoso_Litoraneo
Z_1953_NOR,-7.41718,-59.78224,2023-02-01 00:00:00,163.3,26.2,73.4,4213.3,470.5,11.6,24.2,argiloso,floresta,baixa,0,vendaval,0,MÉDIO,2,verao,Norte_Amazonia
Z_1954_NOR,-6.31196,-42.83276,2023-10-27 00:00:00,19.6,35.2,28.4,429.6,224.4,28.1,2.5,arenoso,pastagem,baixa,0,incêndio,1,MÉDIO,10,primavera,Nordeste_Sertao
Z_1955_NOR,-8.85492,-63.66543,2023-03-06 00:00:00,319.7,27.7,81.9,3435.9,492.8,2.4,29.4,organico,floresta,media,0,incêndio,0,BAIXO,3,outono,Norte_Amazonia
Z_1956_NOR,-6.46289,-61.40403,2023-04-11 00:00:00,354.9,25.5,73.9,3922.9,34.1,15.7,51.0,argiloso,area_umida,media,0,nenhum,0,MUITO BAIXO,4,outono,Norte_Amazonia
Z_1957_SUD,-19.56647,-39.9554,2024-04-18 00:00:00,206.3,32.2,60.4,1672.6,1076.6,30.0,12.9,rochoso,pastagem,media,0,deslizamento,0,BAIXO,4,outono,Sudeste_Montanhoso_Litoraneo
Z_1958_NOR,-5.83993,-53.29499,2024-02-09 00:00:00,177.4,22.1,82.1,1223.3,415.9,4.0,46.0,organico,urbano,alta,0,incêndio,0,BAIXO,2,verao,Norte_Amazonia
Z_1959_NOR,-2.36464,-58.39041,2024-01-08 00:00:00,421.3,35.7,81.9,3784.1,263.5,15.1,69.8,organico,floresta,media,1,nenhum,0,MUITO BAIXO,1,verao,Norte_Amazonia
Z_1960_SUL,-26.81248,-49.10938,2024-04-07 00:00:00,170.5,20.1,89.8,4238.6,624.4,23.6,19.1,organico,floresta,baixa,1,nenhum,0,MUITO BAIXO,4,outono,Sul_Campos_Planalto
Z_1961_SUD,-21.26387,-44.92551,2024-01-15 00:00:00,225.6,21.9,58.0,4038.9,35.8,34.3,6.4,rochoso,pastagem,media,0,nenhum,0,MUITO BAIXO,1,verao,Sudeste_Montanhoso_Litoraneo
Z_1962_SUL,-31.41948,-57.75604,2023-04-03 00:00:00,219.6,16.9,48.8,3043.0,1029.0,35.9,2.6,argiloso,urbano,alta,0,nenhum,0,MUITO BAIXO,4,outono,Sul_Campos_Planalto
Z_1963_SUD,-22.16511,-39.6163,2024-05-21 00:00:00,225.2,20.8,66.8,1816.9,1372.5,49.7,20.9,rochoso,rural,media,0,nenhum,0,MUITO BAIXO,5,outono,Sudeste_Montanhoso_Litoraneo
Z_1964_NOR,-5.82943,-49.05958,2024-04-29 00:00:00,298.4,24.9,82.0,3109.0,53.0,16.4,79.0,arenoso,area_umida,baixa,0,nenhum,0,MUITO BAIXO,4,outono,Norte_Amazonia
Z_1965_NOR,-2.36739,-51.01985,2024-02-15 00:00:00,170.8,33.8,72.7,572.2,279.0,19.3,24.6,argiloso,rural,media,2,nenhum,0,MUITO BAIXO,2,verao,Norte_Amazonia
Z_1966_NOR,2.22006,-70.83162,2023-07-12 00:00:00,315.1,37.3,86.2,1143.9,430.4,14.0,65.3,arenoso,urbano,alta,0,vendaval,0,BAIXO,7,inverno,Norte_Amazonia
Z_1967_SUL,-28.80098,-56.25923,2023-10-21 00:00:00,162.9,27.5,60.4,2359.8,1342.0,23.3,11.6,argiloso,pastagem,baixa,0,nenhum,0,MUITO BAIXO,10,primavera,Sul_Campos_Planalto
Z_1968_NOR,-17.06884,-43.31296,2024-03-25 00:00:00,63.1,34.8,69.9,462.6,758.9,27.1,14.4,argiloso_seco,rural,media,0,nenhum,0,MUITO BAIXO,3,outono,Nordeste_Sertao
Z_1969_NOR,-2.38151,-37.18806,2024-01-14 00:00:00,78.6,37.9,49.5,245.1,785.9,15.2,21.3,arenoso,rural,alta,0,seca,0,BAIXO,1,verao,Nordeste_Sertao
Z_1970_NOR,-4.16787,-54.97829,2023-11-08 00:00:00,184.7,31.3,81.6,1989.4,85.6,17.3,26.1,organico,rural,baixa,0,nenhum,0,MUITO BAIXO,11,primavera,Norte_Amazonia
Z_1971_CEN,-22.41642,-51.95453,2024-07-03 00:00:00,16.4,19.1,18.78158744974961,276.3,1175.2,8.8,7.4,argiloso,pastagem,alta,0,seca,0,BAIXO,7,inverno,CentroOeste_Cerrado_Pantanal
Z_1972_NOR,-11.79516,-42.02771,2024-10-02 00:00:00,45.9,26.3,37.0,95.1,939.3,20.6,13.7,argiloso_seco,rural,alta,1,seca,0,BAIXO,10,primavera,Nordeste_Sertao
Z_1973_CEN,-23.85213,-54.31698,2024-09-29 00:00:00,109.8,30.3,35.5,49.6,748.5,6.5,29.8,latossolo,floresta,media,0,incêndio,0,BAIXO,9,primavera,CentroOeste_Cerrado_Pantanal
Z_1974_NOR,-9.08881,-38.91148,2023-11-18 00:00:00,56.7,23.3,41.5,153.2,562.2,1.4,24.0,argiloso_seco,pastagem,alta,0,nenhum,0,MUITO BAIXO,11,primavera,Nordeste_Sertao
Z_1975_NOR,-3.32439,-39.59484,2023-08-19 00:00:00,10.2,39.9,31.90272263425986,385.8,330.1,11.9,0.8,arenoso,rural,baixa,0,incêndio,0,MÉDIO,8,inverno,Nordeste_Sertao
Z_1976_SUL,-32.08611,-54.8475,2023-12-14 00:00:00,73.2,21.6,58.8,4038.2,526.4,10.1,17.3,organico,urbano,alta,0,seca,0,BAIXO,12,verao,Sul_Campos_Planalto
Z_1977_NOR,-6.45772,-40.3683,2024-03-20 00:00:00,82.5,23.7,48.8,329.7,106.2,23.1,18.3,rochoso,pastagem,alta,0,seca,0,BAIXO,3,outono,Nordeste_Sertao
Z_1978_NOR,-6.9077,-49.05294,2023-03-04 00:00:00,244.3,33.4,94.9,4804.2,354.3,4.7,1.1,organico,floresta,baixa,0,inundação,0,MÉDIO,3,outono,Norte_Amazonia
Z_1979_NOR,-6.18064,-38.18259,2024-10-11 00:00:00,68.0,40.7,59.0,262.2,152.2,5.1,11.6,arenoso,rural,baixa,0,incêndio,0,BAIXO,10,primavera,Nordeste_Sertao
Z_1980_SUD,-20.94815,-41.79169,2023-04-15 00:00:00,193.1,34.7,65.3,3619.5,1677.9,27.2,3.0,rochoso,rural,baixa,0,deslizamento,0,BAIXO,4,outono,Sudeste_Montanhoso_Litoraneo
Z_1981_NOR,-5.88425,-70.46208,2023-01-29 00:00:00,446.7,34.8,75.2,1267.8,441.2,14.8,28.2,arenoso,area_umida,baixa,1,inundação,1,MÉDIO,1,verao,Norte_Amazonia
Z_1982_SUD,-24.24183,-44.92758,2024-10-10 00:00:00,299.4,20.6,78.8,3407.2,2227.0,39.4,4.1,organico,pastagem,alta,0,deslizamento,1,ALTO,10,primavera,Sudeste_Montanhoso_Litoraneo
Z_1983_SUD,-24.45169,-45.23759,2024-04-21 00:00:00,344.2,15.7,79.4,1520.7,249.7,10.5,21.9,rochoso,pastagem,alta,0,deslizamento,0,BAIXO,4,outono,Sudeste_Montanhoso_Litoraneo
Z_1984_SUD,-20.21888,-45.11708,2023-01-29 00:00:00,142.2,22.3,84.6,4633.3,217.1,16.4,18.1,rochoso,urbano,alta,0,inundação,0,BAIXO,1,verao,Sudeste_Montanhoso_Litoraneo
Z_1985_NOR,-3.72967,-57.0893,2023-08-26 00:00:00,252.5,38.0,90.4,3324.8,287.2,15.3,39.8,argiloso,floresta,baixa,0,inundação,0,BAIXO,8,inverno,Norte_Amazonia
Z_1986_NOR,2.09739,-57.47526,2023-07-31 00:00:00,404.0,34.9,90.5,3004.9,224.8,4.2,68.2,arenoso,urbano,alta,0,nenhum,0,MUITO BAIXO,7,inverno,Norte_Amazonia
Z_1987_SUL,-25.71548,-53.65441,2023-02-05 00:00:00,70.5,12.7,61.7,530.0,864.6,9.0,16.7,organico,floresta,baixa,0,nenhum,0,MUITO BAIXO,2,verao,Sul_Campos_Planalto
Z_1988_NOR,-7.58634,-68.87287,2024-12-21 00:00:00,247.3,32.4,88.5,4525.3,130.7,7.7,42.8,argiloso,floresta,baixa,0,incêndio,0,BAIXO,12,verao,Norte_Amazonia
Z_1989_SUD,-22.46286,-42.60443,2023-01-12 00:00:00,337.2,21.2,77.5,966.3,433.1,35.3,6.0,rochoso,urbano,alta,0,nenhum,0,MUITO BAIXO,1,verao,Sudeste_Montanhoso_Litoraneo
Z_1990_SUL,-31.56271,-51.73365,2023-09-25 00:00:00,249.7,5.4,60.8,4436.8,183.4,1.9,26.6,organico,floresta,media,0,nenhum,0,MUITO BAIXO,9,primavera,Sul_Campos_Planalto
Z_1991_CEN,-11.07638,-59.73757,2024-04-21 00:00:00,123.8,30.3,34.8,232.1,329.6,17.1,24.0,argiloso,rural,alta,0,nenhum,0,MUITO BAIXO,4,outono,CentroOeste_Cerrado_Pantanal
Z_1992_SUD,-22.45945,-48.30104,2023-07-03 00:00:00,306.8,21.8,68.1500087352853,3098.5,2025.5,19.7,22.4,argiloso,urbano,media,0,vendaval,0,BAIXO,7,inverno,Sudeste_Montanhoso_Litoraneo
Z_1993_SUL,-22.87405,-54.66667,2023-02-27 00:00:00,239.9,28.7,84.2,4821.0,60.7,26.8,8.1,arenoso_argiloso,floresta,baixa,0,nenhum,0,MUITO BAIXO,2,verao,Sul_Campos_Planalto
Z_1994_NOR,-2.08032,-63.64347,2023-03-09 00:00:00,356.7,36.1,76.0,4335.9,167.7,2.2,8.3,arenoso,floresta,media,0,inundação,0,BAIXO,3,outono,Norte_Amazonia
Z_1995_CEN,-21.37338,-52.91934,2024-04-18 00:00:00,76.0,36.7,35.3,129.2,1074.3,20.1,28.6,arenoso,floresta,baixa,0,nenhum,0,MUITO BAIXO,4,outono,CentroOeste_Cerrado_Pantanal
Z_1996_SUD,-18.05383,-40.63516,2024-01-05 00:00:00,186.8,15.8,70.7,2833.1,2212.4,19.9,17.1,rochoso,pastagem,baixa,0,inundação,0,BAIXO,1,verao,Sudeste_Montanhoso_Litoraneo
Z_1997_SUL,-22.71891,-55.10891,2024-01-31 00:00:00,161.8,27.7,44.2,3638.3,1431.6,32.0,13.7,argiloso,rural,alta,0,deslizamento,0,MÉDIO,1,verao,Sul_Campos_Planalto
Z_1998_NOR,-7.68138,-66.18306,2023-07-10 00:00:00,228.5,34.3,96.1,4931.0,94.3,2.0,18.8,argiloso,floresta,media,0,inundação,0,MÉDIO,7,inverno,Norte_Amazonia
Z_1999_NOR,-1.77083,-59.23808,2024-05-11 00:00:00,432.6,35.7,78.8,1343.5,283.9,9.9,23.0,argiloso,floresta,media,0,nenhum,0,MUITO BAIXO,5,outono,Norte_Amazonia
Z_2000_SUL,-30.11414,-55.45928,2023-12-05 00:00:00,95.3,10.6,60.1,4199.3,959.6,35.7,3.7,organico,urbano,alta,0,nenhum,0,MUITO BAIXO,12,verao,Sul_Campos_Planalto
,-23.453384,-46.551007,2025-06-07 19:47:33,150.5,38.4,,15000,760,15,5.6,,Urbano,Alto,Baixa,,0,Médio,10,Verão,Sudeste
111,-23.453385,-46.551024,2025-06-07 19:49:28,150.5,38.4,90,15000,760,15,5.6,Argiloso,Urbano,Alto,Baixa,Deslizamento,5,Médio,10,Verão,Sudeste
